OBJ_STATUS_,OBJ_IDENTIF,NAME,MIN_X_AXIS_,MAX_X_AXIS_,MIN_Y_AXIS_,MAX_Y_AXIS_,OBJECTID_1,NWS_ID,AREA,PERIMETER
"0","1",NPTC2LN5,-104.5250888016,-104.5069160255,38.1243237796,38.1394679354,"1",NPTC2L,99999.0000000000,5123.7299000000
"0","2",JRLK1,-96.2858306461,-95.7139814624,38.1651260271,38.4330708768,"2",JRLK1,99999.0000000000,99999.0000000000
"0","3",BRLK1,-95.7728854937,-95.7006226596,38.1921661672,38.2692684678,"3",BRLK1,99999.0000000000,24757.5990000000
"0","4",LRYK1,-96.0140158839,-95.5678509827,37.9161845150,38.3787477966,"4",LRYK1,99999.0000000000,99999.0000000000
"0","5",IOLK1,-95.6724753310,-95.1503086632,37.9161065251,38.2650375879,"5",IOLK1,99999.0000000000,99999.0000000000
"0","6",CNUK1,-95.8827075046,-95.1746923853,37.7144610245,38.0234519932,"6",CNUK1,99999.0000000000,99999.0000000000
"0","7",EREK1,-95.6161006291,-95.0904788720,37.4859478917,37.9196096087,"7",EREK1,99999.0000000000,99999.0000000000
"0","8",PPFK1,-95.3622766432,-94.9063448899,37.3401209065,37.7475432799,"8",PPFK1,99999.0000000000,99999.0000000000
"0","9",OSWK1,-95.2057857121,-94.9687589426,37.1712095211,37.5465998118,"9",OSWK1,99999.0000000000,99999.0000000000
"0","10",MCNK1,-95.0630415632,-94.8052287636,37.2703902085,37.6385084961,"10",MCNK1,99999.0000000000,99999.0000000000
"0","11",NSOK1,-95.1110051809,-94.9401119937,37.1647264287,37.2936578890,"11",NSOK1,99999.0000000000,67647.5000000000
"0","12",OSLK1,-95.4642081864,-95.1408244488,37.1632100139,37.5187609962,"12",OSLK1,99999.0000000000,99999.0000000000
"0","13",COMO2,-95.3681393059,-94.7873089949,36.8842369118,37.3456676925,"13",COMO2,99999.0000000000,99999.0000000000
"0","14",SLAM7,-94.0636872346,-93.5827873184,36.8920073174,37.2327531513,"14",SLAM7,99999.0000000000,99999.0000000000
"0","15",CHTM7,-94.3159940724,-93.8744953522,37.0478001475,37.2830969443,"15",CHTM7,99999.0000000000,99999.0000000000
"0","16",WCOM7,-94.6152183311,-93.9160341474,37.1447465368,37.5952663491,"16",WCOM7,99999.0000000000,99999.0000000000
"0","17",JOPM7,-94.5333994013,-93.8322003902,36.6417729208,37.0561057683,"17",JOPM7,99999.0000000000,99999.0000000000
"0","18",BXTK1,-94.8832144584,-93.8411745359,36.9366905992,37.6088827778,"18",BXTK1,99999.0000000000,99999.0000000000
"0","19",QUAO2,-94.7823310558,-94.5106718744,36.9225569154,37.0298256565,"19",QUAO2,99999.0000000000,84034.7960000000
"0","20",BSGM7,-94.2225769992,-93.9046897535,36.4340347479,36.6233390976,"20",BSGM7,99999.0000000000,99999.0000000000
"0","21",LSGM7,-94.3810916698,-93.9270544859,36.3520078061,36.5985951968,"21",LSGM7,99999.0000000000,99999.0000000000
"0","22",INCM7,-94.4755623090,-94.0257823788,36.5978506029,36.8787618312,"22",INCM7,99999.0000000000,99999.0000000000
"0","23",TIFM7,-94.6004720094,-93.9619366812,36.4168898824,36.7239617532,"23",TIFM7,99999.0000000000,99999.0000000000
"0","24",PENO2,-95.0804179565,-94.3484319377,36.4021748954,37.0726284588,"24",PENO2,99999.0000000000,99999.0000000000
"0","25",SPAO2,-95.0683400669,-94.2872012680,36.2164427112,36.4700803772,"26",SPAO2,99999.0000000000,99999.0000000000
"0","26",MFDO2,-95.3603071233,-94.8152264487,36.1897953834,36.9913751293,"27",MFDO2,99999.0000000000,99999.0000000000
"0","27",AVTO2,-96.5743863372,-96.0498842419,36.4311070661,36.8673470412,"28",AVTO2,99999.0000000000,99999.0000000000
"0","28",SKLO2,-96.5924898962,-96.0858667681,36.2649759627,36.6665984551,"29",SKLO2,99999.0000000000,99999.0000000000
"0","29",SPEO2,-96.1399947677,-95.8797810239,36.2720490701,36.6633324592,"30",SPEO2,99999.0000000000,99999.0000000000
"0","30",OWSO2,-96.1908541078,-95.8627472448,36.1327543684,36.3060523771,"31",OWSO2,99999.0000000000,99999.0000000000
"0","31",CATO2,-95.9329033928,-95.6320435347,36.0595863360,36.3338606578,"32",CATO2,99999.0000000000,99999.0000000000
"0","32",INOO2,-95.8046842411,-95.4290131487,36.0910333868,36.4764648990,"33",INOO2,99999.0000000000,99999.0000000000
"0","33",ELMA4,-94.3722996902,-94.0894740809,36.1698670012,36.3730848354,"34",ELMA4,99999.0000000000,99999.0000000000
"0","34",SVYA4,-94.4678901051,-94.1864984387,35.8498788002,36.1107747656,"35",SVYA4,99999.0000000000,99999.0000000000
"0","35",SLSA4,-94.4974372009,-94.0658256859,36.0619453811,36.2895693504,"36",SLSA4,99999.0000000000,99999.0000000000
"0","36",WTTO2,-94.6274722305,-94.3941577703,35.9179306146,36.1751897904,"37",WTTO2,99999.0000000000,99999.0000000000
"0","37",WSCO2,-94.6069842543,-94.4690432156,36.1629599707,36.2355085312,"38",WSCO2,99999.0000000000,38166.5000000000
"0","38",KNSO2,-94.7401984872,-94.3555795263,36.1773947418,36.3190525026,"39",KNSO2,99999.0000000000,99999.0000000000
"0","39",TALO2,-94.9691548553,-94.7294690622,35.9129605231,36.1911291749,"40",TALO2,99999.0000000000,99999.0000000000
"0","40",ELDO2,-94.8510721989,-94.3554610736,35.7359030477,36.1019663380,"41",ELDO2,99999.0000000000,99999.0000000000
"0","41",TENO2,-95.1038138711,-94.6007945134,35.5911712086,35.9701284850,"42",TENO2,99999.0000000000,99999.0000000000
"0","42",TLSO2,-96.2662775284,-95.9813385174,36.0491127708,36.2317268029,"43",TLSO2,99999.0000000000,97119.6010000000
"0","43",HEYO2,-96.5387936331,-96.2527740476,35.8936025221,36.0547692259,"44",HEYO2,99999.0000000000,96508.7960000000
"0","44",SPCO2,-96.3335089172,-96.0169558776,35.8304938983,36.0097617008,"45",SPCO2,99999.0000000000,99999.0000000000
"0","45",SPCO2B,-96.2918848518,-96.1093609974,35.9483696983,36.1140221200,"46",SPCO2,99999.0000000000,69477.7960000000
"0","46",JNKO2,-96.1177713650,-95.9931300797,35.9599778110,36.0928375374,"47",JNKO2,99999.0000000000,51685.6010000000
"0","47",HSKO2,-96.1322206039,-95.5896528885,35.7105024798,36.1678606264,"48",HSKO2,99999.0000000000,99999.0000000000
"0","48",GIBO2,-95.5005558913,-94.7742987755,35.8516870434,36.6489486622,"49",GIBO2,99999.0000000000,99999.0000000000
"0","49",MKGO2,-95.8824258032,-95.1573632921,35.5803333557,35.9207081734,"50",MKGO2,99999.0000000000,99999.0000000000
"0","50",WAGO2,-95.8065078065,-95.3513530684,35.8438394884,36.2165992935,"51",WAGO2,99999.0000000000,99999.0000000000
"0","51",WFLO2,-95.4475900731,-94.9620265307,35.5522170281,35.8983829904,"52",WFLO2,99999.0000000000,99999.0000000000
"0","52",MLBK1,-97.4314563720,-97.0633359589,38.3524140517,38.5991828771,"53",MLBK1,99999.0000000000,99999.0000000000
"0","53",FLRK1,-97.3788120929,-96.8581248640,38.0918325888,38.5982687718,"54",FLRK1,99999.0000000000,99999.0000000000
"0","54",CTWK1,-96.9504892787,-96.5037628133,38.0541269756,38.6726924400,"55",CTWK1,99999.0000000000,99999.0000000000
"0","55",PLYK1,-96.6912276252,-96.3476829441,38.0235005706,38.5116378674,"56",PLYK1,99999.0000000000,99999.0000000000
"0","56",CNGK1,-96.8130447608,-96.3228472683,38.6317526991,38.8702947920,"57",CNGK1,99999.0000000000,99999.0000000000
"0","57",RCDK1,-96.4107150861,-96.1965234430,38.6102436353,38.8353756563,"58",RCDK1,99999.0000000000,87406.5000000000
"0","58",DUNK1,-96.7119860271,-96.3472719761,38.5251916954,38.7506083661,"59",DUNK1,99999.0000000000,99999.0000000000
"0","59",AMCK1,-96.5150698206,-96.2466448755,38.4627656628,38.6463314962,"60",AMCK1,99999.0000000000,94659.3980000000
"0","60",EPRK1,-96.2722978690,-96.2066317721,38.4277945281,38.4743248978,"61",EPRK1,99999.0000000000,18558.6990000000
"0","61",NEOK1,-96.2950797730,-95.9450168149,38.2749127577,38.7018948617,"62",NEOK1,99999.0000000000,99999.0000000000
"0","62",APLA4,-93.4821148546,-92.8951313972,34.7671944707,34.9901676326,"63",APLA4,99999.0000000000,99999.0000000000
"0","63",BMTA4,-94.2823367430,-93.6428716666,34.9408722779,35.2527760816,"64",BMTA4,99999.0000000000,99999.0000000000
"0","64",CONA4,-92.4762441712,-92.1587136965,34.9513776567,35.1302819188,"65",CONA4,99999.0000000000,99999.0000000000
"0","65",DANA4,-93.7046372096,-93.3815316775,34.9609677981,35.1937949162,"66",DANA4,99999.0000000000,99999.0000000000
"0","66",DARA4,-93.3764974957,-92.7767284162,35.2122607320,35.7727107853,"67",DARA4,99999.0000000000,99999.0000000000
"0","67",DARA4B,-93.6300167513,-93.1342314590,35.1542318401,35.7316639976,"68",DARA4,99999.0000000000,99999.0000000000
"0","68",DARA4C,-94.0567630266,-93.3828961851,35.1633265716,35.6431929194,"69",DARA4,99999.0000000000,99999.0000000000
"0","69",DTLA4,-92.3013327289,-92.1179706706,34.6626129560,34.8112222360,"70",PBFA4,99999.0000000000,69013.2960000000
"0","70",DVRA4,-93.4682412127,-93.0590062707,35.4957308467,35.8532081794,"71",DVRA4,99999.0000000000,99999.0000000000
"0","71",GRVA4,-94.3498966210,-93.6329362740,34.6607235234,34.9275352329,"72",GRVA4,99999.0000000000,99999.0000000000
"0","72",HUSA4,-93.0248373440,-92.6911409321,34.9034233249,35.0572999129,"73",HUSA4,99999.0000000000,99999.0000000000
"0","73",KERO2,-95.0920267114,-94.5973549971,35.2769577675,35.8115788853,"74",KERO2,99999.0000000000,99999.0000000000
"0","74",KERO2B,-95.5291368741,-94.8524807475,34.9883267992,35.3475338233,"75",KERO2,99999.0000000000,99999.0000000000
"0","75",KERO2C,-95.6535407254,-94.9492517371,35.1833343394,35.7020564222,"76",KERO2,99999.0000000000,99999.0000000000
"0","76",LITA4,-92.7576451454,-92.2493457923,34.7377580779,35.1153660097,"77",LITA4,99999.0000000000,99999.0000000000
"0","77",LLCO2,-94.6913501948,-94.5029318876,35.5731109636,35.8054194379,"78",LLCO2,99999.0000000000,92483.0000000000
"0","78",LNDA4,-92.5863810968,-92.0449580891,34.4086691730,34.7978741737,"79",PBFA4,99999.0000000000,99999.0000000000
"0","79",MAUA4,-92.9761481018,-92.4837412211,34.8190241429,34.9417153613,"80",MAUA4,99999.0000000000,99999.0000000000
"0","80",MLBA4,-94.0773450310,-93.4019303185,35.5730205102,35.8682323607,"81",MLBA4,99999.0000000000,99999.0000000000
"0","81",MORA4,-93.0842740895,-92.4748103653,35.1117580394,35.5492503361,"82",MORA4,99999.0000000000,99999.0000000000
"0","82",MORA4S,-93.4966408929,-92.7692451707,34.9830078582,35.3142551772,"83",MORA4,99999.0000000000,99999.0000000000
"0","83",NMLA4,-93.7268463323,-93.1400425538,34.7681778147,35.0511954964,"84",NMLA4,99999.0000000000,99999.0000000000
"0","84",OZGA4,-94.1964529985,-93.6686055633,35.4074629300,35.6580401143,"85",OZGA4,99999.0000000000,99999.0000000000
"0","85",OZGA4S,-94.4090449177,-93.8923835140,35.1375398827,35.8331064027,"86",OZGA4,99999.0000000000,99999.0000000000
"0","86",PANO2,-94.7128431974,-94.3491849744,35.0267127116,35.2249484344,"87",PANO2,99999.0000000000,99999.0000000000
"0","87",PANO2B,-95.1763238930,-94.6705696815,34.9637850789,35.2176397610,"88",PANO2,99999.0000000000,99999.0000000000
"0","88",PBFA4,-92.1697099426,-91.9751149548,34.2822592955,34.4273318881,"89",PBFA4,99999.0000000000,75247.0000000000
"0","89",PTAO2,-94.9006678321,-94.3703320970,34.8800031898,35.0757796257,"90",PTAO2,99999.0000000000,99999.0000000000
"0","90",SHRO2,-94.5342668899,-94.1404194530,35.5658070736,35.9059175468,"91",SHRO2,99999.0000000000,99999.0000000000
"0","91",TODA4,-92.9895507596,-91.9924859619,35.0071625613,35.5191508665,"92",TODA4,99999.0000000000,99999.0000000000
"0","92",VBRA4,-94.6403815272,-94.3490085570,35.4571142575,35.6458739707,"93",VBRA4,99999.0000000000,99999.0000000000
"0","93",VBUA4,-94.7618286586,-94.3393434855,35.1640311481,35.5961866740,"94",VBUA4,99999.0000000000,99999.0000000000
"0","94",WLTA4,-94.0096697680,-93.6055378295,34.8583262161,35.0181007645,"95",WLTA4,99999.0000000000,98337.7960000000
"0","95",WSLO2,-95.3953014239,-94.6678328367,34.7406509390,35.0351288876,"96",WSLO2,99999.0000000000,99999.0000000000
"0","96",WSLO2B,-94.8122607277,-94.2825129615,34.6790152616,34.9251080176,"97",WSLO2,99999.0000000000,99999.0000000000
"0","97",ATOK1,-96.0703095141,-95.5677616468,37.5292766735,37.9030341664,"98",ATOK1,99999.0000000000,99999.0000000000
"0","98",BIGK1,-95.4780781950,-95.3836374610,37.2656154283,37.4776738621,"99",BIGK1,99999.0000000000,64463.6010000000
"0","99",CFVK1,-95.7886464333,-95.4068211352,37.0611043404,37.4536532020,"100",CFVK1,99999.0000000000,99999.0000000000
"0","100",ECLK1,-96.5387820831,-95.7588129870,37.1759383195,37.6289555032,"101",ECLK1,99999.0000000000,99999.0000000000
"0","101",FLLK1,-96.5859904441,-96.0331664102,37.5920616416,38.0941623792,"102",FLLK1,99999.0000000000,99999.0000000000
"0","102",FRNK1,-96.3110703799,-95.7746325245,37.4303399312,37.7018299472,"103",FRNK1,99999.0000000000,99999.0000000000
"0","103",IDPK1,-95.8491190395,-95.4586681776,37.2209246354,37.6337880286,"104",IDPK1,99999.0000000000,99999.0000000000
"0","104",LEPO2,-95.9084259717,-95.3077637031,36.8465987021,37.2939939156,"105",LEPO2,99999.0000000000,99999.0000000000
"0","105",TRLK1,-96.4518102070,-95.8483954978,37.7387453709,38.2934748901,"106",TRLK1,99999.0000000000,99999.0000000000
"0","106",CPLO2,-96.4162033298,-95.7625278598,36.8834396353,37.3429165179,"107",CPLO2,99999.0000000000,99999.0000000000
"0","107",HULO2,-96.6695543626,-96.0430612002,36.8350558024,37.4881165721,"108",HULO2,99999.0000000000,99999.0000000000
"0","108",BVLO2,-96.2236915355,-95.8486236264,36.7417944119,37.0322970590,"109",BVLO2,99999.0000000000,99999.0000000000
"0","109",OKSO2,-96.5390655315,-96.1263354359,36.6934107884,36.9013176784,"110",OSKO2,99999.0000000000,99999.0000000000
"0","110",RAMO2,-96.2222470474,-95.7145256634,36.4868495112,36.9165559516,"111",RAMO2,99999.0000000000,99999.0000000000
"0","111",CVLO2,-95.9468183027,-95.7336197339,36.3927115272,36.5891828221,"112",CVLO2,99999.0000000000,91156.6010000000
"0","112",OOLO2,-95.7792571114,-95.2290717761,36.4128243146,37.0314152498,"113",OOLO2,99999.0000000000,99999.0000000000
"0","113",CLRO2,-95.9350295748,-95.5481224507,36.3024724092,36.5559243661,"114",CLRO2,99999.0000000000,99999.0000000000
"0","114",BIRO2,-96.3792593026,-96.1492841916,36.4848524170,36.6240510115,"115",BIRO2,99999.0000000000,71379.3980000000
"0","115",MAYO2,-94.8761074937,-94.5671100269,35.1778656966,35.4162294018,"116",VBUA4,99999.0000000000,99999.0000000000
"0","116",AERK1,-100.8873689433,-99.6214180694,38.3051047735,38.6673024972,"117",AERK1,99999.0000000000,99999.0000000000
"0","117",ALBK1,-99.5630367315,-98.9980942505,38.3352160606,38.6017254949,"118",ALBK1,99999.0000000000,99999.0000000000
"0","118",BETK1,-100.2581342600,-99.6417008853,37.7427664702,38.1660693789,"119",BETK1,99999.0000000000,99999.0000000000
"0","119",BTTK1,-100.8124883621,-99.6409032592,37.8933221538,38.3980177613,"120",BTTK1,99999.0000000000,99999.0000000000
"0","120",DDCK1,-101.2051063446,-100.0304137237,37.5799996550,38.3869973172,"121",DDCK1,99999.0000000000,99999.0000000000
"0","121",DRFK1,-103.0184752915,-100.9469499488,37.2979952219,38.3790160395,"122",DRFK1,99999.0000000000,99999.0000000000
"0","122",GCKK1,-101.3469704097,-100.8714149978,37.7369221251,38.0335563290,"123",GCKK1,99999.0000000000,99999.0000000000
"0","123",GTBK1,-99.3783413853,-98.7647276414,37.8461216951,38.3819859126,"124",GTBK1,99999.0000000000,99999.0000000000
"0","124",HCHK1,-98.4024853052,-97.9320989277,37.9391869471,38.3040697939,"125",HCHK1,99999.0000000000,99999.0000000000
"0","125",KENK1,-101.8732182746,-101.5239767113,37.8161213761,38.1782038026,"126",KENK1,99999.0000000000,99999.0000000000
"0","126",KNSK1,-100.2918319402,-99.3573358675,37.4837873806,37.9282524869,"127",KSNK1,99999.0000000000,99999.0000000000
"0","127",LRDK1,-99.9186659993,-98.9989852724,37.6737052441,38.3670878489,"128",LRDK1,99999.0000000000,99999.0000000000
"0","128",LYNK1,-98.6966530393,-98.1689517316,38.2604213133,38.6640985854,"129",LYNK1,99999.0000000000,99999.0000000000
"0","129",MACK1,-99.8352903969,-98.8740018966,37.4304745050,37.9093737896,"130",MACK1,99999.0000000000,99999.0000000000
"0","130",NICK1,-99.1207710625,-98.1080892551,37.9433873039,38.4291199970,"131",NICK1,99999.0000000000,99999.0000000000
"0","131",RAYK1,-98.7187897976,-98.4156526873,38.0526657678,38.2741977257,"132",RAYK1,99999.0000000000,99999.0000000000
"0","132",RCNK1,-99.8086867844,-99.4264905594,38.3598248213,38.6641975980,"133",RCNK1,99999.0000000000,99999.0000000000
"0","133",SANK1,-99.9824727743,-99.3276447800,38.0183344529,38.3997596730,"134",SANK1,99999.0000000000,99999.0000000000
"0","134",SYRK1,-102.0994693934,-101.7247469745,37.8571176579,38.2254142302,"135",SYRK1,99999.0000000000,99999.0000000000
"0","135",ZENK1,-99.2982734463,-98.5453373727,37.8056207088,38.1352982601,"136",ZENK1,99999.0000000000,99999.0000000000
"0","136",LYNK1B,-99.0545290562,-98.5832079662,38.3817456077,38.6545329798,"137",LYNK1,99999.0000000000,99999.0000000000
"0","137",AGAK1,-96.9825593351,-96.7249431879,37.6440316288,37.8527974059,"138",AGAK1,99999.0000000000,84461.2960000000
"0","138",AGSK1,-97.1048471502,-96.9320242868,37.6763964057,37.8122732858,"139",AGSK1,99999.0000000000,55537.6010000000
"0","139",ALMK1,-98.1868590870,-97.4340033798,38.0539120706,38.5465598892,"140",ALMK1,99999.0000000000,99999.0000000000
"0","140",ARCK1,-97.4172235986,-97.0363683019,37.0000655541,37.3673000455,"141",ARCK1,99999.0000000000,99999.0000000000
"0","141",ARKK1,-97.0679258958,-96.8498813298,37.0524322017,37.2836119636,"142",ARKK1,99999.0000000000,91942.6010000000
"0","142",BLPK1,-97.5347284803,-97.3216134852,37.3587916321,37.6040861974,"143",BLPK1,99999.0000000000,99999.0000000000
"0","143",CASK1,-99.0506818125,-98.0122505925,37.6461698344,38.0439868573,"144",CASK1,99999.0000000000,99999.0000000000
"0","144",CHNK1,-98.1381788286,-97.7377582385,37.7013801746,38.0024469191,"145",CHNK1,99999.0000000000,99999.0000000000
"0","145",COWK1,-97.6963905611,-97.4706093624,37.6553079361,37.8288203428,"146",COWK1,99999.0000000000,80917.3980000000
"0","146",DRBK1,-97.8754367966,-97.2108191281,37.5411964214,38.0651767187,"147",DRBK1,99999.0000000000,99999.0000000000
"0","147",EDEK1,-96.8603861871,-96.6290156168,37.7655294873,37.8612537482,"148",EDEK1,99999.0000000000,58613.1990000000
"0","148",EDRK1,-96.8410000614,-96.5487266004,37.8020722253,38.0965334159,"149",EDRK1,99999.0000000000,99999.0000000000
"0","149",EDWK1,-96.9398007434,-96.8173782679,37.8227366541,38.0606836474,"150",EDWK1,99999.0000000000,70992.2030000000
"0","150",HAVK1,-98.0854207250,-97.7739196467,37.8624592884,38.1774349433,"151",HAVK1,99999.0000000000,99999.0000000000
"0","151",HCRK1,-97.6217367561,-97.4724988293,37.9999817639,38.2710543625,"152",HCRK1,99999.0000000000,91514.5000000000
"0","152",HTDK1,-97.6494384578,-97.5401606295,38.0280353298,38.1728271959,"153",HTDK1,99999.0000000000,56145.3000000000
"0","153",MDKK1,-98.2327840731,-97.8427879323,37.5081120256,37.7033021334,"154",MDKK1,99999.0000000000,99999.0000000000
"0","154",MDKK1B,-98.7810729809,-98.1913949672,37.5288250610,37.7651509254,"155",MDKK1,99999.0000000000,99999.0000000000
"0","155",MULK1,-97.2951416365,-97.1737411423,37.4738589350,37.6523209392,"156",MULK1,99999.0000000000,57712.5000000000
"0","156",OXFK1,-97.3867029003,-97.1030587091,37.2728718227,37.5616587212,"157",OXFK1,99999.0000000000,99999.0000000000
"0","157",PECK1,-98.2450601727,-97.4148940041,37.4050798458,37.8027193665,"158",PECK1,99999.0000000000,99999.0000000000
"0","158",PTTK1,-99.0393896021,-98.7106424284,37.5402724642,37.7112144873,"159",PTTK1,99999.0000000000,99999.0000000000
"0","159",SADK1,-97.4043561555,-97.2373681209,37.9693846793,38.2375380717,"160",SADK1,99999.0000000000,80294.5000000000
"0","160",SEDK1,-97.9331896672,-97.3538075849,37.8824789912,38.1401384843,"161",SEDK1,99999.0000000000,99999.0000000000
"0","161",SEMK1,-97.5043885848,-97.3160932856,37.9848326122,38.3899305030,"162",SEMK1,99999.0000000000,99999.0000000000
"0","162",TOWK1,-97.2898060769,-96.8624740573,37.7751733972,38.1420536432,"163",TOWK1,99999.0000000000,99999.0000000000
"0","163",WELK1,-97.8035187033,-97.3773185394,37.2363315367,37.4831596077,"164",WELK1,99999.0000000000,99999.0000000000
"0","164",WFDK1,-97.2312042227,-96.5045768780,37.2076437530,37.8306058400,"165",WFDK1,99999.0000000000,99999.0000000000
"0","165",BLKO2,-98.3312766751,-97.1332654803,36.7996755713,37.3924530190,"166",BLKO2,99999.0000000000,99999.0000000000
"0","166",POCO2,-97.0879959304,-96.8058189136,36.6465234864,36.8359585555,"167",POCO2,99999.0000000000,93927.7030000000
"0","167",KAWO2,-97.1779936813,-96.4677766847,36.6968906124,37.5893216645,"168",KAWO2,99999.0000000000,99999.0000000000
"0","168",SWDO2,-97.8474563995,-97.4475622226,35.5090669006,35.8371116206,"169",SWDO2,99999.0000000000,99999.0000000000
"0","169",GSPO2,-98.7962698747,-98.0966149033,36.5365847467,37.3807914636,"170",GSPO2,99999.0000000000,99999.0000000000
"0","170",AMCO2,-98.9749562646,-98.1860813557,36.1538548141,36.8377849504,"171",AMCO2,99999.0000000000,99999.0000000000
"0","171",AVAO2,-99.4279786045,-98.6429202355,36.7791860151,37.4988560850,"172",AVAO2,99999.0000000000,99999.0000000000
"0","172",BFFO2,-100.5665473366,-99.2364259629,36.8180335831,37.5229929291,"173",BFFO2,99999.0000000000,99999.0000000000
"0","176",CBNK1,-98.8104835462,-97.5599961636,37.1265464536,37.5994835406,"174",CBNK1,99999.0000000000,99999.0000000000
"0","177",DOVO2,-98.5442939005,-97.9077942851,35.8541229872,36.4291518194,"175",DOVO2,99999.0000000000,99999.0000000000
"0","178",DOVO2B,-98.3314362471,-97.8346436639,35.9782312048,36.5808971371,"176",DOVO2,99999.0000000000,99999.0000000000
"0","179",ENWK1,-100.8978825174,-100.0161429722,37.0093221467,37.6371723149,"177",ENWK1,99999.0000000000,99999.0000000000
"0","182",FRGO2,-103.1675481218,-100.4780058287,36.8560347145,37.6938004506,"178",FRGO2,99999.0000000000,99999.0000000000
"0","185",GTRO2,-97.9752839528,-97.3477627515,35.7462779674,36.0626526862,"179",GTRO2,99999.0000000000,99999.0000000000
"0","186",GUCO2,-97.5060894766,-97.3609288353,35.7201981474,35.8816858795,"180",GUCO2,99999.0000000000,61921.0000000000
"0","187",KENO2,-104.1832717987,-102.9306016242,36.7050761260,37.1425106349,"181",KENO2,99999.0000000000,99999.0000000000
"0","188",KNGO2,-98.3526483297,-97.9293747690,35.6116083378,35.9412978048,"182",KNGO2,99999.0000000000,99999.0000000000
"0","189",KNRO2,-98.0172688138,-97.8072591298,35.5687834668,35.8623478074,"183",KNRO2,99999.0000000000,99999.0000000000
"0","190",PAWO2,-97.2365864304,-96.7665670449,36.2021027320,36.4265485944,"184",PAWO2,99999.0000000000,99999.0000000000
"0","191",PAWO2B,-97.7720033520,-97.1992902767,36.2007839005,36.4637782236,"185",PAWO2,99999.0000000000,99999.0000000000
"0","192",PRKO2,-97.9607608804,-97.0259557130,35.8533730683,36.4791278198,"186",PRKO2,99999.0000000000,99999.0000000000
"0","193",RIPO2,-97.1294103710,-96.8678306349,35.8088457691,36.0579972210,"187",RIPO2,99999.0000000000,99999.0000000000
"0","194",RLSO2,-97.4093431136,-96.4945009475,36.3643877610,36.9890854890,"188",RLSO2,99999.0000000000,99999.0000000000
"0","195",RLSO2B,-97.8396254732,-97.1369481533,36.3623283937,36.6076546516,"189",RSLO2,99999.0000000000,99999.0000000000
"0","196",TONO2,-97.9703532546,-97.3076796006,36.4611622265,37.0462162174,"190",TONO2,99999.0000000000,99999.0000000000
"0","197",TONO2B,-98.2030015820,-97.8601905723,36.4859946571,37.0761106231,"191",TONO2,99999.0000000000,99999.0000000000
"0","198",WANO2,-99.4148128017,-98.7873279267,36.2975663392,36.9736264259,"192",WANO2,99999.0000000000,99999.0000000000
"0","199",WANO2B,-99.8627831787,-99.3632358862,36.5956774867,36.9209532440,"193",WANO2,99999.0000000000,99999.0000000000
"0","200",EHTK1,-103.6061420397,-101.8957004516,36.7120997913,37.2880426141,"194",EHTK1,99999.0000000000,99999.0000000000
"0","201",KEYO2B,-97.3989223951,-96.1727211305,35.8354761788,36.6404435654,"195",KEYO2,99999.0000000000,99999.0000000000
"0","202",KIOK1,-99.3591396580,-98.4459306754,37.0369151298,37.6183678595,"196",KIOK1,99999.0000000000,99999.0000000000
"0","203",COOK1,-102.8232721018,-102.0073302443,37.6134370108,38.3794535625,"197",COOK1,99999.0000000000,99999.0000000000
"0","204",ACDO2,-97.6204402138,-97.3432145520,35.4817647581,35.6739925027,"198",ACDO2,99999.0000000000,86788.8980000000
"0","205",WRWO2,-97.4848510616,-96.9859667512,35.5074913033,35.8872506568,"199",WRWO2,99999.0000000000,99999.0000000000
"0","206",WTYO2,-97.1148870118,-96.3673683572,35.4185551800,35.9036280127,"200",WTYO2,99999.0000000000,99999.0000000000
"0","207",BGSO2,-96.6661906826,-96.0386894533,35.4304474871,35.9652235581,"201",BGSO2,99999.0000000000,99999.0000000000
"0","208",FBRO2,-103.9091672925,-102.6801878027,36.5225663105,36.8480806146,"202",FBRO2,99999.0000000000,99999.0000000000
"0","209",GYMO2,-103.0080947598,-101.4798054626,36.3895360843,36.8477413706,"203",GYMO2,99999.0000000000,99999.0000000000
"0","210",GCCO2,-103.0173563040,-101.3594899919,36.0156606645,36.6343088287,"204",GCCO2,99999.0000000000,99999.0000000000
"0","211",OPLO2,-102.6384032771,-101.1182367613,36.5224386999,37.0045251029,"205",OPLO2,99999.0000000000,99999.0000000000
"0","212",SPMT2,-102.4945564121,-101.2830676431,35.8126582220,36.2235379819,"206",SPMT2,99999.0000000000,99999.0000000000
"0","213",SPRT2,-101.6606959255,-101.1233652192,35.9418797503,36.3757684546,"207",SPRT2,99999.0000000000,99999.0000000000
"0","214",RPDO2,-101.3629857019,-100.9936143427,36.2354910056,36.5514505100,"208",RPDO2,99999.0000000000,99999.0000000000
"0","215",BVRO2,-101.4770515025,-100.5159590181,36.3455049909,37.0411166784,"209",BVRO2,99999.0000000000,99999.0000000000
"0","216",LCBT2,-101.3147123404,-100.2696484497,35.9697572785,36.3803851562,"210",LCBT2,99999.0000000000,99999.0000000000
"0","217",FSLO2,-100.3487461471,-99.4800133695,36.0505876985,36.5571599489,"211",FSLO2,99999.0000000000,99999.0000000000
"0","218",WDWO2,-100.9865545173,-99.3555236584,36.2810175430,36.9193635297,"212",WDWO2,99999.0000000000,99999.0000000000
"0","219",SEIO2,-99.5687991531,-98.9206966645,36.0068074105,36.5609049305,"213",SEIO2,99999.0000000000,99999.0000000000
"0","220",CNLO2,-98.9692575296,-98.5452968105,36.0312958387,36.2754673579,"214",CNLO2,99999.0000000000,99999.0000000000
"0","221",WATO2,-98.7165203328,-98.3964794846,35.7453589960,36.1550500150,"215",WATO2,99999.0000000000,99999.0000000000
"0","222",CLMO2,-98.5083765035,-98.0644312432,35.5720050672,35.9068144212,"216",CLMO2,99999.0000000000,99999.0000000000
"0","223",ELNO2,-98.2002397268,-97.9567645219,35.4857077889,35.6451474152,"217",ELNO2,99999.0000000000,79646.7960000000
"0","224",YUKO2,-98.0295724193,-97.7277348808,35.4075256621,35.6030411244,"218",YUKO2,99999.0000000000,99999.0000000000
"0","225",OLBO2,-97.7668354681,-97.6318842751,35.4731477835,35.5705245946,"219",OLBO2,99999.0000000000,44815.6010000000
"0","226",OKBO2,-97.7850337794,-97.3309484607,35.3636532163,35.5677444912,"220",OKBO2,99999.0000000000,99999.0000000000
"0","227",HRHO2,-97.4009181451,-97.1921142104,35.4251799883,35.6110023505,"221",HRHO2,99999.0000000000,82188.7960000000
"0","228",SWNO2,-97.2513534793,-96.9302372870,35.2771748499,35.5409044473,"222",SWNO2,99999.0000000000,99999.0000000000
"0","229",WETO2,-97.0563508519,-96.1649123470,35.2330077308,35.5455565729,"223",WETO2,99999.0000000000,99999.0000000000
"0","230",CDNT2,-101.1352868585,-100.3397765827,35.4648910968,36.1264579168,"224",CDNT2,99999.0000000000,99999.0000000000
"0","231",TGAO2,-100.4016378833,-98.9527272537,35.7802490283,36.1824564867,"225",TGAO2,99999.0000000000,99999.0000000000
"0","232",BRIO2,-98.9947138883,-98.2971119416,35.4440441827,36.1014359065,"226",BRIO2,99999.0000000000,99999.0000000000
"0","233",TUCO2,-98.3623664265,-97.7072154960,35.2125409360,35.6096249747,"228",TUCO2,99999.0000000000,99999.0000000000
"0","234",NRMO2,-97.5256780036,-97.1834528411,35.1316961271,35.4400275857,"229",NRMO2,99999.0000000000,99999.0000000000
"0","235",TCMO2,-97.2661311121,-96.9258129892,35.0744361151,35.3313958414,"230",TCMO2,99999.0000000000,99999.0000000000
"0","236",SASO2,-97.1275103259,-96.4981732323,34.9178103119,35.2896023169,"231",SASO2,99999.0000000000,99999.0000000000
"0","237",CLVO2,-97.7623271675,-96.2243677175,34.6048813694,35.2559425885,"232",CLVO2,99999.0000000000,99999.0000000000
"0","238",EUFO2B,-96.2936255852,-95.1797884322,34.6036490511,35.3266428824,"233",EUFO2,99999.0000000000,99999.0000000000
"0","239",EUFO2,-96.8040008078,-95.2966366415,35.0453499089,35.7820805505,"234",EUFO2,99999.0000000000,99999.0000000000
"0","240",WDGO2,-99.4268710146,-99.2592763129,36.3706029981,36.5699339662,"235",WDGO2,99999.0000000000,76015.0000000000
"0","241",CDNT2B,-101.6219731018,-100.9789360295,35.3560305018,36.0528678711,"236",CDNT2,99999.0000000000,99999.0000000000
"0","242",AHDA4,-94.6149511723,-93.7877166039,33.6398976295,34.2398390450,"237",AHDA4,99999.0000000000,99999.0000000000
"0","243",ANTO2,-95.8221135714,-95.2304471312,34.2258014731,34.6525022408,"238",ANTO2,99999.0000000000,99999.0000000000
"0","244",ARCT2,-96.4411530582,-95.4914980171,33.4049898035,34.1440400560,"239",ARCT2,99999.0000000000,99999.0000000000
"0","245",ATKO2,-96.1448081538,-95.8387974597,34.4235225419,34.7980188333,"240",ATKO2,99999.0000000000,99999.0000000000
"0","246",BKDO2,-94.8344891319,-94.2959100418,34.1435985677,34.6172423134,"241",BDKO2,99999.0000000000,99999.0000000000
"0","247",CLTO2,-95.3886984592,-94.4507942219,34.5688737627,34.8206994697,"242",CLTO2,99999.0000000000,99999.0000000000
"0","248",CANO2,-96.4033198082,-96.1988686770,34.2356377951,34.4556120066,"243",CANO2,99999.0000000000,93911.7030000000
"0","249",CNUO2,-96.6971130381,-96.3173339479,34.3656737720,34.7502464900,"244",CNUO2,99999.0000000000,99999.0000000000
"0","250",CYDO2,-95.7277996235,-95.1237774809,34.5532637710,34.8126446064,"245",CYDO2,99999.0000000000,99999.0000000000
"0","251",DEKT2,-95.2797958651,-94.6818452714,33.6282152191,33.9867406674,"246",DEKT2,99999.0000000000,99999.0000000000
"0","252",DEKT2B,-95.7237968934,-95.0058183971,33.6202592409,34.1663350608,"247",DEKT2,99999.0000000000,99999.0000000000
"0","253",DIEA4,-94.1819436691,-93.9270674997,34.1313222896,34.3920432951,"248",DIEA4,99999.0000000000,99999.0000000000
"0","254",DQDA4,-94.5645762705,-94.2923132353,34.0912220617,34.3561924366,"249",DQDA4,99999.0000000000,99999.0000000000
"0","255",FLTA4,-94.1261046405,-93.8094730135,33.5317147607,33.7727268522,"250",FLTA4,99999.0000000000,99999.0000000000
"0","256",FRSO2,-96.3225943259,-95.8526997890,34.2582795979,34.6475619330,"251",FRSO2,99999.0000000000,99999.0000000000
"0","257",FRSO2B,-96.6342303189,-96.0249578292,34.5693514561,34.8919377146,"252",FRSO2,99999.0000000000,99999.0000000000
"0","258",GLLA4,-94.3548930248,-94.0083104777,34.2098819438,34.4934206808,"253",GLLA4,99999.0000000000,99999.0000000000
"0","259",GLOO2,-95.0937286499,-94.7536148734,34.0974096004,34.5158071104,"254",GLOO2,99999.0000000000,99999.0000000000
"0","260",HGLO2,-95.7455526753,-95.2506485320,33.9810132986,34.5393014539,"255",HGLO2,99999.0000000000,99999.0000000000
"0","261",HRGA4,-94.8495227311,-94.2438102554,33.8287150908,34.2345711243,"256",HRGA4,99999.0000000000,99999.0000000000
"0","262",IDBO2,-95.1457546736,-94.7464567185,33.8883713896,34.2357273956,"257",IDBO2,99999.0000000000,99999.0000000000
"0","263",INGA4,-94.8601422209,-94.0401117361,33.4402243188,33.8679660339,"258",INGA4,99999.0000000000,99999.0000000000
"0","264",MGCO2,-95.9952435667,-95.7713639945,34.3051496759,34.6534168244,"259",MGCO2,99999.0000000000,99999.0000000000
"0","265",MYST2,-95.9093413589,-95.5146458190,33.6005016013,33.8687122147,"260",MYST2,99999.0000000000,99999.0000000000
"0","266",PCLO2,-95.3918780149,-94.7662991306,34.0659894205,34.6299697979,"261",PCLO2,99999.0000000000,99999.0000000000
"0","267",SMTO2,-94.6873946091,-94.1848584044,34.4188019965,34.6936138843,"262",SMTO2,99999.0000000000,99999.0000000000
"0","268",UNGO2,-96.3499891421,-95.6815789297,34.0201913129,34.3673199104,"263",UNGO2,99999.0000000000,99999.0000000000
"0","269",CHYO2B,-100.6656674242,-99.9768160062,35.5726524978,35.8171304654,"264",CHYO2,99999.0000000000,99999.0000000000
"0","270",CHYO2,-100.0620169922,-99.6530302531,35.5052930907,35.8745748018,"265",CHYO2,99999.0000000000,99999.0000000000
"0","271",FOSO2,-99.8012529702,-99.1806973984,35.4262207470,35.9089174667,"266",FOSO2,99999.0000000000,99999.0000000000
"0","272",CLIO2,-99.3821424333,-98.9665647050,35.3488773932,35.8986074999,"267",CLIO2,99999.0000000000,99999.0000000000
"0","273",CAGO2,-99.0856327676,-98.5496396653,34.7943508236,35.3922352811,"268",CAGO2,99999.0000000000,99999.0000000000
"0","274",FTCO2,-98.7645155431,-98.3939885390,35.1383613856,35.4976618640,"269",FTCO2,99999.0000000000,99999.0000000000
"0","275",ANDO2,-98.6117259375,-98.2401149451,34.9774652304,35.2445274758,"270",ANDO2,99999.0000000000,99999.0000000000
"0","276",CCKO2,-98.4821082486,-97.9593169839,34.9253349859,35.4788028359,"271",CCKO2,99999.0000000000,99999.0000000000
"0","277",CMTO2L,-98.2730266763,-98.1220937061,34.8434231481,34.9600530644,"272",CMTO2,99999.0000000000,55403.5000000000
"0","278",NKHO2,-98.1360139367,-97.8974992590,34.7836808297,35.0002823118,"273",NKHO2,99999.0000000000,99999.0000000000
"0","279",ALXO2,-98.1253797455,-97.6635701279,34.8835090736,35.2876446426,"274",ALXO2,99999.0000000000,99999.0000000000
"0","280",LNDO2,-97.9443439302,-97.5951046583,34.7210574526,35.0702376950,"275",LNDO2,99999.0000000000,99999.0000000000
"0","281",PLVO2,-97.6558947823,-97.1949502159,34.7450390584,35.0351221549,"276",PLVO2,99999.0000000000,99999.0000000000
"0","282",HVRO2,-97.9651645734,-97.2306127943,34.3936183064,34.6983033015,"277",HVRO2,99999.0000000000,99999.0000000000
"0","283",DVSO2,-97.2415107960,-97.1387435588,34.3795352933,34.4464292206,"278",DVSO2,99999.0000000000,31512.6990000000
"0","284",DURO2,-97.9903612787,-96.9286952681,34.1513335292,34.8926947961,"279",DURO2,99999.0000000000,99999.0000000000
"0","286",ALTO2,-99.5346469568,-99.2726048022,34.8675342308,35.2239592200,"280",ALTO2,99999.0000000000,99999.0000000000
"0","287",ARRT2,-99.1943019715,-98.2487161783,33.3878302607,33.7773227627,"281",ARRT2,99999.0000000000,99999.0000000000
"0","288",BKBT2,-99.6449138605,-98.5151662082,33.9375864322,34.5497263423,"282",BKBT2,99999.0000000000,99999.0000000000
"0","289",CARO2,-100.3056816197,-99.4462786305,35.1194625754,35.6203837859,"283",CARO2,99999.0000000000,99999.0000000000
"0","290",CDPT2,-101.5969121054,-100.0706481585,33.6661514290,34.4927939712,"284",CDPT2,99999.0000000000,99999.0000000000
"0","291",CHLT2,-101.5874420330,-100.1954698734,34.3885249842,35.2149453570,"285",CHLT2,99999.0000000000,99999.0000000000
"0","292",CORO2,-97.9399388172,-97.4616843168,33.9864300318,34.5124284346,"286",CORO2,99999.0000000000,99999.0000000000
"0","293",DDET2,-99.1771998218,-98.9187782137,33.6815627689,33.8566894495,"287",DDET2,99999.0000000000,96455.7960000000
"0","294",ELTT2B,-99.8528251563,-99.2104860094,33.7916800497,34.0140323912,"288",ELTT2,99999.0000000000,99999.0000000000
"0","295",ELTT2,-99.3472698498,-98.8911097356,33.8218593174,34.1080244038,"289",ELTT2,99999.0000000000,99999.0000000000
"0","296",ELWO2,-98.6537575683,-98.2290251373,34.7650243133,35.0148401509,"290",ELWO2,99999.0000000000,99999.0000000000
"0","297",ESFO2,-99.8514568949,-99.2637021750,34.4773413070,34.8940024014,"291",ESFO2,99999.0000000000,99999.0000000000
"0","298",GECO2,-98.5859832615,-98.2899127074,34.5194454121,34.8379151648,"292",GECO2,99999.0000000000,99999.0000000000
"0","299",GRET2,-101.3906981707,-100.8844881538,34.9198096167,35.2333505673,"293",GRET2,99999.0000000000,99999.0000000000
"0","300",GSVT2B,-98.0423075495,-97.5237638645,33.5561120124,34.0949587537,"294",GSVT2,99999.0000000000,99999.0000000000
"0","301",GSVT2,-97.5848066962,-97.0892737724,33.6819272745,34.3462725176,"295",GSVT2,99999.0000000000,99999.0000000000
"0","302",HBTO2,-99.5180018432,-98.9960859280,34.9136369766,35.4865946793,"296",HBTO2,99999.0000000000,99999.0000000000
"0","303",HEAO2,-99.5273973165,-99.0087747550,34.6336831543,35.0392200108,"297",HEAO2,99999.0000000000,99999.0000000000
"0","304",KTNT2,-100.6871029479,-100.1128931602,35.4014430279,35.6265617684,"298",KTNT2,99999.0000000000,99999.0000000000
"0","305",LTLO2,-98.7454771569,-98.4818121058,34.7325869730,34.8751329112,"300",LTLO2,99999.0000000000,84689.7030000000
"0","306",LWTT2,-98.9538905967,-98.5194204289,33.6844984823,33.8732526559,"301",LWTT2,99999.0000000000,99999.0000000000
"0","307",MCET2,-101.5327661935,-100.5723768376,35.1632619584,35.4088598368,"302",MCET2,99999.0000000000,99999.0000000000
"0","308",MGMO2,-100.2492131232,-99.5045457968,34.7805546411,35.0245239661,"303",MGMO2,99999.0000000000,99999.0000000000
"0","309",MKZT2,-102.2387856868,-101.4235088774,34.3751200738,34.8151413912,"304",MKZT2,99999.0000000000,99999.0000000000
"0","311",MNGO2,-100.6392969528,-99.4973080912,34.8800997450,35.2989275534,"305",MNGO2,99999.0000000000,99999.0000000000
"0","312",MTNO2,-99.1042824812,-98.7908340492,34.7349023867,34.9587281933,"306",MTNO2,99999.0000000000,99999.0000000000
"0","313",QUAT2,-100.6940144053,-99.7099836414,34.3857510090,34.9424067164,"307",QUAT2,99999.0000000000,99999.0000000000
"0","314",RNDO2,-99.0399077744,-98.4475981712,34.1780557422,34.7514097501,"308",RNDO2,99999.0000000000,99999.0000000000
"0","315",SHAT2,-101.1648005972,-100.2372568445,35.2108832359,35.5540538833,"309",SHAT2,99999.0000000000,99999.0000000000
"0","316",SYDO2,-99.0317435121,-98.7543353151,34.6380938431,34.8239292071,"310",SYDO2,99999.0000000000,93796.7030000000
"0","317",SYOT2,-100.6929444589,-99.1298766233,33.5261086540,34.1208236550,"311",SYOT2,99999.0000000000,99999.0000000000
"0","318",TIPO2,-99.3362328599,-98.9126165041,34.4885876976,34.7809354739,"312",TIPO2,99999.0000000000,99999.0000000000
"0","319",TRLO2,-98.8573465532,-97.8737315462,33.5108057823,34.7999089030,"313",TRLO2,99999.0000000000,99999.0000000000
"0","320",VERT2,-100.1729446686,-99.3184895007,33.9625619305,34.2704218549,"314",VERT2,99999.0000000000,99999.0000000000
"0","321",WAKO2,-98.1363228538,-97.8824244297,34.1407575309,34.5794770713,"315",WAKO2,99999.0000000000,99999.0000000000
"0","322",WICT2,-98.9697958593,-98.5327647562,33.7411876639,34.0703490603,"316",WICT2,99999.0000000000,99999.0000000000
"0","323",WLGT2,-100.9502901944,-100.2086282795,34.8131470182,35.2234081932,"317",WLGT2,99999.0000000000,99999.0000000000
"0","324",WLTO2,-98.4962460944,-98.2248874440,34.3488780191,34.6460260633,"318",WLTO2,99999.0000000000,99999.0000000000
"0","325",WRLO2,-98.3155103940,-97.9251592504,34.2284327059,34.8307190948,"319",WRLO2,99999.0000000000,99999.0000000000
"0","326",DSNT2,-97.2540120607,-96.4539635943,33.5857483614,34.6025910872,"320",DSNT2,99999.0000000000,99999.0000000000
"0","327",BKBT2B,-100.2144902100,-99.2310521305,34.1305502177,34.8328806057,"321",BKBT2,99999.0000000000,99999.0000000000
"0","328",CMTO2R,-98.2483590155,-98.1463339102,34.8068358645,34.8753533873,"322",CMTO2,99999.0000000000,32305.8000000000
"0","329",CMTO2,-98.2932673303,-98.1236664810,34.8200934013,34.9334388232,"323",CMTO2,99999.0000000000,58093.1990000000
"0","330",NKHO2L,-98.1479260200,-97.9745186329,34.8624531102,34.9945041031,"324",NKHO2,99999.0000000000,73603.5000000000
"0","331",NKHO2R,-98.1515868649,-97.8920238141,34.7726043168,34.9366254687,"325",NKHO2,99999.0000000000,99879.7960000000
"0","333",ABEC2L,-106.4425499400,-106.2222770797,39.1589307495,39.2640461990,"326",ABEC2,99999.0000000000,59490.5000000000
"0","334",ADLC2,-104.8262543427,-104.3978899251,38.1045365571,38.5195327223,"327",ADLC2,99999.0000000000,99999.0000000000
"0","335",ARGC2L,-106.4256100883,-106.2093574303,39.0402329380,39.1847023493,"328",ARGC2,99999.0000000000,71115.7960000000
"0","336",ARNC2,-106.2977135742,-105.9070871262,38.6247077048,38.9432720579,"329",ARNC2,99999.0000000000,99999.0000000000
"0","337",BCHC2,-105.9697442503,-105.6895388773,38.4667879219,38.8160787240,"330",BCHC2,99999.0000000000,99999.0000000000
"0","338",ABVC2L,-106.3674516626,-106.0292025382,38.8449631349,39.0538126811,"331",ABVC2,99999.0000000000,99999.0000000000
"0","339",BONC2U,-105.4777176885,-104.6872752876,37.3562532674,38.0185287912,"332",BONC2,99999.0000000000,99999.0000000000
"0","340",CBVC2U,-106.4232667357,-106.2425079146,38.7131553308,38.8557210475,"333",CBVC2,99999.0000000000,99999.0000000000
"0","341",CCAC2U,-106.5286608589,-106.2960671630,38.9100509235,39.0252748273,"334",CCAC2,99999.0000000000,86497.6010000000
"0","342",CDMC2,-104.3726397505,-103.9054797501,37.9207288802,38.3340776478,"335",CDMC2,99999.0000000000,99999.0000000000
"0","343",CFMC2,-105.5553037580,-105.0781961704,38.4393237125,38.9015244048,"336",CFMC2,99999.0000000000,99999.0000000000
"0","344",CHKC2U,-106.4520567699,-106.1887937499,38.6000567623,38.7549584031,"337",CHKC2,99999.0000000000,99999.0000000000
"0","345",CLRC2,-106.2812708704,-106.2405083331,39.0123086699,39.0287655474,"338",CLRC2,99999.0000000000,9439.5898000000
"0","346",CLVC2L,-105.1505346561,-105.0236161577,37.3166916843,37.4363824350,"339",CLVC2,99999.0000000000,44900.1010000000
"0","347",CSNC2L,-105.1261917541,-104.8771921072,38.8062691638,39.0044948013,"340",CSNC2,99999.0000000000,82374.0000000000
"0","348",FCHC2,-104.7082236050,-104.5416310888,38.2844366091,38.4942943798,"341",FCHC2,99999.0000000000,68149.7030000000
"0","349",FHAC2L,-104.8421394573,-104.5944467699,38.6003935489,38.7868874529,"342",FHAC2,99999.0000000000,80160.5000000000
"0","350",FNEC2,-105.0280812560,-104.6667886048,38.7338927190,39.1386615220,"343",FNEC2,99999.0000000000,99999.0000000000
"0","351",FSEC2L,-104.8260891013,-104.7150336909,38.7281376449,38.9035110334,"344",FSEC2,99999.0000000000,54711.3980000000
"0","352",FWRC2L,-104.6869929825,-103.8159174757,37.3368919115,38.1098372915,"345",FWRC2,99999.0000000000,99999.0000000000
"0","353",GCWC2L,-105.6299492352,-105.1723874143,37.8896163248,38.2182149140,"346",GCWC2,99999.0000000000,99999.0000000000
"0","354",HMCC2,-106.5243199764,-106.3845768750,39.0997282911,39.1981099732,"347",HMCC2,99999.0000000000,40106.6990000000
"0","355",HMZC2L,-105.4600580417,-105.2970193139,37.6430938179,37.7702521235,"348",HMZC2,99999.0000000000,48628.6010000000
"0","356",JMCC2,-103.3843943226,-102.9250494254,37.4649232561,38.3264973501,"349",JMCC2,99999.0000000000,99999.0000000000
"0","357",LAMC2L,-104.0788926665,-102.3077018525,38.1141169290,39.2058184063,"350",LAMC2,99999.0000000000,99999.0000000000
"0","359",LARC2L,-104.2976515552,-103.1314351390,37.8494858255,38.9267197288,"351",LARC2,99999.0000000000,99999.0000000000
"0","360",LEDC2L,-106.3997306831,-106.2276614922,39.2482462211,39.3625048435,"352",LEDC2,99999.0000000000,57145.3980000000
"0","361",LXHC2,-104.2311243281,-103.5001667306,37.4656028750,38.1287191240,"353",LXHC2,99999.0000000000,99999.0000000000
"0","362",NPTC2L,-104.6094321630,-104.0601895862,38.0061775254,38.8496207763,"354",NPTC2,99999.0000000000,99999.0000000000
"0","365",PBAC2L,-105.0814956751,-104.7030587679,38.0720989376,38.6568206396,"355",PBAC2,99999.0000000000,99999.0000000000
"0","366",PDAC2,-104.7267349604,-104.7185075878,38.2619271268,38.2846341887,"356",PDAC2,99999.0000000000,5709.9101000000
"0","367",PDLC2,-105.9611828395,-105.3055667334,38.1404803049,38.8456267932,"357",PDLC2,99999.0000000000,99999.0000000000
"0","368",PNNC2L,-104.7964395054,-104.5221268697,38.4130161237,38.7975185181,"358",PNNC2,99999.0000000000,99999.0000000000
"0","369",PRTC2L,-105.3300394439,-105.0106473157,38.0755610781,38.7123090614,"359",PRTC2,99999.0000000000,99999.0000000000
"0","370",SALC2,-106.2451847216,-105.9075787177,38.5183156822,38.6938861829,"360",SALC2,99999.0000000000,90703.0000000000
"0","371",SCVC2L,-104.9545355716,-104.4766465550,37.8993479984,38.2476182445,"361",SCVC2,99999.0000000000,99999.0000000000
"0","372",THTC2L,-104.5714178882,-103.8503176964,37.0293894651,37.5102536715,"362",THTC2,99999.0000000000,99999.0000000000
"0","373",TINC2,-106.5998701519,-106.4106102562,38.9807667324,39.1633490145,"363",TINC2,99999.0000000000,72104.7030000000
"0","374",TLRC2L,-106.4502264755,-106.2951313122,39.0402305004,39.1211371806,"364",TLRC2,99999.0000000000,39505.8000000000
"0","375",TQLC2U,-106.5047221680,-106.4028818625,39.2209286710,39.3168353867,"365",TQLC2,99999.0000000000,42396.3000000000
"0","376",WSVC2L,-106.3000414028,-105.8780420644,38.3527201735,38.6355287458,"366",WSVC2,99999.0000000000,99999.0000000000
"0","377",DWSC2,-105.5234807204,-105.4338373947,38.1507601741,38.2293262386,"367",DWSC2,99999.0000000000,30498.0990000000
"0","378",CNCC2,-105.5607951820,-105.2546381334,38.1085664428,38.5211697231,"368",CNCC2,99999.0000000000,99999.0000000000
"0","379",ARCC2,-104.1367235638,-103.6264764136,37.9700191322,38.6737384051,"369",ARCC2,99999.0000000000,99999.0000000000
"0","380",LEDC2U,-106.4356573825,-106.1399057110,39.2364352279,39.3832718992,"370",LEDC2,99999.0000000000,79716.8980000000
"0","382",ABEC2U,-106.4950144914,-106.1685962206,39.1606371496,39.2600137674,"371",ABEC2,99999.0000000000,60507.8000000000
"0","384",ARGC2U,-106.4439518891,-106.1695534246,39.0535667823,39.1950975473,"372",ARGC2,99999.0000000000,62460.3000000000
"0","386",TLRC2U,-106.4542145162,-106.3390394231,39.0033285156,39.0651230830,"373",TLRC2,99999.0000000000,31372.8000000000
"0","387",ABVC2U,-106.3835613175,-106.1043645961,38.8801112717,39.0558640749,"374",ABVC2,99999.0000000000,90058.1010000000
"0","389",CCAC2L,-106.4495014790,-106.2752188503,38.9793462956,39.0276906053,"375",CCAC2,99999.0000000000,36125.3980000000
"0","390",CHKC2L,-106.3572211828,-106.0830845752,38.6967001149,38.7522890446,"376",CHKC2,99999.0000000000,54325.1990000000
"0","391",WSVC2U,-106.3611835324,-106.1555471531,38.3281155610,38.6458947866,"377",WSVC2,99999.0000000000,99999.0000000000
"0","392",PRTC2U,-105.2439912879,-105.1692813479,38.0390662066,38.1000170250,"378",PRTC2,99999.0000000000,23329.9000000000
"0","393",PBAC2U,-105.1550525064,-104.8833318003,38.1009264376,38.8658779666,"379",PBAC2,99999.0000000000,99999.0000000000
"0","395",SCVC2U,-105.1854414764,-104.8154234258,37.8611127671,38.1388070948,"380",SCVC2,99999.0000000000,99999.0000000000
"0","396",BONC2L,-105.0152660646,-104.2583083923,37.4951383797,38.2285448076,"381",BONC2,99999.0000000000,99999.0000000000
"0","397",FWRC2U,-105.0321394652,-104.5725040172,37.2588110088,37.4964746740,"382",FWRC2,99999.0000000000,99999.0000000000
"0","398",CLVC2U,-105.1690020395,-105.0779352572,37.2891654706,37.4003868034,"383",CLVC2,99999.0000000000,40577.6990000000
"0","399",CSNC2U,-105.0894899489,-104.9684664552,38.7895562028,38.8954199230,"384",CSNC2,99999.0000000000,38508.5000000000
"0","400",FSEC2U,-104.8699445701,-104.6131499425,38.7192170598,39.0139364607,"385",FSEC2,99999.0000000000,99631.5000000000
"0","402",FHAC2U,-104.9699876654,-104.5691793522,38.6512146957,38.9138424764,"386",FHAC2,99999.0000000000,98179.3980000000
"0","404",PNNC2U,-104.8619826897,-104.7737740454,38.5218505516,38.6613387369,"387",PNNC2,99999.0000000000,39277.6010000000
"0","405",NPTC2U,-104.6691608821,-104.2271049317,38.7621191939,39.0857311497,"388",NPTC2,99999.0000000000,99999.0000000000
"0","406",LARC2U,-104.3248534667,-103.2264483847,38.1177821946,39.0579466470,"389",LARC2,99999.0000000000,99999.0000000000
"0","408",LAMC2U,-104.4616982597,-103.2454952037,38.9828228095,39.3747138943,"390",LAMC2,99999.0000000000,99999.0000000000
"0","409",CBAC2L,-106.3032386091,-106.1231057793,38.7692251268,38.8830254116,"391",CBAC2,99999.0000000000,57943.6990000000
"0","410",CBVC2L,-106.3858104648,-106.2213366101,38.7516033527,38.8421166291,"392",CBVC2,99999.0000000000,70137.0000000000
"0","411",CBAC2U,-106.3496203760,-106.2318878102,38.8218562542,38.9245124739,"393",CBAC2,99999.0000000000,49263.8980000000
"0","412",HMZC2U,-105.5012814795,-105.3307941621,37.5778428321,37.7188088602,"394",HMZC2,99999.0000000000,54235.3980000000
"0","413",GCWC2U,-105.6734806168,-105.4275486838,37.8917048461,38.1586378976,"395",GCWC2,99999.0000000000,90130.0000000000
"0","414",TQLC2L,-106.4595927363,-106.3485303278,39.2520618904,39.3093905836,"396",TQLC2,99999.0000000000,28859.9000000000
"0","415",DAWN5,-105.2376883474,-104.7150297283,36.6758679505,37.0723839994,"397",DAWN5,99999.0000000000,99999.0000000000
"0","416",TYLN5,-105.1616932754,-104.1384046732,36.2614817906,37.0475266767,"398",TYLN5,99999.0000000000,99999.0000000000
"0","417",NMIC2,-104.1069725527,-103.4722224912,36.9889923358,37.7644442502,"399",NMIC2,99999.0000000000,99999.0000000000
"0","418",LAPC2,-103.5904810009,-103.1559917866,37.1865154061,38.0403300698,"400",LAPC2,99999.0000000000,99999.0000000000
"0","419",TBTC2,-103.3944955627,-102.5373313069,37.2503070016,37.6965355393,"401",TBTC2,99999.0000000000,99999.0000000000
"0","420",LMAC2,-103.3844110233,-102.6168036110,37.6254685556,38.6907368533,"402",LMAC2,99999.0000000000,99999.0000000000
"0","421",AMAT2,-102.5686780433,-101.6913484204,35.1676418976,35.7456066599,"403",AMAT2,99999.0000000000,99999.0000000000
"0","422",AMAT2B,-103.7580670443,-102.3065998114,35.5445607756,36.3333707760,"404",AMAT2,99999.0000000000,99999.0000000000
"0","423",AMAT2C,-103.4615083207,-102.4408708632,34.9286681986,35.8244369433,"405",AMAT2,99999.0000000000,99999.0000000000
"0","424",CMMN5,-105.2383467224,-104.9710404694,36.4645506596,36.6324109051,"406",CMMN5,99999.0000000000,87460.5000000000
"0","425",CMRN5,-105.2578404556,-104.9446558067,36.5620662801,36.8490063561,"407",CMRN5,99999.0000000000,99999.0000000000
"0","426",CRCN5,-105.2150511775,-104.9684491124,36.3335474154,36.4845708335,"408",CRCN5,99999.0000000000,74849.3980000000
"0","427",CNCN5,-105.0134333802,-104.1342711210,34.9680169384,35.7580789922,"409",CNCN5,99999.0000000000,99999.0000000000
"0","428",EGLN5,-105.3774372564,-105.1777095067,36.3357067043,36.7280564738,"410",EGLN5,99999.0000000000,99999.0000000000
"0","429",LCVN5,-105.5576688682,-105.2434611633,35.9386526548,36.2768476996,"411",LCVN5,99999.0000000000,99999.0000000000
"0","430",LOGN5,-104.2556272369,-103.4378940394,35.4257135713,36.5882745341,"412",LOGN5,99999.0000000000,99999.0000000000
"0","431",MRIT2,-102.3377113299,-101.5437747216,35.3148723230,35.8851847290,"413",MRIT2,99999.0000000000,99999.0000000000
"0","432",RTBT2,-104.1777754306,-102.4740782084,35.9994180311,36.7206620342,"414",RTBT2,99999.0000000000,99999.0000000000
"0","433",SHON5,-105.5353324040,-104.7787045824,35.5747229877,36.0873932959,"415",SHON5,99999.0000000000,99999.0000000000
"0","434",SNCN5,-105.2101256782,-104.1786901799,35.4827140266,36.5241302049,"416",SNCN5,99999.0000000000,99999.0000000000
"0","435",SPGN5,-105.1385356158,-104.5877448630,36.2892827713,36.8257876490,"417",SPGN5,99999.0000000000,99999.0000000000
"0","436",UTEN5,-104.4367498036,-103.3957108301,34.9258786582,35.9407139220,"418",UTEN5,99999.0000000000,99999.0000000000
"0","437",CYCN5,-105.3447543470,-105.0646105189,35.9149042396,36.3614821414,"419",CYCN5,99999.0000000000,99999.0000000000
"0","438",GOLN5,-105.4961275026,-105.1516661651,35.8382008443,35.9776475092,"420",GOLN5,99999.0000000000,95456.0000000000
"0","439",PGWC2U,-105.2108670079,-105.0706838165,37.0598810673,37.3168713875,"421",PGMC2,99999.0000000000,84363.5000000000
"0","440",PGWC2L,-105.1827658328,-104.8264662613,36.9992827274,37.3418109189,"422",PGMC2,99999.0000000000,99999.0000000000
"0","441",PGMC2,-105.0195508427,-104.6370347250,36.9746109014,37.2768477649,"423",PGMC2,99999.0000000000,99999.0000000000
"0","442",TDDC2,-104.8453403076,-104.5311300422,36.9422203842,37.2783399072,"424",TDDC2,99999.0000000000,99999.0000000000
"0","443",PTRC2,-104.6223242157,-104.4264882529,36.9879638342,37.2356309295,"425",PTRC2,99999.0000000000,93535.1010000000
"0","444",THTC2U,-104.7026605928,-103.8844449627,36.8984057785,37.3369688444,"426",THTC2,99999.0000000000,99999.0000000000
"0","445",LGNN5,-104.0765022071,-103.2965959570,34.8132266972,35.3451316720,"427",LGNN5,99999.0000000000,99999.0000000000
"0","446",BLAT2,-103.7491831715,-102.0542179536,34.5646716210,35.0197724591,"428",BLAT2,99999.0000000000,99999.0000000000
"0","448",AMCT2,-103.2519577949,-102.0276965414,34.8451615209,35.2881196333,"429",AMCT2,99999.0000000000,99999.0000000000
"0","449",TGLT2,-102.2308417009,-101.7633058877,34.8589940276,35.2297481784,"430",TGLT2,99999.0000000000,99999.0000000000
"0","450",WAYT2,-102.0915893390,-101.3449206512,34.6651421076,35.2155317501,"431",WAYT2,99999.0000000000,99999.0000000000
"0","451",ARBO2,-97.0724197566,-96.8669896516,34.3954359958,34.6783833683,"432",ARBO2,99999.0000000000,99999.0000000000
"0","452",BLUO2,-96.6791377941,-96.2293386406,33.9403020249,34.4093316399,"433",BLUO2,99999.0000000000,99999.0000000000
"0","453",ARCT2B,-96.7086680442,-95.9273199575,33.4933178673,34.1354127326,"434",ARCT2,99999.0000000000,99999.0000000000
"0","454",CNEO2L,-96.3069410180,-96.2094835386,34.3106385690,34.4706560990,"435",CANO2,99999.0000000000,42188.3980000000
"0","456",DLWO2P,-96.5977922701,-96.3870361080,34.3406743872,34.5113758503,"436",CNUO2,99999.0000000000,80526.8980000000
"0","457",UCBO2P,-96.7622936209,-96.2891703956,34.4469606477,34.7830736919,"437",CNUO2,99999.0000000000,99999.0000000000
"0","458",CNEO2R,-96.4815247571,-96.3198576527,34.2174255314,34.3509451579,"438",CANO2,99999.0000000000,56421.0000000000
"0","459",KEYO2,-96.5102905247,-96.2155416472,36.0782026604,36.3432583578,"439",KEYO2,99999.0000000000,99999.0000000000
"0","460",EMPK1,-96.4069314953,-96.1763752620,38.2693123479,38.4790094535,"440",EMPK1,99999.0000000000,85690.7960000000
"0","461",GREK1,-99.2462618737,-98.7088666119,38.2987833449,38.5593468139,"441",GREK1,99999.0000000000,99999.0000000000
"0","462",CDPT2N01,-101.4221778453,-101.0760777858,33.8950580288,34.2078773576,"442",CDPT2,99999.0000000000,99999.0000000000
"0","463",CDPT2N02,-101.9644664797,-101.4639473350,34.2870460910,34.4551056360,"443",CDPT2,99999.0000000000,99999.0000000000
"0","464",CDPT2N03,-101.3947008570,-101.2155429186,34.4175332104,34.5322052430,"444",CDPT2,99999.0000000000,55995.1010000000
"0","465",MKZT2N02,-102.1079812988,-101.9378161680,34.5544758779,34.6646337366,"445",MKZT2,99999.0000000000,47878.5000000000
"0","466",BICT2N01,-101.6140271899,-101.4562444547,34.6415902680,34.7280972249,"446",BICT2,99999.0000000000,42000.8000000000
"0","467",MKZT2N01,-102.5691870738,-102.1721549242,34.5526310776,34.7662249530,"447",MKZT2,99999.0000000000,99999.0000000000
"0","468",BLAT2N02,-103.1789794805,-102.9816781791,34.6597370817,34.7670685807,"448",BLAT2,99999.0000000000,54720.6010000000
"0","469",BLAT2N01,-103.5796366963,-103.2304479887,34.7478360856,34.9845912728,"449",BLAT2,99999.0000000000,99999.0000000000
"0","470",AMAT2CN2,-102.8141437470,-102.5543610640,35.1827980441,35.3298850162,"450",AMAT2,99999.0000000000,68075.2030000000
"0","471",AMAT2CN3,-103.3961948107,-103.3224943200,35.2258062820,35.3051137221,"451",AMAT2,99999.0000000000,26865.9000000000
"0","472",MCET2N01,-101.8035630637,-101.4345478033,35.0903980196,35.4389043624,"452",MCET2,99999.0000000000,99999.0000000000
"0","473",SHAT2N01,-101.2240160915,-101.0761849759,35.3564084149,35.4878787265,"453",SHAT2,99999.0000000000,56342.0000000000
"0","474",SHAT2N02,-100.8108223009,-100.6758135464,35.5189868814,35.5989734062,"454",SHAT2,99999.0000000000,37065.8000000000
"0","475",AMAT2CN1,-103.5057437612,-103.1450013059,35.5845697448,36.0135009891,"455",AMAT2,99999.0000000000,99999.0000000000
"0","476",LOGN5N01,-104.2620283878,-103.8690878844,35.7848920703,36.1618640853,"456",LOGN5,99999.0000000000,99999.0000000000
"0","477",GCCO2N01,-102.6327300056,-102.4329447712,36.1288899120,36.3031394081,"457",GCCO2,99999.0000000000,75355.0000000000
"0","478",BVRO2N01,-101.5220745818,-101.3349189373,36.3007650742,36.3619412340,"458",BVRO2,99999.0000000000,41775.0000000000
"0","479",LOGN5N02,-103.9036301490,-103.6910600928,36.2487632438,36.5037463521,"459",LOGN5,99999.0000000000,94372.3980000000
"0","480",BFFO2N01,-100.1303779204,-99.8442081157,36.7815043280,36.9199617759,"460",BFFO2,99999.0000000000,94512.2030000000
"0","481",BFFO2N02,-100.1394595420,-100.0362976723,36.9585438699,37.0588621617,"461",BFFO2,99999.0000000000,47135.1990000000
"0","482",RTBT2N01,-104.1872962997,-103.9701187001,36.5909040441,36.8617859514,"462",RTBT2,99999.0000000000,99999.0000000000
"0","483",FRGO2N04,-101.9261695971,-101.6459737512,36.9481871132,37.0352911463,"463",FRGO2,99999.0000000000,62983.8980000000
"0","484",BFFO2N04,-100.2236476296,-100.1645711490,37.0570065977,37.1004336935,"464",BFFO2,99999.0000000000,17269.1990000000
"0","485",ENWK1N02,-100.5771576802,-100.5185322288,37.0616911702,37.0886047245,"465",ENWK1,99999.0000000000,15989.0000000000
"0","486",BFFO2N05,-100.0362400837,-100.0051826500,37.1633162616,37.2328009987,"466",BFFO2,99999.0000000000,20052.0000000000
"0","487",BFFO2N03,-100.0556092736,-100.0072501817,37.4535740722,37.5347951706,"467",BFFO2,99999.0000000000,24930.4000000000
"0","488",MACK1N02,-99.6236632979,-99.5731626478,37.5777893993,37.6340735968,"468",MACK1,99999.0000000000,22259.4000000000
"0","489",MACK1N01,-99.2247137342,-99.0093001212,37.5833818821,37.6887100084,"469",MACK1,99999.0000000000,81822.7960000000
"0","490",DDCK1N01,-100.4665121615,-100.3613788835,37.6076913964,37.6879711129,"470",DDCK1,99999.0000000000,47351.0000000000
"0","491",AERK1N02,-100.8273021147,-100.5766913685,38.1734957607,38.3840142564,"471",AERK1,99999.0000000000,96023.3980000000
"0","492",CDMC2N01,-104.0223824898,-103.9878235090,38.2751367827,38.3062389372,"472",CDMC2,99999.0000000000,10268.0000000000
"0","493",NPTC2LN4,-104.2930084232,-104.2485701489,38.3647941079,38.4110129977,"473",NPTC2,99999.0000000000,15809.7990000000
"0","494",LARC2LN1,-103.2855729312,-103.0606710851,38.2684186456,38.4790052448,"474",LARC2,99999.0000000000,73260.8980000000
"0","495",LMAC2N01,-103.0778295788,-102.7355247503,38.3978400959,38.6378063590,"475",LMAC2,99999.0000000000,93306.2960000000
"0","496",NPTC2LN3,-104.2182366076,-104.1809901158,38.4851396730,38.5652798934,"476",NPTC2,99999.0000000000,21610.0000000000
"0","497",AERK1N,-102.4920244271,-100.8369739262,38.0988713138,38.7302852133,"477",AERK1N,99999.0000000000,99999.0000000000
"0","498",NPTC2LN1,-104.2305487113,-103.9958638721,38.2244278374,38.7298944225,"478",NPTC2,99999.0000000000,99999.0000000000
"0","499",NPTC2LN2,-104.3125509998,-104.2302350559,38.6213835307,38.7697053369,"479",NPTC2,99999.0000000000,43462.5000000000
"0","500",LAMC2LN1,-103.5377976171,-103.3466715042,38.9074861362,39.0905984173,"480",LAMC2,99999.0000000000,67042.2960000000
"0","501",FRGO2N02,-102.5446382412,-102.0757473060,37.2189735478,37.3505784952,"481",FRGO2,99999.0000000000,99999.0000000000
"0","502",ENWK1N01,-100.5407006339,-100.4518880365,37.3866728380,37.4516249601,"482",ENWK1,99999.0000000000,26016.5000000000
"0","503",ENWK1N03,-100.2686354325,-100.2409121877,37.4414386861,37.4649525027,"483",ENWK1,99999.0000000000,7970.6801000000
"0","504",FRGO2N03,-102.0307963469,-101.7559689131,37.3447693156,37.4347866563,"484",FRGO2,99999.0000000000,62309.8980000000
"0","505",FRGO2N01,-101.8614163881,-100.5403658478,37.4110278943,37.7906880401,"485",FRGO2,99999.0000000000,99999.0000000000
"0","506",LAMC2LN2,-102.6260873612,-102.5619035406,38.8741209733,38.9540104000,"486",LAMC2,99999.0000000000,27677.8000000000
"0","507",CAYO2P,-96.3721680305,-96.2578435789,34.1165046324,34.2460351952,"263",UNGO2,99999.0000000000,60463.6990000000
"0","508",HTCK1,-98.2394511136,-97.9732575442,38.1349205320,38.4355272649,"125",HTCK1,99999.0000000000,99999.0000000000
"0","509",CWYO2,-94.7850754966,-94.5479969169,36.0751769710,36.2242820900,"40",CWYO2,99999.0000000000,83327.7030000000
"0","510",NRCO2,-97.7388674108,-97.4477043969,35.1509896853,35.4006140914,"228",NRCO2,99999.0000000000,99999.0000000000
"0","511",PRCO2,-97.5302926318,-97.2586870650,35.0133521421,35.2361970594,"228",PRCO2,99999.0000000000,97767.0000000000
"0","512",HJFA4,-94.4292771805,-94.1481552071,34.9469643551,35.2036807263,"87",HJFA4,99999.0000000000,99999.0000000000
"0","513",CAUA4,-94.4377259704,-93.8812709154,34.8105802592,34.9833551993,"97",CAUA4,99999.0000000000,99999.0000000000
"0","514",LVNO2,-94.4849899479,-94.2669399372,34.8347911067,34.9627001327,"97",LVNO2,99999.0000000000,64222.6010000000
"0","515",BICT2,-101.8205438024,-100.9264309402,34.3772758015,34.9263602402,"285",BICT2,99999.0000000000,99999.0000000000
"0","516",CCWO2,-99.1770208623,-98.7378665956,35.2869405359,35.7741712937,"268",CCWO2,99999.0000000000,99999.0000000000
"0","517",CNVO2,-96.8726701117,-96.5831333739,34.3825747499,34.6847519881,"433",CNVO2,99999.0000000000,99999.0000000000
"0","518",HTRK1,-100.5551737771,-100.0461907560,37.8185172486,38.0893416097,"119",HTRK1,99999.0000000000,99999.0000000000
