OBJ_STATUS_,OBJ_IDENTIF,NAME,MIN_X_AXIS_,MAX_X_AXIS_,MIN_Y_AXIS_,MAX_Y_AXIS_,FORECASTGR,BASIN,SQ_MILES,DESCRIPTION
"0","1",HYMC1HUF,-123.5864687182,-122.9553731455,40.1318291216,40.7428677154,Klamath,HYMC1,"54.3153331896351",SF Trinity - Hyampom
"0","92",HYMC1HLF,-123.5786146532,-122.9607983010,40.1325802888,40.7443572946,Klamath,HYMC1,"710.080395594406",SF Trinity - Hyampom
"0","101",RUFC1LLF,-120.7348383849,-120.4013932388,38.8822275733,39.0672212007,American,RUFC1,"95.8944864321204",Rubicon R nr Foresthill
"0","105",RUFC1LUF,-120.5710656157,-120.3793115437,38.9190954490,39.1240530481,American,RUFC1,"42.6209787429474",Rubicon R nr Foresthill
"0","116",SPYC1HLF,-120.6080082425,-120.4751061000,38.8808483214,38.9392627811,American,SPYC1,"8.30286462910364",Pilot Ck - Stumpy Meadows Res
"0","120",SPYC1HUF,-120.5642336711,-120.4407734436,38.8823567893,38.9522985077,American,SPYC1,"6.64007545911183",Pilot Ck - Stumpy Meadows Res
"0","122",CMSN2HOF,-117.5947283490,-116.7960787543,40.5618687848,41.0584534214,Humboldt,CMSN2,"842.132952542126",Humboldt - Comus
"0","123",HRIN2HOF,-118.2340358187,-116.8111354489,40.4661647872,41.6729315297,Humboldt,HRIN2,"2365.11246020941","Humboldt - Imlay, Nr"
"0","124",HBMN2HOF,-117.5641492715,-115.9418104382,38.7408358290,41.1201531446,Humboldt,HBMN2,"4279.65206886799",Humboldt - Battle Mtn
"0","125",UKAC1HOF,-123.3876082836,-123.1488088915,39.1949536869,39.3867643339,RussianNapa,UKAC1,"100.406717952631",Russian R - Ukiah
"0","126",LAMC1HOF,-123.2030607942,-122.9938646791,39.1661961153,39.3991913760,RussianNapa,LAMC1,"104.827419408746",EF Russian - Coyote Dam
"0","127",HOPC1LOF,-123.3705633956,-123.0403652345,38.9956664736,39.2241920000,RussianNapa,HOPC1,"157.206617474769",Russian - Hopland
"0","128",GRCC1HOF,-123.6332484674,-123.2784459238,38.8301202664,38.9722999916,RussianNapa,GRCC1,"82.9570835873603",Garcia R - Pt Arena
"0","129",NVRC1HOF,-123.6722306233,-123.1892180886,38.8114197833,39.2521877243,RussianNapa,NVRC1,"303.47614707913",Navarro - Navarro
"0","130",CDLC1LOF,-123.2883471234,-122.8563311421,38.8526634849,39.0520859017,RussianNapa,CDLC1,"140.534861645082",Russian River - Cloverdale
"0","131",WSDC1HOF,-123.2766694997,-123.0052452871,38.6414768835,38.9399912562,RussianNapa,WSDC1,"130.207405481133",Dry Ck - Warm Springs Dam
"0","132",GSRC1HOF,-123.4308827519,-123.1087424639,38.5146970422,38.7743718250,RussianNapa,GSRC1,"161.372526238896",SF Gualala - Sea Ranch
"0","133",SHEC1HOF,-122.6472115341,-122.4407433142,38.4555477511,38.6664953294,RussianNapa,SHEC1,"78.9075331986341",Napa - St. Helena
"0","134",GUEC1LOF,-123.0846383567,-122.7998423454,38.3445759295,38.7481126311,RussianNapa,GUEC1,"179.595523443247",Russian - Guerneville
"0","135",HNEC1HOF,-122.4790288147,-122.2572783758,38.4607685480,38.6061803763,RussianNapa,HNEC1,"52.1181373537283",Conn Ck - Lake Hennessey
"0","136",APCC1LOF,-122.4979882882,-122.2585027094,38.3444639770,38.5268243545,RussianNapa,APCC1,"87.4822110869396",Napa - Napa
"0","137",SVWC1HOF,-117.4090385952,-117.2294299739,34.2269731798,34.3051252326,SanDiego_Inland,SVWC1,"33.9134820313318",Silverwood Lk - Hesperia
"0","138",WFMC1LOF,-117.4388212245,-117.2082747524,34.2329315065,34.3465333515,SanDiego_Inland,WFMC1,"37.1166331809037",WF Mojave - Hesperia
"0","139",DKHC1HOF,-117.2310096106,-116.8895498586,34.1930746735,34.3692992203,SanDiego_Inland,DKHC1,"134.391110030258",Deep Creek nr Hesperia
"0","140",MVDC1LOF,-117.2579846126,-117.2210042994,34.3043782916,34.3470825077,SanDiego_Inland,MVDC1,"4.18969029045884",Mojave Forks Dam
"0","141",MVVC1LOF,-117.4725872347,-117.1645568981,34.3301312528,34.6722334078,SanDiego_Inland,MVVC1,"187.424516539618",Mojave River nr Victorville
"0","142",MBRC1LOF,-117.6470199859,-116.8100522702,34.3463753867,34.9351687096,SanDiego_Inland,MBRC1,"834.292468135825",Mojave River at Barstow
"0","143",ELPC1HOF,-116.8169935885,-116.5295732985,32.8176892967,33.1209816081,SanDiego_Inland,ELPC1,"188.454626880982",San Diego R - El Capitan Dam
"0","144",SVIC1HOF,-116.9743405281,-116.7314132213,32.9041023163,33.0500012853,SanDiego_Inland,SVIC1,"74.308271818609",San Vicente Ck - San Vicente Dam
"0","145",FSNC1LOF,-117.1725471570,-116.8028868201,32.7480410596,32.9496547766,SanDiego_Inland,FSNC1,"166.82121745629",San Diego R - Fashion Valley
"0","146",TEKC1HOF,-116.9515883240,-116.6199244613,33.3284124654,33.4979840838,SanDiego_Inland,TEKC1,"131.506753086905",Temecula Ck - Aguanga
"0","147",VLKC1LOF,-117.0177134055,-116.5693846591,33.3864935217,33.6327284991,SanDiego_Inland,VLKC1,"186.349728361307",Temecula Ck - Vail Lake
"0","148",MUTC1HOF,-117.3164091561,-116.8464625495,33.4755085113,33.6903029268,SanDiego_Inland,MUTC1,"204.76238994064",Murrieta Ck - Temecula
"0","149",SMHC1LOF,-117.1477819164,-116.9778669214,33.4147211112,33.5345875818,SanDiego_Inland,SMHC1,"45.8027203391767",Santa Margarita - Temecula
"0","150",YDRC1LOF,-117.3908090301,-117.0955943710,33.3068477464,33.5308260837,SanDiego_Inland,YDRC1,"132.017349210474",Santa Margarita - Ysidora
"0","151",HAWC1HOF,-116.8912790232,-116.4886820432,33.1565704813,33.4068693717,SanDiego_Inland,HAWC1,"205.489902113402",San Luis Rey R - Lake Henshaw
"0","152",SHRC1LOF,-117.1475960526,-116.7585947603,33.2081279624,33.4368159381,SanDiego_Inland,SHRC1,"167.799893722812",San Luis Rey - Shearer Crossing
"0","153",SLOC1LOF,-117.3706193915,-116.9639271575,33.1955873718,33.4123166706,SanDiego_Inland,SLOC1,"182.570244909959",San Luis Rey R at Oceanside
"0","154",ADOC1LOF,-117.7893745717,-117.3803782561,33.7954442121,34.2887270809,SouthernCalifornia,ADOC1,"399.000311098576",Santa Ana R - Prado Dam
"0","155",KNBC1HOF,-117.6293132627,-117.4028102130,34.2622215769,34.3855067293,SouthernCalifornia,KNBC1,"56.0432959407496",Cajon Ck - Keenbrook
"0","156",MWXC1LOF,-117.4502543716,-117.2013383939,33.8987451450,34.1886120992,SouthernCalifornia,MWXC1,"134.073407072769",Santa Ana - MWD Crossing
"0","157",LKMC1HOF,-117.4684179981,-117.2764256860,33.7749181514,33.8840952063,SouthernCalifornia,LKMC1,"39.2865458027495",Lake Matthews
"0","158",TIMC1HOF,-117.2731859599,-116.9034876419,33.9107500683,34.0843021027,SouthernCalifornia,TIMC1,"120.936489219329",San Timoteo Ck - Loma Linda
"0","159",TSLC1HOF,-117.6044615051,-117.2911571886,33.6646364268,33.9574021589,SouthernCalifornia,TSLC1,"205.079916653875",Temescal Ck abv Main Street
"0","160",YTLC1LOF,-117.6463186480,-117.2762941578,34.0775151152,34.3325742160,SouthernCalifornia,YTLC1,"112.997137955773",Lytle Ck nr Colton
"0","161",HSAC1HOF,-120.4293144555,-120.2127120189,35.0537726600,35.2736858771,SouthernCalifornia,HSAC1,"107.305965794704",Huasna R - Arroyo Grande
"0","162",CYBC1HOF,-120.2339485780,-119.1296720943,34.6228013675,35.1652367909,SouthernCalifornia,CYBC1,"884.870935053503",Cuyama R - Buckhorn Canyon
"0","163",TWDC1LOF,-120.3616700029,-120.0770553841,34.9755070141,35.2588467702,SouthernCalifornia,TWDC1,"128.105413998109",Cuyama - Twitchell Dam
"0","164",SSQC1HOF,-120.1702647323,-119.6187846448,34.6900103328,34.9505100861,SouthernCalifornia,SSQC1,"281.20775729953",Sisquoc R - Sisquoc
"0","165",GARC1LOF,-120.3465039179,-119.9553384861,34.7678156499,35.0366436516,SouthernCalifornia,GARC1,"191.790872316336",Sisquoc - Garey
"0","166",LLYC1HOF,-119.8836744793,-119.4235339742,34.4636265536,34.7167307230,SouthernCalifornia,LLYC1,"277.067793499742",Santa Ynez - Los Laurels Canyon
"0","167",CCHC1LOF,-119.9830086240,-119.6687635454,34.5132402362,34.7307327434,SouthernCalifornia,CCHC1,"140.438115554381",Santa Ynez - Cachuma Dam
"0","168",SLUC1HOF,-120.4804906722,-120.2608020861,34.5005559942,34.6020436661,SouthernCalifornia,SLUC1,"46.9227962913292",Salsipudes Ck - Lompoc
"0","169",NRWC1LOF,-120.4423531770,-119.9213641170,34.5134726029,34.8133151072,SouthernCalifornia,NRWC1,"324.715213992797",Santa Ynez - Narrows
"0","170",VRVC1HOF,-119.4737794133,-119.1360935654,34.3477303038,34.5987056299,SouthernCalifornia,VRVC1,"187.567819915852",Ventura River nr Ventura
"0","171",CLLC1HOF,-119.0418407192,-118.6137637030,34.1452633722,34.3727740568,SouthernCalifornia,CLLC1,"248.916631160453",Calleguas Ck - Camarillo
"0","172",PYMC1HOF,-119.2105412504,-118.6965301788,34.5982233078,34.8237947426,SouthernCalifornia,PYMC1,"290.704997837691",Piru Ck - Pyramid Lake
"0","173",LKPC1LOF,-118.9420260656,-118.6622522818,34.4522109175,34.6551505789,SouthernCalifornia,LKPC1,"127.342114481642",Lake Piru
"0","174",SCPC1LOF,-118.7443704931,-118.0532632233,34.3198105403,34.6486591420,SouthernCalifornia,SCPC1,"508.702774162104",Santa Clara - Piru
"0","175",SESC1HOF,-119.4672292451,-118.8611375537,34.4333253619,34.6539951801,SouthernCalifornia,SESC1,"253.577431740035",Sespe Ck - Fillmore
"0","176",VCAC1LOF,-119.2162823302,-118.6917857775,34.2322714508,34.5281042504,SouthernCalifornia,VCAC1,"270.495120627865",Santa Clara - Victoria Avenue
"0","177",PCNC1HLF,-116.6176576474,-116.4419645856,33.5369227529,33.7626472110,SanDiego_Inland,PCNC1,"86.7180274780162",Palm Canyon Creek near Palm Springs
"0","178",PCNC1HUF,-116.6268026320,-116.4462544411,33.5359294324,33.7197216559,SanDiego_Inland,PCNC1,"6.253591883961",Palm Canyon Creek near Palm Springs
"0","183",MSYC1HLF,-116.7137617387,-116.6143777121,34.0108454184,34.1274689399,SanDiego_Inland,MSYC1,"19.8388671798182",Mission Ck - Desert Hot Springs
"0","184",MSYC1HUF,-116.7706653180,-116.6488812259,34.0681627249,34.1588506959,SanDiego_Inland,MSYC1,"16.0688008404437",Mission Ck - Desert Hot Springs
"0","188",WIPC1HLF,-116.9492287082,-116.6211456936,33.8260378797,34.0838515382,SanDiego_Inland,WIPC1,"215.468755544026",Whitewater at Windy Point
"0","193",WIPC1HUF,-116.9057105266,-116.6463389584,33.8138298503,34.1151570849,SanDiego_Inland,WIPC1,"47.3522436153091",Whitewater at Windy Point
"0","199",WWIC1LLF,-116.6694352759,-116.3119225868,33.7197014163,34.1669776610,SanDiego_Inland,WWIC1,"399.228831566799",Whitewater River at Rancho Mirage
"0","201",WWIC1LUF,-116.6961381113,-116.5969147539,33.7185560433,34.1667796321,SanDiego_Inland,WWIC1,"26.7349496601354",Whitewater River at Rancho Mirage
"0","206",DEPC1HLF,-116.4584383721,-116.3444842691,33.5307049014,33.6315159986,SanDiego_Inland,DEPC1,"25.1905534186976",Deep Creek - Pam Desert
"0","207",DEPC1HUF,-116.4522340448,-116.3444842691,33.5219013035,33.5602940383,SanDiego_Inland,DEPC1,"5.28273634410328",Deep Creek - Pam Desert
"0","210",WTIC1LOF,-116.4802846387,-116.1774321480,33.5746880449,34.0062017541,SanDiego_Inland,WTIC1,"257.413558206601",Whitewater River at Indio
"0","211",WHWC1LLF,-116.3882332455,-115.9496040363,33.4521873611,33.9277151529,SanDiego_Inland,WHWC1,"391.177830400181",Whitewater River at Mecca
"0","212",WHWC1LUF,-116.4209278268,-116.2912554043,33.4551699713,33.5659597969,SanDiego_Inland,WHWC1,"3.87975429556599",Whitewater River at Mecca
"0","218",SRWC1HLF,-117.1089724076,-116.7186647352,34.1040241261,34.3187479515,SouthernCalifornia,SRWC1,"171.130666491133",Santa Ana - Mentone
"0","221",SRWC1HUF,-117.0292429426,-116.6947087689,34.0998567440,34.3219693377,SouthernCalifornia,SRWC1,"37.9504508134262",Santa Ana - Mentone
"0","232",SREC1LLF,-117.3492928372,-116.8466284419,34.0165534937,34.2380329526,SouthernCalifornia,SREC1,"206.010891520043",Santa Ana - E St
"0","233",SREC1LUF,-116.9570883092,-116.8394634127,34.0602677503,34.1419019958,SouthernCalifornia,SREC1,"12.5361230031105",Santa Ana - E St
"0","234",WMSO3LLF,-121.9600901123,-121.7930316628,42.5046616547,42.7465225388,Klamath,WMSO3,"76.6798886964693",Williamson - blo Sprague River
"0","239",WMSO3LUF,-121.9361228180,-121.7799075049,42.4737370116,42.7399222700,Klamath,WMSO3,"10.6911687714274",Williamson - blo Sprague River
"0","253",SCNO3HLF,-121.4285567496,-121.0399443599,42.4808263972,42.8811903401,Klamath,SCNO3,"104.930983640685",Sycan R - Beatty
"0","293",SCNO3HUF,-121.4362503932,-120.7264565133,42.4806664107,42.9462421406,Klamath,SCNO3,"450.836046502103",Sycan R - Beatty
"0","323",CHSO3LLF,-121.8513283978,-121.1863881903,42.3554250938,42.7212341199,Klamath,CHSO3,"366.167704144364",Sprague nr Chiloquin
"0","338",CHSO3LUF,-121.8301512268,-121.1502376269,42.3177795713,42.7300437430,Klamath,CHSO3,"142.193702966446",Sprague nr Chiloquin
"0","368",KLAO3LLF,-122.2548123231,-121.7054915587,42.1682968494,42.8300612285,Klamath,KLAO3,"510.620104738571",Upper Klamath Lake
"0","400",KLAO3LUF,-122.3151480038,-121.7024200017,42.1698899795,42.9103257219,Klamath,KLAO3,"266.854506911206",Upper Klamath Lake
"0","444",HAPC1HLF,-123.6115378161,-123.3532351504,41.8052038624,42.0116945083,Klamath,HAPC1,"103.992755395302",Indian Ck - Happy Camp
"0","451",HAPC1HUF,-123.6199226378,-123.3680947486,41.7998092310,42.0179478071,Klamath,HAPC1,"15.4904186027301",Indian Ck - Happy Camp
"0","475",BOYO3LLF,-122.2144610844,-121.9392801842,42.0508268473,42.2892800817,Klamath,BOYO3,"96.6490923388754",Klamath blw JC Boyle Dam
"0","478",BOYO3LUF,-122.2696490897,-121.9367454787,42.0528952899,42.3398466010,Klamath,BOYO3,"59.7686141501163",Klamath blw JC Boyle Dam
"0","492",BTYO3HLF,-121.2406785373,-120.8066772580,42.2792239387,42.6058462962,Klamath,BTYO3,"187.267268960533",Sprague R - Beatty
"0","524",BTYO3HUF,-121.2309731439,-120.6702938440,42.1967341078,42.6551184585,Klamath,BTYO3,"338.603871042444",Sprague R - Beatty
"0","544",IRGC1LLF,-122.5584766725,-122.0152669578,41.8267184035,42.3030037791,Klamath,IRGC1,"442.646819718367",Klamath - Iron Gate Dam
"0","559",IRGC1LUF,-122.5613228798,-122.0233436140,41.8136226190,42.3032490426,Klamath,IRGC1,"108.900113831015",Klamath - Iron Gate Dam
"0","595",GERO3HLF,-121.2965928855,-121.0169151300,42.1182861154,42.3591856298,Klamath,GERO3,"67.9501188906931",Gerber Reservoir
"0","609",GERO3HUF,-121.3260428057,-120.8167655018,42.0591553786,42.3921335621,Klamath,GERO3,"166.216979274066",Gerber Reservoir
"0","633",SEIC1LLF,-123.2669448342,-122.2767521519,41.5635620301,42.0786226734,Klamath,SEIC1,"716.671243714622",Klamath - Seiad Valley
"0","657",SEIC1LUF,-123.2650830546,-122.2414001382,41.5425837347,42.0865299857,Klamath,SEIC1,"149.649335648872",Klamath - Seiad Valley
"0","707",KEOO3LLF,-121.9616059547,-121.7243603992,42.0694322211,42.2351824048,Klamath,KEOO3,"63.7802155778953",Klamath River at Keno
"0","708",KEOO3LUF,-121.9624497544,-121.9178309858,42.0872041484,42.1770553863,Klamath,KEOO3,"0.64865162643545",Klamath River at Keno
"0","714",KELO3LLF,-121.3949101572,-120.9403048214,41.9171980826,42.2377004332,Klamath,KELO3,"232.568635228189",Lost R - Keller Bridge
"0","728",KELO3LUF,-121.3798326907,-120.8328825374,41.9561268266,42.2464073671,Klamath,KELO3,"54.1739938721105",Lost R - Keller Bridge
"0","752",ONSC1LLF,-123.7162856492,-123.2021562697,41.2751380072,42.0077284621,Klamath,ONSC1,"596.46970816221",Klamath - Orleans
"0","771",ONSC1LUF,-123.7196108455,-123.1987925013,41.2862572627,42.0099309565,Klamath,ONSC1,"74.7658156313883",Klamath - Orleans
"0","836",YREC1HLF,-122.7489375594,-122.1756068322,41.3503027924,41.8283000003,Klamath,YREC1,"593.176468288821",Shasta nr Yreka
"0","847",YREC1HUF,-122.7517825477,-122.1148238213,41.3191341557,41.8162691623,Klamath,YREC1,"172.058704933577",Shasta nr Yreka
"0","884",FTJC1HLF,-123.0955190545,-122.6091572274,41.2318787184,41.7647250662,Klamath,FTJC1,"481.411476441047",Scott - Fort Jones
"0","906",FTJC1HUF,-123.1396369021,-122.5654216511,41.1959821773,41.7691541127,Klamath,FTJC1,"180.05101961644",Scott - Fort Jones
"0","947",KLMC1LLF,-124.0270349534,-123.4230700085,40.9607603445,41.5956346040,Klamath,KLMC1,"755.754785747979",Klamath - Turwar Creek
"0","952",KLMC1LUF,-123.7785064105,-123.4082240558,41.0871919585,41.5959924277,Klamath,KLMC1,"15.0912737675351",Klamath - Turwar Creek
"0","984",CKEC1HLF,-121.2646874202,-120.6523329198,41.5357202734,41.9828293658,Klamath,CKEC1,"413.619659435386",Lost R - Clear Lake
"0","1059",CKEC1HUF,-121.2459962971,-120.5643623327,41.5276598230,42.0847147542,Klamath,CKEC1,"289.731059807806",Lost R - Clear Lake
"0","1151",SBRC1HLF,-123.4841098386,-122.9316046626,41.0252159345,41.5534584366,Klamath,SBRC1,"505.50425113722",Salmon - Somes bar
"0","1179",SBRC1HUF,-123.4715197491,-122.8974762477,40.9922155376,41.5655119921,Klamath,SBRC1,"245.06676210183",Salmon - Somes bar
"0","1229",HOOC1LLF,-123.7798005498,-123.1962530016,40.6253404699,41.1581099889,Klamath,HOOC1,"596.981330677183",Trinity R @ Hoopa
"0","1256",HOOC1LUF,-123.6953317755,-123.1911787027,40.6516949898,41.1805634530,Klamath,HOOC1,"49.3148025624779",Trinity R @ Hoopa
"0","1316",LEWC1LLF,-122.8319623465,-122.7003638321,40.7252332786,40.8111651759,Klamath,LEWC1,"25.3514677331844",Trinity - Lewiston Reservoir
"0","1317",TRJC1LLF,-123.1120410866,-122.6959770664,40.4179269143,40.8492240635,Klamath,TRJC1,"321.931979834417",Trinity - Junction City
"0","1320",TRJC1LUF,-123.1142384098,-122.6930272863,40.4178527060,40.8519789941,Klamath,TRJC1,"19.1043348071585",Trinity - Junction City
"0","1349",WKAO3HLF,-121.9834606854,-121.3548152405,42.6708788577,43.2478364329,Klamath,WKAO3,"749.123130144314",Williamson R nr Agency
"0","1426",WKAO3HUF,-122.1242763284,-121.2964387675,42.6301792308,43.3424709292,Klamath,WKAO3,"551.110638110175",Williamson R nr Agency
"0","1495",SUSC1HLF,-121.1088106235,-120.6702226614,40.2943266359,40.5546960773,EastSierra,SUSC1,"143.680659599614",Susan River - Susanville
"0","1511",SUSC1HUF,-121.2444197391,-120.7293473205,40.2786380711,40.5615378636,EastSierra,SUSC1,"47.3342713530837",Susan River - Susanville
"0","1536",STPC1LLF,-120.2149565714,-120.0853423372,39.4446656882,39.5065090404,EastSierra,STPC1,"7.89316364854017",Little Truckee - Stampede Dam
"0","1545",STPC1LUF,-120.4650245957,-120.0424032729,39.4113312557,39.5932060565,EastSierra,STPC1,"109.069844339929",Little Truckee - Stampede Dam
"0","1561",VISN2LOF,-119.8129311239,-119.6926664308,39.4957664191,39.6281887850,EastSierra,VISN2,"27.3582723126844",Truckee - Vista
"0","1562",BCAC1LLF,-120.1679810420,-120.0627285234,39.3827202915,39.4847040002,EastSierra,BCAC1,"21.3159279715779",Little Truckee - Boca Dam
"0","1569",BCAC1LUF,-120.1807617785,-120.0397108920,39.3799687956,39.4926364154,EastSierra,BCAC1,"14.8893347622328",Little Truckee - Boca Dam
"0","1584",TRRN2LLF,-120.0573885018,-119.7925725934,39.4224845990,39.6014331581,EastSierra,TRRN2,"72.4957768242337",Truckee - Reno
"0","1592",TRRN2LUF,-120.0966562685,-119.8656590216,39.4016756203,39.6015034736,EastSierra,TRRN2,"63.6988252428629",Truckee - Reno
"0","1598",PSRC1HLF,-120.2259972130,-120.1267402910,39.3356077538,39.4167624191,EastSierra,PSRC1,"12.7135718781315",Prosser Ck - Prosser Ck Dam
"0","1604",PSRC1HUF,-120.3654951549,-120.1177394041,39.3348130671,39.4314976805,EastSierra,PSRC1,"40.847137325272",Prosser Ck - Prosser Ck Dam
"0","1609",SCWN2LLF,-119.8714831555,-119.6593533981,39.3129400171,39.5262514200,EastSierra,SCWN2,"84.8430149742945",Steamboat Ck - Sparks
"0","1615",SCWN2LUF,-119.9372275770,-119.6532520211,39.3035953814,39.4691488334,EastSierra,SCWN2,"35.61220981821",Steamboat Ck - Sparks
"0","1627",FARC1LLF,-120.2397892095,-120.0056726534,39.2960816256,39.4318892059,EastSierra,FARC1,"21.7557755506447",Truckee - Farad
"0","1638",FARC1LUF,-120.3269253729,-119.9206801968,39.2449901911,39.4320443444,EastSierra,FARC1,"77.1413579964189",Truckee - Farad
"0","1653",MTSC1HLF,-120.1666756774,-120.0985106580,39.2810102586,39.3309867427,EastSierra,MTSC1,"6.97084281209188",Martis Ck Reservoir
"0","1658",MTSC1HUF,-120.1999363133,-120.0319808667,39.2346842615,39.3386116521,EastSierra,MTSC1,"32.9162901060559",Martis Ck Reservoir
"0","1662",SCRN2LLF,-119.8494074827,-119.7024131953,39.3167803275,39.3835221567,EastSierra,SCRN2,"24.063141325041",Steamboat Ck - Steamboat
"0","1671",SCRN2LUF,-119.9420864207,-119.7142901357,39.3119417645,39.3827375065,EastSierra,SCRN2,"15.003157151028",Steamboat Ck - Steamboat
"0","1683",LWON2HLF,-119.8637889571,-119.7093838322,39.2047681148,39.3371286945,EastSierra,LWON2,"47.4053588869825",Steamboat Ck - Washoe Lake
"0","1687",LWON2HUF,-119.9260034736,-119.6792636515,39.1652615646,39.3355937564,EastSierra,LWON2,"33.7617327905987",Steamboat Ck - Washoe Lake
"0","1696",STWN2LLF,-119.8947561194,-119.4763372986,38.7254028196,39.1414013076,EastSierra,STWN2,"382.802683986028",Carson Rvr - Carson City
"0","1719",STWN2LUF,-119.9074197100,-119.4548678500,38.7290319728,39.1541811635,EastSierra,STWN2,"81.4731153340981",Carson Rvr - Carson City
"0","1746",GRDN2LLF,-119.7969068294,-119.5557632118,38.7020752791,38.8490207352,EastSierra,GRDN2,"48.8138148248047",EF Carson - Gardnerville
"0","1753",GRDN2LUF,-119.7375853086,-119.5298369130,38.6653805629,38.8280274019,EastSierra,GRDN2,"30.303768460155",EF Carson - Gardnerville
"0","1757",WWHN2LLF,-119.5024556936,-119.0955770125,38.5006731197,39.0814528661,EastSierra,WWHN2,"431.924145010807",W Walker nr Hudson
"0","1777",WWHN2LUF,-119.5192601295,-119.0930950013,38.4307353444,39.0286004169,EastSierra,WWHN2,"56.5871323633149",W Walker nr Hudson
"0","1819",CEMC1HLF,-119.9233091187,-119.5670418567,38.4180216038,38.7351734390,EastSierra,CEMC1,"142.96220070291",EF Carson - Markleeville
"0","1854",CEMC1HUF,-119.9328973293,-119.5422011149,38.3538880255,38.7419908990,EastSierra,CEMC1,"133.583933711557",EF Carson - Markleeville
"0","1902",HOYN2LLF,-119.6203804282,-119.3482311956,38.3734579318,38.8028792285,EastSierra,HOYN2,"260.124128523483",W Walker at Hoye Bridge
"0","1924",HOYN2LUF,-119.6211789564,-119.3035035826,38.3779663568,38.8119518787,EastSierra,HOYN2,"55.8878241336739",W Walker at Hoye Bridge
"0","1965",WWBC1HLF,-119.5750976807,-119.3636604754,38.2406489794,38.3842189845,EastSierra,WWBC1,"46.0029911102548",West Walker blw Little Walker
"0","1978",WWBC1HUF,-119.6514647379,-119.3635364554,38.1366801998,38.4104263894,EastSierra,WWBC1,"134.270268908672",West Walker blw Little Walker
"0","1988",EWSN2LLF,-119.2699562179,-118.6988154416,38.2298798762,38.8290473981,EastSierra,EWSN2,"594.011066714844",E Walker abv Strosnider
"0","2026",EWSN2LUF,-119.3158552009,-118.6841328284,38.1894084173,38.8080787387,EastSierra,EWSN2,"143.009150725388",E Walker abv Strosnider
"0","2087",BPRC1HLF,-119.4485724906,-119.0843822242,38.0921868973,38.3749810548,EastSierra,BPRC1,"174.648523772556",East Walker - Bridgeport
"0","2115",BPRC1HUF,-119.5140878355,-119.0691242343,38.0304248818,38.4231108836,EastSierra,BPRC1,"184.583395635723",East Walker - Bridgeport
"0","2145",NIXN2LOF,-119.4664284059,-119.2108629439,39.6275086132,39.7787656385,EastSierra,NIXN2,"91.8421108436538",Truckee nr Nixon
"0","2146",ILAC1HOF,-120.3719230313,-120.2788054437,39.4064177053,39.4616375423,EastSierra,ILAC1,"8.29378298404571",Independence Lake
"0","2147",SGNC1HOF,-120.3177418335,-120.2347199422,39.4048824502,39.4635276052,EastSierra,SGNC1,"10.6829148331823",Saghen Ck - Truckee
"0","2148",WADN2LOF,-119.4828210532,-119.2566413105,39.5527332950,39.6519591076,EastSierra,WADN2,"50.2662544544621",Truckee R at Wadsworth
"0","2149",DNRC1HOF,-120.3447920834,-120.2300906892,39.2950868806,39.3640495887,EastSierra,DNRC1,"14.491756504613",Donner Lake
"0","2150",TBDN2LOF,-119.8047022715,-119.3260525154,39.3339171538,39.7277293766,EastSierra,TBDN2,"335.430262713129",Truckee R blw Derby Dam
"0","2151",TRCC1LOF,-120.2872992920,-120.1426834445,39.1438252395,39.2997645471,EastSierra,TRCC1,"46.4113503853838",Truckee nr Truckee
"0","2152",FTCN2LOF,-119.8872829653,-119.2965269776,39.0464529489,39.4411924717,EastSierra,FTCN2,"419.400043887345",Carson R nr Fort Churchill
"0","2153",WALN2LOF,-119.3005425366,-118.8573777804,38.8026688552,39.2229781223,EastSierra,WALN2,"347.77630667162",Walker R nr Wabuska
"0","2154",TAHC1HOF,-120.2525078421,-119.8738621954,38.7042234289,39.3252786429,EastSierra,TAHC1,"509.363680382923",Truckee - Tahoe City
"0","2155",WOOC1HOF,-119.9937541978,-119.8322492430,38.6392635831,38.8625087293,EastSierra,WOOC1,"65.5753476442366",WF Carson - Woodfords
"0","2156",MASN2LOF,-119.2272846731,-118.9693146739,38.6365405034,38.9248651439,EastSierra,MASN2,"166.360599218757",Walker - Mason
"0","2157",ARCC1LOF,-124.0724548957,-123.4179791908,40.3485574404,41.0040110079,NorthCoast,ARCC1,"364.430784973721",Mad River - Arcata
"0","2158",BLKC1HOF,-123.8654357910,-123.6777943344,40.6842615170,40.9141570067,NorthCoast,BLKC1,"67.7842107931454",Redwood Ck - Blue Lake
"0","2159",BRGC1HOF,-123.9021650958,-123.3753768961,40.2501485017,40.5715572645,NorthCoast,BRGC1,"221.22032058284",Van Duzen - Bridgeville
"0","2160",CREC1HOF,-124.0861822143,-123.6356837416,41.5112222293,42.1442332252,NorthCoast,CREC1,"613.346213392401",Smith - Jed Smith nr Crescent City
"0","2161",DOSC1HLF,-123.3586344080,-122.7789419927,39.5024666493,40.1386445204,NorthCoast,DOSC1,"565.667538913853",MF Eel - Dos Rios
"0","2194",DOSC1HUF,-123.1870671371,-122.7575989826,39.4955120726,40.1491700310,NorthCoast,DOSC1,"179.135223906475",MF Eel - Dos Rios
"0","2218",ETTC1HOF,-124.1168816020,-123.8929360329,39.9646464023,40.1594144716,NorthCoast,ETTC1,"70.8827964464979",Mattole - Ettersburg
"0","2219",FRNC1LOF,-124.2847948121,-123.7244661612,40.4320351402,40.7264224825,NorthCoast,FRNC1,"269.305213142438",Eel - Fernbridge
"0","2220",FTBC1HOF,-123.7510967519,-123.4065850387,39.3431160210,39.5150817086,NorthCoast,FTBC1,"106.748482331824",Noyo - Ft Bragg
"0","2221",FTDC1LOF,-124.1406604128,-124.0045948565,41.6708505906,41.8964528567,NorthCoast,FTDC1,"58.0697260420925",Smith - Fort Dick
"0","2222",FTSC1LLF,-123.7138029230,-122.9437312192,39.3057069526,40.2818855953,NorthCoast,FTSC1,"1065.23585546488",Eel - Fort Seward
"0","2226",FTSC1LUF,-123.4844637540,-123.0507210354,39.4581405391,40.2585096134,NorthCoast,FTSC1,"7.74420543575298",Eel - Fort Seward
"0","2236",LEGC1HOF,-123.8048031287,-123.4255529294,39.6028690513,39.9143295040,NorthCoast,LEGC1,"247.858357928884",SF Eel - Leggett
"0","2237",MAUC1HOF,-123.3780058188,-123.1263141613,40.0884837132,40.3006977253,NorthCoast,MAUC1,"93.6181517837054",Mad River abv Ruth Reservoir
"0","2238",MRNC1LOF,-123.9650848010,-123.5677277716,39.8527706260,40.1904981132,NorthCoast,MRNC1,"289.051790280195",SF Eel - Miranda
"0","2239",MTOC1LOF,-124.2916827584,-123.9091261326,40.1080807578,40.3553808794,NorthCoast,MTOC1,"174.44477766346",Mattole - Petrolia
"0","2240",ORIC1LOF,-124.0838671403,-123.7532017005,40.8822804733,41.4512558665,NorthCoast,ORIC1,"209.272852607781",Redwood Ck - Orick
"0","2241",PLBC1HLF,-123.0687212662,-122.6680460164,39.2408912794,39.6184510242,NorthCoast,PLBC1,"249.357438169837",Eel R - Lk Pillsbury
"0","2258",PLBC1HUF,-123.0715393122,-122.6681435738,39.2505392771,39.6252392849,NorthCoast,PLBC1,"39.5560503171554",Eel R - Lk Pillsbury
"0","2287",RADC1HOF,-123.4491740893,-123.3007884371,40.2822002249,40.3815249482,NorthCoast,RADC1,"26.9208957874292",Ruth Lake
"0","2288",SCOC1LOF,-124.1433112415,-123.4449871933,40.1348977301,40.4977167422,NorthCoast,SCOC1,"470.121154339921",Eel - Scotia
"0","2289",SCBC1HLF,-121.1233458624,-120.7232341262,39.8641522587,40.0266380794,FeatherYuba,SCBC1,"116.281663161755",Spanish Ck - Keddie
"0","2303",SCBC1HUF,-121.1577593897,-120.6904273633,39.8553763847,40.0495336608,FeatherYuba,SCBC1,"67.6154165819641",Spanish Ck - Keddie
"0","2323",NFEC1LLF,-121.2192805201,-120.9234366791,39.9663925106,40.1005333974,FeatherYuba,NFEC1,"67.8087089751112",EB of NF Feather
"0","2328",NFEC1LUF,-121.2187767565,-120.8951067126,39.9514982571,40.1373005192,FeatherYuba,NFEC1,"27.9622422668132",EB of NF Feather
"0","2340",PLLC1HLF,-121.3530903331,-121.0310366499,40.1562233714,40.3702589901,FeatherYuba,PLLC1,"113.925233425098",NF Feather - Lk Almanor
"0","2359",PLLC1HUF,-121.5031182729,-120.8145947187,40.1529921755,40.5069153958,FeatherYuba,PLLC1,"385.114461008042",NF Feather - Lk Almanor
"0","2372",PLGC1LLF,-121.4900388583,-121.0600933446,39.7753602168,40.2793010503,FeatherYuba,PLGC1,"228.936379171232",NF Feather - Pulga
"0","2409",PLGC1LUF,-121.4465116188,-121.0433184094,39.8135098615,40.3167042280,FeatherYuba,PLGC1,"197.620839657035",NF Feather - Pulga
"0","2450",MRMC1LLF,-121.3289474201,-120.4438568763,39.6886782996,39.9004369805,FeatherYuba,MRMC1,"184.754950477332",MF Feather - Merrimac
"0","2506",MRMC1LUF,-121.3214683929,-120.4265866978,39.6474960391,39.9243156458,FeatherYuba,MRMC1,"290.868130664872",MF Feather - Merrimac
"0","2549",WBGC1HLF,-121.5858500944,-121.4105521537,39.8194032264,40.0450118168,FeatherYuba,WBGC1,"62.591986184826",WB Feather - Magalia
"0","2556",WBGC1HUF,-121.5374535689,-121.3977635407,39.9229452531,40.0936949903,FeatherYuba,WBGC1,"45.5257881473403",WB Feather - Magalia
"0","2563",ORDC1LLF,-121.5810817048,-121.0103009734,39.4789172660,39.8349851063,FeatherYuba,ORDC1,"428.001482215256",Feather - Oroville Dam
"0","2577",ORDC1LUF,-121.3288347395,-120.8685600044,39.6581601681,39.8156807412,FeatherYuba,ORDC1,"53.631037711593",Feather - Oroville Dam
"0","2589",HCTC1HOF,-121.3856762217,-121.2814080285,39.3463956963,39.5009993137,FeatherYuba,HCTC1,"30.7508651072493",SF Honcut Ck - Bangor
"0","2590",YUBC1LOF,-121.6509706953,-121.3170266496,39.1378514945,39.6207016452,FeatherYuba,YUBC1,"312.271462512593",Feather - Yuba City
"0","2591",GYRC1HLF,-120.9422799846,-120.5759231468,39.4968271249,39.6851422471,FeatherYuba,GYRC1,"74.2459972142443",NF Yuba - Goodyears Bar
"0","2606",GYRC1HUF,-120.9159183314,-120.4298746049,39.4949839804,39.7195457795,FeatherYuba,GYRC1,"175.813548425886",NF Yuba - Goodyears Bar
"0","2616",NBBC1LLF,-121.2152366766,-120.8242132827,39.3850621869,39.7358082294,FeatherYuba,NBBC1,"176.410800202453",NF Yuba - New Bullards Bar
"0","2643",NBBC1LUF,-121.0175385028,-120.7816856456,39.4949858224,39.7761962168,FeatherYuba,NBBC1,"62.5203159716392",NF Yuba - New Bullards Bar
"0","2663",JKRC1HOF,-120.5757851868,-120.4348545038,39.4196188444,39.5253855301,FeatherYuba,JKRC1,"37.3206346495509",MF Yuba - Jackson Meadows Res
"0","2664",OURC1LLF,-121.0058341279,-120.6703762143,39.3886831974,39.5209424558,FeatherYuba,OURC1,"60.4027869456058",MF Yuba - Our House
"0","2673",OURC1LUF,-120.8700446222,-120.5374597780,39.4071207991,39.5418599916,FeatherYuba,OURC1,"46.7854464397463",MF Yuba - Our House
"0","2689",FOCC1HOF,-120.5149131417,-120.3587368330,39.3432433539,39.4351511802,FeatherYuba,FOCC1,"31.6869215279885",SF Yuba - Fordyce Res
"0","2690",SUAC1LOF,-120.6447961325,-120.3152704996,39.2826236407,39.4075532491,FeatherYuba,SUAC1,"85.8218225565471",SF Yuba - Lk Spaulding
"0","2691",BWKC1HOF,-120.6610011206,-120.5097845907,39.3867557167,39.4835001123,FeatherYuba,BWKC1,"28.398779019878",Canyon Ck - Bowman Res
"0","2692",JNSC1LLF,-121.1120796988,-120.6401883889,39.2576123830,39.4424735625,FeatherYuba,JNSC1,"126.14174703681",SF Yuba - Jones Bar
"0","2698",JNSC1LUF,-120.8112909899,-120.6117013413,39.3062481220,39.4641840003,FeatherYuba,JNSC1,"43.469070211284",SF Yuba - Jones Bar
"0","2713",DMCC1HOF,-121.3345950992,-121.1905975776,39.3134709008,39.5290357023,FeatherYuba,DMCC1,"71.3487831417029",Dry Ck - Merle Collins Lk
"0","2714",DCSC1HOF,-121.2700236723,-120.7661615378,39.1613626086,39.3291312807,FeatherYuba,DCSC1,"84.2689679374533",Deer Ck - Smartville
"0","2715",MRYC1LOF,-121.5285815865,-121.2219202964,39.1744111824,39.3256807608,FeatherYuba,MRYC1,"68.5840503723295",Yuba - Marysville
"0","2717",ROLC1HLF,-121.0052124425,-120.6548220898,39.1206399870,39.3181244459,FeatherYuba,ROLC1,"96.7330695583678",Bear R - Rollins Reservoir
"0","2720",ROLC1HUF,-120.7670097147,-120.6503024563,39.2656454696,39.3234546266,FeatherYuba,ROLC1,"5.11681885674833",Bear R - Rollins Reservoir
"0","2723",CFWC1LOF,-121.3300243992,-120.9453601377,38.9786895753,39.2462201164,FeatherYuba,CFWC1,"179.625100672747",Bear - Camp Far West
"0","2724",DCWC1HOF,-121.4406082064,-121.0946641282,39.0245642023,39.2011951994,FeatherYuba,DCWC1,"100.04075848826",Dry Ck - Wheatland
"0","2725",NCOC1LOF,-121.6136796882,-121.2868354381,38.8865926525,39.2203579990,FeatherYuba,NCOC1,"237.221890180782",Feather R - Nicolaus
"0","2727",ALQC1HOF,-121.9924874967,-121.8651364748,37.6708953051,37.8453995090,SouthBay,ALQC1,"39.6582129483179",Alamo Canal nr Pleasanton
"0","2728",LRZC1HOF,-122.0742364687,-121.9607528031,37.6344221740,37.8074490937,SouthBay,LRZC1,"37.8126832404606",San Lorenzo Ck - Hayward
"0","2729",NILC1LOF,-121.9815962045,-121.8151602370,37.5256399241,37.6747416486,SouthBay,NILC1,"41.4477964533929",Alameda Ck - Niles
"0","2730",ACSC1HOF,-121.8591834340,-121.6808412771,37.5069119685,37.6205635749,SouthBay,ACSC1,"39.2307978587551",San Antonio Ck - Sunol
"0","2731",AWEC1LOF,-121.8754369531,-121.7527678479,37.4855342922,37.5458504967,SouthBay,AWEC1,"16.8408495126235",Alameda Ck - Welch Ck
"0","2732",CVQC1LOF,-121.8668601665,-121.7406722880,37.4169461733,37.5073020189,SouthBay,CVQC1,"20.8929530568368",Calaveras Reservoir
"0","2733",SFCC1HOF,-122.3293102898,-122.1686098244,37.3178986289,37.4577733497,SouthBay,SFCC1,"37.6590918017733",San Francisquito Ck - Stanford
"0","2734",ADLC1LOF,-121.9557969770,-121.4687724182,37.4409353650,37.8539235011,SouthBay,ADLC1,"216.590685429807",Arroyo De La Laguna
"0","2735",MPTC1HOF,-121.7752445225,-121.5976988333,37.3860999467,37.5154748525,SouthBay,MPTC1,"33.6212354272134",Alameda ck abv Diversion
"0","2736",LVKC1HOF,-121.7727750174,-121.4066712517,37.2863059288,37.6311655024,SouthBay,LVKC1,"147.54577386842",Arroyo Valle - Livermore
"0","2737",AHOC1HOF,-121.7851667047,-121.4945046825,37.2576225012,37.4707820961,SouthBay,AHOC1,"77.439621913934",Arroyo Honda nr San Jose
"0","2738",CYEC1LOF,-121.8129214362,-121.6239072211,37.1368656068,37.2791319967,SouthBay,CYEC1,"36.3754565653158",Coyote Ck - Edenvale
"0","2739",BTEC1HOF,-122.2024471890,-121.9727501488,37.0367769053,37.2603617484,SalinasPajaro,BTEC1,"106.870452003724",San Lorenzo River - Big Trees
"0","2740",LRRC1LOF,-122.1069478528,-122.0264511749,36.9880175341,37.0450121254,SalinasPajaro,LRRC1,"7.99057722315282",San Lorenzo River - Santa Cruz
"0","2741",PHOC1HOF,-121.4599660199,-121.2078946312,36.9300074919,37.2315734882,SalinasPajaro,PHOC1,"145.714491330218",Pacheco Ck - Dunneville
"0","2742",SPRC1LOF,-121.6814203407,-121.3182308126,36.5226136202,36.6865533574,SalinasPajaro,SPRC1,"109.874172356709",Salinas River nr Spreckels
"0","2743",HOSC1LOF,-121.4847163875,-121.1721281287,36.5986385770,36.8592964323,SalinasPajaro,HOSC1,"150.042520906579",San Benito - Hollister
"0","2744",TESC1HOF,-121.3064204775,-120.9591933790,36.5409685037,36.9142240926,SalinasPajaro,TESC1,"208.485435865553",Tres Pinos Ck - Tres Pinos
"0","2745",RDRC1HOF,-121.8183430034,-121.4866137385,36.2762198865,36.5299373983,SalinasPajaro,RDRC1,"193.151311416621",Carmel - Robles Del Rio
"0","2746",BSRC1HOF,-121.7754253800,-121.5902097771,36.1770191070,36.3023997081,SalinasPajaro,BSRC1,"46.63793611006",Big Sur nr Big Sur
"0","2747",PIIC1HOF,-121.3341294419,-120.5821770919,36.2673720242,36.6246833594,SalinasPajaro,PIIC1,"249.098209180558",San Benito - Willow Creek
"0","2748",SOLC1HOF,-121.6386156938,-121.2968552893,36.0724109075,36.4082536514,SalinasPajaro,SOLC1,"241.525664764512",Arroyo Seco - Soledad
"0","2749",CHLC1LOF,-121.5887459419,-121.2524719551,36.1167408752,36.6033937211,SalinasPajaro,CHLC1,"228.993886024485",Salinas River nr Chular
"0","2751",KCYC1HOF,-121.0721190961,-120.6266227852,36.1026977203,36.4277661998,SalinasPajaro,KCYC1,"233.029486764686",San Lorenzo Ck - Bitterwater
"0","2752",LWDC1HOF,-121.4988614242,-121.0401726481,35.8763666086,36.1558401841,SalinasPajaro,LWDC1,"216.565666009926",San Antonio - Lockwood
"0","2753",SDDC1LOF,-121.3208547417,-120.5723419202,35.9307726264,36.5742005173,SalinasPajaro,SDDC1,"801.086727768727",Salinas River - Soledad
"0","2754",NBYC1HOF,-121.4764784124,-121.0552621226,35.7792983112,36.0400104864,SalinasPajaro,NBYC1,"162.156072600644",Nacimiento - Sapaque
"0","2755",SNRC1LOF,-121.1273103424,-120.8772159713,35.7693353299,36.0080714233,SalinasPajaro,SNRC1,"106.68662876602",San Antonio - San Antonio Dam
"0","2756",NACC1LOF,-121.1983214613,-120.7940473844,35.5780038602,35.8159499698,SalinasPajaro,NACC1,"162.989358279315",Nacimiento - Nacimiento Dam
"0","2757",BRDC1LOF,-121.0035845377,-120.3624676252,35.3793238700,36.0739539973,SalinasPajaro,BRDC1,"575.567236870394",Salinas - Bradley
"0","2758",PRBC1HOF,-120.9123759619,-120.1995949690,35.2072577261,35.6564578295,SalinasPajaro,PRBC1,"389.116612585493",Salinas - Paso Robles
"0","2759",ESRC1HOF,-120.6429623229,-119.9102087914,35.1314286046,36.0050333623,SalinasPajaro,ESRC1,"923.787522715605",Estrella - Estrella
"0","2760",SACC1LOF,-121.6422941563,-121.0005584407,38.5681252934,39.0109680712,LowerSacramento,SACC1,"645.368534656823",Sacramento - Sacramento I Street
"0","2761",SAMC1LOF,-121.4245115181,-121.1390538850,38.5578400823,38.6635657519,LowerSacramento,SAMC1,"43.6656734028748",American - H Street
"0","2762",RVBC1LOF,-122.1684838909,-121.1570976555,38.1421043254,38.8018111860,LowerSacramento,RVBC1,"1259.04019334271",Sacramento Delta - Rio Vista Bridge
"0","2763",CNBC1LLF,-120.9862221777,-120.2999007688,41.1177770186,41.8260665933,UpperSacramento,CNBC1,"929.027701212015",Pit River nr Canby
"0","2777",CNBC1LUF,-120.9260919917,-120.2145996870,41.0763323763,41.7234580308,UpperSacramento,CNBC1,"265.295590488225",Pit River nr Canby
"0","2784",PLYC1HLF,-120.4393478428,-120.2515359446,41.0927938570,41.2918240408,UpperSacramento,PLYC1,"50.4618243208799",SF Pit  nr Likely
"0","2788",PLYC1HUF,-120.4558501593,-120.1310996101,41.0142779748,41.3498410585,UpperSacramento,PLYC1,"195.689653185299",SF Pit  nr Likely
"0","2791",PITC1LLF,-122.0391324012,-120.6054587664,40.5647889490,41.6303792653,UpperSacramento,PITC1,"2743.29295086966",Pit River blo Montgomery Ck
"0","2904",PITC1LUF,-121.9800893018,-120.5644843034,40.4521385693,41.5843029024,UpperSacramento,PITC1,"776.308727919136",Pit River blo Montgomery Ck
"0","3027",SHDC1LOF,-122.5487366971,-121.9563354187,40.7104237893,41.0918524864,UpperSacramento,SHDC1,"441.36115744558",Sacramento - Shasta Dam
"0","3028",RDGC1LOF,-122.6204461299,-122.5023578900,40.5088936804,40.6047269239,UpperSacramento,RDGC1,"28.2738556664609",Clear Ck nr Igo
"0","3029",BDBC1LOF,-122.5380399725,-121.6896929243,40.2783217870,40.7516384642,UpperSacramento,BDBC1,"499.873588222716",Sacramento - Bend Bridge
"0","3030",MMCC1HLF,-122.1158213965,-121.7629146695,41.1711408504,41.4764250855,UpperSacramento,MMCC1,"230.245381319508",McCloud R nr McCloud
"0","3046",MMCC1HUF,-122.2003972248,-121.7735340437,41.1670743932,41.5206957598,UpperSacramento,MMCC1,"109.98380606464",McCloud R nr McCloud
"0","3065",DLTC1HLF,-122.5444335056,-122.1681241206,40.8887008005,41.3866723979,UpperSacramento,DLTC1,"307.223186441544",Sacramento - Delta
"0","3074",DLTC1HUF,-122.5446009442,-122.1931182756,40.9518209276,41.4124943689,UpperSacramento,DLTC1,"111.992830731555",Sacramento - Delta
"0","3097",MSSC1LLF,-122.2770162916,-121.9456907903,40.9339033895,41.3359308618,UpperSacramento,MSSC1,"216.859644193478",McCloud abv Shasta Lake
"0","3108",MSSC1LUF,-122.2753984424,-121.9061976062,40.9877997646,41.3878308023,UpperSacramento,MSSC1,"27.7323763466964",McCloud abv Shasta Lake
"0","3137",WHSC1HOF,-122.7525469813,-122.5172776007,40.5668887530,41.0051929597,UpperSacramento,WHSC1,"199.699015220559",Whiskey Ck - Whiskeytown Dam
"0","3138",KWKC1LOF,-122.5595952380,-122.4096340638,40.5909500838,40.7357772078,UpperSacramento,KWKC1,"46.4330027368287",Sacramento - Keswick
"0","3139",CWCC1HLF,-122.2689938032,-121.7018898493,40.5038089866,40.8063967887,UpperSacramento,CWCC1,"384.66011529292",Cow Creek - Millville
"0","3147",CWCC1HUF,-121.8429706743,-121.6394385704,40.6014004148,40.7888006995,UpperSacramento,CWCC1,"38.0240452146301",Cow Creek - Millville
"0","3155",COTC1HLF,-122.1467720344,-121.5654977920,40.3206028286,40.5971990350,UpperSacramento,COTC1,"235.431437945845",Battle Ck - Cottonwood
"0","3161",COTC1HUF,-121.7247261735,-121.5049882541,40.3024999220,40.6406107705,UpperSacramento,COTC1,"122.802088848185",Battle Ck - Cottonwood
"0","3167",CWAC1HLF,-123.0688525942,-122.2371203331,40.0523132506,40.5881019610,UpperSacramento,CWAC1,"858.233080845979",Cottonwood Ck - Cottonwood
"0","3182",CWAC1HUF,-123.0690325456,-122.6164287031,40.0361377240,40.5894210392,UpperSacramento,CWAC1,"64.8408671652122",Cottonwood Ck - Cottonwood
"0","3211",EPRC1HOF,-122.7287898841,-122.4133114030,39.2020801046,39.3749112026,UpperSacramento,EPRC1,"100.847287287344",Little Stony Ck - East Park Dam
"0","3212",HKCC1HOF,-121.7807066414,-121.4977847587,39.7663212922,40.1493057621,UpperSacramento,HKCC1,"73.3504236048322",Big Chico Ck - Chico
"0","3213",EDCC1HLF,-122.7882441008,-122.5100850777,39.9159296353,40.0604725362,UpperSacramento,EDCC1,"77.5977307478749",Elder Ck - Paskenta
"0","3215",EDCC1HUF,-122.8142775110,-122.6945448273,39.9180319701,40.0640758495,UpperSacramento,EDCC1,"14.8053285850793",Elder Ck - Paskenta
"0","3218",MLMC1HLF,-122.0252452286,-121.4923440565,40.0474424082,40.3859789059,UpperSacramento,MLMC1,"87.9777494422483",Mill Ck - Los Molinos
"0","3220",MLMC1HUF,-121.6565923903,-121.4727779466,40.1986872868,40.4862121654,UpperSacramento,MLMC1,"43.2857682114954",Mill Ck - Los Molinos
"0","3223",DCVC1HLF,-121.9497197244,-121.3464732990,40.0037034168,40.3642725453,UpperSacramento,DCVC1,"134.036590229735",Deer Ck - Vina
"0","3230",DCVC1HUF,-121.6232760908,-121.3411228718,40.1352290752,40.3693327111,UpperSacramento,DCVC1,"75.2687528746921",Deer Ck - Vina
"0","3240",TCRC1HLF,-122.9394950073,-122.5139195148,39.8039508030,40.0286978880,UpperSacramento,TCRC1,"132.155963835663",Thomes Creek - Paskenta
"0","3245",TCRC1HUF,-122.9563417728,-122.6952676785,39.8038023529,40.0524708689,UpperSacramento,TCRC1,"71.0028549127152",Thomes Creek - Paskenta
"0","3252",VWBC1LOF,-122.6454259951,-121.6993651169,39.8747899576,40.1395956976,UpperSacramento,VWBC1,"274.825643890669",Sacramento - Vina-Woodson Bridge
"0","3253",BKCC1HLF,-121.7147184550,-121.4682889909,39.7232166720,40.1301249286,UpperSacramento,BKCC1,"107.338263031629",Butte Ck - Chico
"0","3258",BKCC1HUF,-121.5684536149,-121.3666923219,39.9836692164,40.1593060847,UpperSacramento,BKCC1,"40.7737489574764",Butte Ck - Chico
"0","3269",ORFC1LOF,-122.5478543618,-121.6894077136,39.6273404064,40.0334658787,UpperSacramento,ORFC1,"615.54027751882",Sacramento - Ord Ferry
"0","3270",BLBC1LLF,-122.9423818445,-122.3183375356,39.4570754129,39.8645594168,UpperSacramento,BLBC1,"414.672820640818",Stony Ck - Black Butte Dam
"0","3274",BLBC1LUF,-122.9601810605,-122.6602378393,39.4829731031,39.8639425766,UpperSacramento,BLBC1,"25.7090176371495",Stony Ck - Black Butte Dam
"0","3291",SGEC1LLF,-122.7988398760,-122.4519589299,39.2737233949,39.5984629655,UpperSacramento,SGEC1,"175.245399099517",Stony Ck - Stony Gorge Dam
"0","3297",SGEC1LUF,-122.8109365024,-122.6663833866,39.2719028914,39.4931410248,UpperSacramento,SGEC1,"25.1161963828447",Stony Ck - Stony Gorge Dam
"0","3306",RCVC1HOF,-121.7504066723,-121.5261575356,39.4640936110,39.8021021299,UpperSacramento,RCVC1,"104.986090071269",Cherokee Canal nr Richvale
"0","3307",FMWC1LOF,-122.5123567449,-121.5835341802,38.6928394507,39.9318691412,UpperSacramento,FMWC1,"2681.19370825965",Sacramento - Fremont Weir
"0","3308",TEHC1LLF,-122.7312970565,-121.6253558565,39.9694872885,40.3623577194,UpperSacramento,TEHC1,"788.732172982755",Sacramento - Tehama
"0","3309",TEHC1LUF,-122.7386070993,-121.5843010099,40.0538680154,40.3406977826,UpperSacramento,TEHC1,"19.7872336950588",Sacramento - Tehama
"0","3312",DRYC1HOF,-120.6108033407,-120.4200014413,37.6795136512,37.8665966546,SanJoaquin,DRYC1,"76.0307859705407",Dry Ck - Crabtree Rd
"0","3313",DSNC1HOF,-120.4757117479,-120.2909941856,37.5315362414,37.6843588042,SanJoaquin,DSNC1,"67.7525979320918",Dry Ck - Snelling
"0","3314",MDSC1LOF,-120.9971532183,-120.3755532658,37.5814515976,37.7080189281,SanJoaquin,MDSC1,"100.334144546867",Tuolumne - Modesto
"0","3315",KNFC1LOF,-120.6665933043,-120.4610168187,37.8241572352,38.0450915412,SanJoaquin,KNFC1,"76.6548000941133",Stanislaus - Knights Ferry
"0","3316",HIDC1HOF,-119.8957916129,-119.4862834874,37.0958906506,37.4877161309,SanJoaquin,HIDC1,"245.116515564521",Fresno - Hidden Dam
"0","3317",BHNC1HOF,-120.0136606954,-119.6834180699,37.2064346397,37.5699033413,SanJoaquin,BHNC1,"233.832697983633",Chowchilla - Buchanan Dam
"0","3318",MPAC1HOF,-120.1623044048,-119.9081430032,37.2769432854,37.5435728772,SanJoaquin,MPAC1,"108.77286439432",Mariposa Ck - Mariposa Res
"0","3319",OWCC1HOF,-120.1926542224,-120.0464979124,37.3080146674,37.4716264517,SanJoaquin,OWCC1,"25.4943013798164",Owens Ck - Owens Dam
"0","3320",BCKC1HOF,-120.2307306345,-120.0373547081,37.3626747414,37.5834398044,SanJoaquin,BCKC1,"72.055000490749",Bear Ck - Bear Res
"0","3321",BNCC1HOF,-120.3394125382,-120.1477914716,37.3759676696,37.5694693857,SanJoaquin,BNCC1,"72.4058180465616",Burns Ck - Burns Res
"0","3322",MEEC1LOF,-120.4446846405,-120.2193218986,37.3047786293,37.4770574903,SanJoaquin,MEEC1,"61.9572140083547",Bear Ck - McKee Rd
"0","3323",STVC1LOF,-120.9344481001,-120.2470308544,37.3530760628,37.6073746054,SanJoaquin,STVC1,"161.935454092661",Merced - Stevinson
"0","3324",PATC1LOF,-121.3179936052,-120.5856168881,37.3047740159,37.5618117054,SanJoaquin,PATC1,"302.294504805364",San Joaquin - Patterson
"0","3325",VNSC1LOF,-121.4818728944,-120.5218418058,37.3601900190,37.7530013033,SanJoaquin,VNSC1,"570.591749459489",San Joaquin - Vernalis
"0","3326",DCMC1LOF,-120.9244284442,-120.5622827853,37.6406651864,37.8117153758,SanJoaquin,DCMC1,"132.130496883863",Dry Ck - Claus Rd
"0","3327",OBBC1LOF,-120.7645565286,-120.5581442749,37.7742942063,37.8811301836,SanJoaquin,OBBC1,"38.512635854118",Stanislaus - Orange Blossom Br
"0","3328",RIPC1LOF,-121.1161149061,-120.7323957754,37.7154352249,37.8309120791,SanJoaquin,RIPC1,"59.7503629134023",Stanislaus - Ripon
"0","3329",MOSC1LOF,-121.5329995277,-121.0922527458,37.5334519082,37.7927704517,SanJoaquin,MOSC1,"103.189557021709",San Joaquin - Mossdale
"0","3330",PTTC1HOF,-121.4849733659,-121.2026135763,37.3750396104,37.4992721401,SanJoaquin,PTTC1,"72.6738678804236",Del Puerto Ck - Patterson
"0","3331",OREC1HOF,-121.4596168068,-121.1201673912,37.1502410061,37.3886098504,SanJoaquin,OREC1,"134.939803068026",Orestimba Ck - Newman
"0","3332",LTDC1HOF,-119.7302151280,-119.4514965582,36.9218792054,37.0532933118,SanJoaquin,LTDC1,"70.5586533470071",Little Dry Ck nr Friant
"0","3333",PNEC1HOF,-121.0320177577,-120.6068498244,36.3669390709,36.6939397800,SanJoaquin,PNEC1,"302.251231483056",Panoche Ck - Interstate 5
"0","3334",LGAC1LOF,-120.5516737218,-120.2079661812,35.9687778803,36.3046363337,SanJoaquin,LGAC1,"227.955610956666",Los Gatos Ck - El Dorado Ave
"0","3335",WARC1HOF,-120.6723356743,-120.4389309432,36.0495842545,36.2084630262,SanJoaquin,WARC1,"81.6920375114109",Warthan Ck - Coalinga
"0","3336",LGCC1HOF,-120.6831867960,-120.4433790892,36.1727859581,36.3304279628,SanJoaquin,LGCC1,"95.6014152432207",Los Gatos Ck - Coalinga
"0","3337",LNRC1HLF,-119.8851932392,-119.8247543053,37.9733228886,38.0007925487,SanJoaquin,LNRC1,"3.11839269408811",Eleanor Ck - Lake Eleanor Dam
"0","3339",LNRC1HMF,-119.8915883222,-119.6752142875,37.9725484607,38.1095829748,SanJoaquin,LNRC1,"55.0677431488252",Eleanor Ck - Lake Eleanor Dam
"0","3355",LNRC1HUF,-119.8411444828,-119.6277826792,38.0289767455,38.1493852443,SanJoaquin,LNRC1,"19.8671568418863",Eleanor Ck - Lake Eleanor Dam
"0","3376",CHVC1HLF,-119.9263658633,-119.8840467967,37.9730690955,38.0438371517,SanJoaquin,CHVC1,"5.03168333077762",Cherry Ck - Cherry Valley Dam
"0","3382",CHVC1HMF,-119.9497715550,-119.6822408832,37.9718829542,38.1768518089,SanJoaquin,CHVC1,"49.9071403072885",Cherry Ck - Cherry Valley Dam
"0","3412",CHVC1HUF,-119.8607985665,-119.5966657234,38.0876442950,38.2297374262,SanJoaquin,CHVC1,"61.6155338257481",Cherry Ck - Cherry Valley Dam
"0","3451",NDPC1LLF,-120.4815797652,-119.7840957918,37.6491002269,38.1579666915,SanJoaquin,NDPC1,"604.951503039853",Tuolumne - New Don Pedro Dam
"0","3487",NDPC1LMF,-120.1670086855,-119.6206893641,37.7548796030,38.1971407409,SanJoaquin,NDPC1,"257.227088196916",Tuolumne - New Don Pedro Dam
"0","3535",NDPC1LUF,-119.9294014696,-119.5850836561,37.7987598372,38.2055129825,SanJoaquin,NDPC1,"20.9513317032183",Tuolumne - New Don Pedro Dam
"0","3556",NDVC1HMF,-120.0308455130,-119.9126567070,38.4177874791,38.5168733509,SanJoaquin,NDVC1,"22.0049272735832",NF Stanislaus - Diversion Dam
"0","3560",NDVC1HUF,-120.0129456247,-119.8997837209,38.4638816979,38.5193176670,SanJoaquin,NDVC1,"6.3632724553306",NF Stanislaus - Diversion Dam
"0","3565",NSWC1HMF,-120.0158372033,-119.8209250412,38.3731119720,38.4948094771,SanJoaquin,NSWC1,"28.8675456506219",Highland Ck - New Spicer Meadows Rsvr
"0","3571",NSWC1HUF,-119.9309074762,-119.7992351774,38.4001592119,38.5068561483,SanJoaquin,NSWC1,"16.6552888152043",Highland Ck - New Spicer Meadows Rsvr
"0","3577",AVYC1LLF,-120.3036249783,-120.1529902642,38.2384261632,38.3872623401,SanJoaquin,AVYC1,"16.09408932769",NF Stanislaus - Avery
"0","3579",AVYC1LMF,-120.2896406902,-119.9926579968,38.2737186550,38.4981688542,SanJoaquin,AVYC1,"75.1427103568527",NF Stanislaus - Avery
"0","3588",NMSC1LLF,-120.6092899060,-119.9211460230,37.9183163238,38.3520407436,SanJoaquin,NMSC1,"330.957581114115",Stanislaus - New Melones Dam
"0","3604",NMSC1LMF,-120.2624530323,-119.6411289266,38.0811811697,38.4723323975,SanJoaquin,NMSC1,"257.893577743082",Stanislaus - New Melones Dam
"0","3679",NMSC1LUF,-119.9424709504,-119.6046212966,38.1902067096,38.4932915684,SanJoaquin,NMSC1,"150.326404394171",Stanislaus - New Melones Dam
"0","3733",EXQC1LLF,-120.3453826338,-119.5738679388,37.4751572807,37.8289683948,SanJoaquin,EXQC1,"491.428317792501",Merced - New Exchequer Dam
"0","3749",EXQC1LMF,-119.9940003690,-119.4367090278,37.4477006581,37.8023518535,SanJoaquin,EXQC1,"166.590069789917",Merced - New Exchequer Dam
"0","3774",EXQC1LUF,-119.6796243688,-119.3674984561,37.4661654573,37.8126467847,SanJoaquin,EXQC1,"56.0000640311766",Merced - New Exchequer Dam
"0","3782",POHC1LLF,-119.6716805983,-119.5198740695,37.7083713197,37.7650012208,SanJoaquin,POHC1,"9.05181761625898",Merced R - Pohono Bridge
"0","3784",POHC1LMF,-119.6755676826,-119.4661916052,37.6087140573,37.8724832735,SanJoaquin,POHC1,"68.825644145519",Merced R - Pohono Bridge
"0","3792",POHC1LUF,-119.6674806571,-119.4046004484,37.6041785143,37.9025995176,SanJoaquin,POHC1,"63.4287467829259",Merced R - Pohono Bridge
"0","3808",HPIC1HMF,-119.5943383625,-119.3455390400,37.6228303137,37.7681157405,SanJoaquin,HPIC1,"47.7321882377232",Merced R - Happy Isles Br
"0","3825",HPIC1HUF,-119.5944227581,-119.2576370409,37.5939874386,37.8410706075,SanJoaquin,HPIC1,"132.842694787495",Merced R - Happy Isles Br
"0","3852",FRAC1HLF,-119.7353255301,-119.1609544809,36.9831604363,37.5367772868,SanJoaquin,FRAC1,"415.190670508483",San Joaquin - Friant Dam
"0","3882",FRAC1HMF,-119.5783674412,-118.8324221353,37.0596994557,37.6890683341,SanJoaquin,FRAC1,"526.276547269508",San Joaquin - Friant Dam
"0","3962",FRAC1HUF,-119.4970505606,-118.6542901763,37.0795350642,37.7391359651,SanJoaquin,FRAC1,"687.540260561211",San Joaquin - Friant Dam
"0","4021",MUPC1HOF,-123.0245890334,-122.8110342103,39.1814099485,39.3208050104,CachePutah,MUPC1,"49.7105357027113",Middle Ck - Upper Lake nr
"0","4022",HOUC1HOF,-122.8472448272,-122.6186027129,39.1410055368,39.2599652434,CachePutah,HOUC1,"59.9226398127717",NF Cache Ck - Hough Springs
"0","4023",INVC1LOF,-122.6520795823,-122.4745873072,39.0712153978,39.2231788730,CachePutah,INVC1,"60.4962756805857",NF Cache Ck - Indian Valley Dam
"0","4024",SKPC1HOF,-123.0976477520,-122.9147990425,38.9662016722,39.1734900557,CachePutah,SKPC1,"55.8825274340007",Scotts Ck - Lakeport nr
"0","4025",HCHC1HOF,-122.5950388353,-122.3166848303,38.9490351540,39.2614667341,CachePutah,HCHC1,"95.6016806691681",Bear Ck - Holsten Chimney
"0","4026",CLKC1LOF,-123.0542252052,-122.5393236648,38.8326798835,39.2393317376,CachePutah,CLKC1,"366.53133970088",Cache Creek - Clear Lake
"0","4028",KCVC1HOF,-122.8710648421,-122.6809179287,38.8019509108,38.9295345114,CachePutah,KCVC1,"36.6983035744264",Kelsey Ck - Kelseyville nr
"0","4029",RMSC1LOF,-122.7778386526,-122.2202629411,38.8357908586,39.1539498360,CachePutah,RMSC1,"219.715946753532",Cache Ck - Rumsey
"0","4030",PCGC1HOF,-122.7482107312,-122.4866256104,38.6277826172,38.8697631708,CachePutah,PCGC1,"113.305623505894",Putah Ck - Guenoc
"0","4031",LBEC1LOF,-122.5775319543,-122.1037988443,38.3945326493,38.9204244152,CachePutah,LBEC1,"454.176910568634",Putah Ck - Lake Berryessa
"0","4032",FRGC1HOF,-120.9655313941,-120.6083489472,37.8100333582,38.0794328158,N_SanJoaquin,FRGC1,"217.959186239219",Littlejohns Ck - Farmington
"0","4033",MSGC1LOF,-121.0284036765,-120.7395886079,38.0164071469,38.2730167267,N_SanJoaquin,MSGC1,"106.101852223996",Mormon Slough - Bellota
"0","4034",NHGC1HOF,-120.8213329703,-120.2506216925,38.0106029488,38.3548794807,N_SanJoaquin,NHGC1,"361.443773481251",Calaveras - New Hogan Dam
"0","4035",CMCC1LOF,-121.0250066319,-120.8301873071,38.1883548126,38.2800831525,N_SanJoaquin,CMCC1,"43.4079985023531",Mokelumne - Camanche Dam
"0","4036",EDOC1HLF,-120.8635443831,-120.3835236450,38.5886087083,38.7574103520,N_SanJoaquin,EDOC1,"158.018833530459",NF Cosumnes - El Dorado
"0","4047",EDOC1HUF,-120.5186586775,-120.2350555076,38.6165451787,38.7454741382,N_SanJoaquin,EDOC1,"46.8005623392577",NF Cosumnes - El Dorado
"0","4062",SOSC1HLF,-120.7076810162,-120.3192412664,38.5274087196,38.6490525932,N_SanJoaquin,SOSC1,"66.2879104877399",MF Cosumnes - Somerset
"0","4068",SOSC1HUF,-120.4395640986,-120.2280542672,38.5273406625,38.6346191964,N_SanJoaquin,SOSC1,"40.8174460692746",MF Cosumnes - Somerset
"0","4075",MHBC1LOF,-121.0493119334,-120.4408016432,38.4623768134,38.6773546676,N_SanJoaquin,MHBC1,"223.293110021243",Cosumnes - Michigan Bar
"0","4076",MCNC1LOF,-121.3618807095,-120.9355038953,38.3565479491,38.7134021592,N_SanJoaquin,MCNC1,"189.15063667993",Cosumnes - McConnell
"0","4077",DEVN2HLF,-116.0070669989,-115.3944775097,40.9315025430,41.6192857548,Humboldt,DEVN2,"764.644436919756",NF Humboldt - Devils Gate
"0","4161",DEVN2HUF,-116.0152378949,-115.3935425210,40.9286561015,41.6269954322,Humboldt,DEVN2,"107.772695527924",NF Humboldt - Devils Gate
"0","4287",PALN2LLF,-116.3334861725,-115.8482915553,40.5985509059,41.2349952982,Humboldt,PALN2,"666.185490712482",Humboldt - Palisade
"0","4346",PALN2LUF,-116.3318148886,-115.8440683142,40.6194855989,41.2351200851,Humboldt,PALN2,"48.8814985332033",Humboldt - Palisade
"0","4444",HREN2LLF,-115.7362596926,-114.7227482565,40.6667294738,41.4784647074,Humboldt,HREN2,"1306.77433882106",Humboldt - Elko
"0","4519",HREN2LUF,-115.7419354969,-114.7153135649,40.6178976561,41.5208068551,Humboldt,HREN2,"185.324209847415",Humboldt - Elko
"0","4612",LCLN2HOF,-115.4839150673,-115.3567228174,40.5849049735,40.6920369676,Humboldt,LCLN2,"25.0107864584064",Lamoille Ck nr Lamoille
"0","4613",HRCN2LLF,-116.0539717435,-115.6094768548,40.4151980434,41.0336762385,Humboldt,HRCN2,"437.686372235856",Humboldt - Carlin
"0","4631",HRCN2LUF,-116.0344059615,-115.6160542844,40.3976417105,41.0366194185,Humboldt,HRCN2,"15.8494936102195",Humboldt - Carlin
"0","4672",DIXN2HLF,-115.9741278686,-115.4740476098,39.8957973745,40.8857278319,Humboldt,DIXN2,"887.563920129264",SF Humboldt - Elko
"0","4715",DIXN2HUF,-115.9854343657,-115.3884407008,39.8887251008,40.6739243608,Humboldt,DIXN2,"220.512595326148",SF Humboldt - Elko
"0","4770",MDCN2HLF,-118.2259711185,-117.8295323768,41.8046369396,42.1162824303,Humboldt,MDCN2,"211.845567121135",McDermitt Ck - McDermitt
"0","4773",MDCN2HUF,-118.2525680168,-117.8771327351,41.8102237583,42.1220069698,Humboldt,MDCN2,"13.3456211117474",McDermitt Ck - McDermitt
"0","4789",MARN2HLF,-117.5565092110,-117.2466994707,41.4987975910,41.7880228633,Humboldt,MARN2,"148.346240863614",Martin Ck near Paradise
"0","4800",MARN2HUF,-117.5869310371,-117.3335008379,41.5954184325,41.7899150694,Humboldt,MARN2,"27.0474214648027",Martin Ck near Paradise
"0","4817",LHPN2HLF,-117.5317551439,-116.6186331004,41.1538306156,41.8654970022,Humboldt,LHPN2,"960.083558066905",Little Humboldt - Paradise Valley
"0","4839",LHPN2HUF,-117.5528339517,-116.7203457593,41.1499008545,41.8570527901,Humboldt,LHPN2,"35.7907048461269",Little Humboldt - Paradise Valley
"0","4876",ROCN2HLF,-116.8636020669,-116.2971549097,40.7192754981,41.4178499411,Humboldt,ROCN2,"830.216166513515",Rock Ck - Battle Mountain
"0","4906",ROCN2HUF,-116.8541028034,-116.2870221837,41.0139938105,41.4300442988,Humboldt,ROCN2,"32.9161742754008",Rock Ck - Battle Mountain
"0","4955",DLMC1HLF,-119.0737462057,-118.9472724187,36.4481478692,36.7061636410,Tulare,DLMC1,"73.081377968172",Dry Creek nr Lemoncove
"0","4956",DLMC1HUF,-118.9977269524,-118.9366133628,36.6889468428,36.7270269372,Tulare,DLMC1,"2.49742459242358",Dry Creek nr Lemoncove
"0","4958",KTRC1HLF,-118.9793382131,-118.6524480340,36.3983530274,36.7014535515,Tulare,KTRC1,"146.814650866664",Kaweah - Three Rivers
"0","4981",KTRC1HMF,-118.9575542487,-118.5807807316,36.3752660145,36.7263467926,Tulare,KTRC1,"155.594729685832",Kaweah - Three Rivers
"0","5016",KTRC1HUF,-118.8851185812,-118.5295373590,36.3598344369,36.7202563460,Tulare,KTRC1,"116.780227210954",Kaweah - Three Rivers
"0","5030",TMDC1LLF,-119.0054319664,-118.7241290386,36.2879780668,36.4787625544,Tulare,TMDC1,"101.316835762802",Kaweah - Terminus Dam
"0","5033",TMDC1LMF,-118.8594647284,-118.6788620382,36.2869636227,36.4132890939,Tulare,TMDC1,"20.5982798807096",Kaweah - Terminus Dam
"0","5038",TMDC1LUF,-118.7549066998,-118.5813118731,36.3057607486,36.3861340946,Tulare,TMDC1,"19.291015224581",Kaweah - Terminus Dam
"0","5042",MLPC1HLF,-119.3507801706,-118.9854103162,36.6667144557,36.8507715943,Tulare,MLPC1,"121.829285154507",Mill Creek nr Piedra
"0","5045",MLPC1HUF,-119.1330010592,-118.9491890661,36.6947011555,36.8048107654,Tulare,MLPC1,"4.64909470182792",Mill Creek nr Piedra
"0","5054",PFTC1HLF,-119.4225361899,-118.5892430636,36.7485613899,37.0892825469,Tulare,PFTC1,"331.979554917699",Kings - Pine Flat Dam
"0","5068",PFTC1HMF,-119.3550274785,-118.4543023010,36.6862943614,37.1500138438,Tulare,PFTC1,"397.730590353908",Kings - Pine Flat Dam
"0","5109",PFTC1HUF,-119.1687175460,-118.3343718673,36.5930042511,37.2093254979,Tulare,PFTC1,"813.758716444382",Kings - Pine Flat Dam
"0","5139",KKVC1HLF,-118.5541148508,-118.3692910331,35.9249440074,36.1878721775,Tulare,KKVC1,"29.6897115871299",Kern - Fairview Dam
"0","5154",KKVC1HMF,-118.6441117156,-118.2712849801,35.9137316589,36.5607307333,Tulare,KKVC1,"307.5943078364",Kern - Fairview Dam
"0","5183",KKVC1HUF,-118.6406428325,-118.2094856815,35.9197131277,36.7015522291,Tulare,KKVC1,"509.039556942151",Kern - Fairview Dam
"0","5214",SKRC1HLF,-118.2302353653,-118.1574207396,35.7305739748,35.8401973027,Tulare,SKRC1,"12.5875481335732",SF Kern - Onyx
"0","5217",SKRC1HMF,-118.3414265190,-118.0036014062,35.7280916816,36.2424718414,Tulare,SKRC1,"281.907703429548",SF Kern - Onyx
"0","5252",SKRC1HUF,-118.3830149731,-118.0112955712,35.7886597882,36.4387071489,Tulare,SKRC1,"234.737757155163",SF Kern - Onyx
"0","5299",ISAC1LLF,-118.5726648327,-118.0265767477,35.4398825997,35.9491666513,Tulare,ISAC1,"348.915269730702",Kern - Isabella Dam
"0","5327",ISAC1LMF,-118.5941689179,-117.9808115419,35.4178949329,35.9575004644,Tulare,ISAC1,"330.34530031101",Kern - Isabella Dam
"0","5369",ISAC1LUF,-118.5871335932,-117.9973333069,35.4501957606,35.9559034081,Tulare,ISAC1,"19.1481960123725",Kern - Isabella Dam
"0","5407",HLLC1LLF,-120.4213190546,-120.3007811209,39.0559286834,39.0939897934,American,HLLC1,"4.87635443237497",Rubicon River - Hell Hole Resvr
"0","5410",HLLC1LUF,-120.4291009067,-120.1893516892,38.9772495031,39.1881716654,American,HLLC1,"76.9354111050272",Rubicon River - Hell Hole Resvr
"0","5412",LNLC1HOF,-120.3358051448,-120.2729997480,38.9716776675,39.0423517094,American,LNLC1,"7.96034542413315",Loon Lake - Meeks Bay
"0","5413",RRGC1LOF,-120.4167079934,-120.2516122609,38.9136366629,39.0534878685,American,RRGC1,"40.2256672908015",SF Rubicon River blo Gerle Ck
"0","5414",NMFC1HLF,-120.7398832600,-120.5424482332,39.0176671334,39.1792377097,American,NMFC1,"55.0729555279629",NF MF American R nr Foresthill
"0","5432",NMFC1HUF,-120.6785041113,-120.5003027711,39.0612382652,39.1955069585,American,NMFC1,"33.7056759692975",NF MF American R nr Foresthill
"0","5442",ICHC1HOF,-120.3696858393,-120.1579483162,38.7930688546,38.8848413988,American,ICHC1,"27.2968820694675",Ice House Res nr Kyburz
"0","5443",UNVC1HLF,-120.4434848567,-120.3374989914,38.8404492501,38.9011246703,American,UNVC1,"9.73116436430036",Silver Ck - Union Valley Reservoir
"0","5451",UNVC1HUF,-120.4475525699,-120.1872118571,38.8251647081,38.9657730980,American,UNVC1,"74.0102239311003",Silver Ck - Union Valley Reservoir
"0","5461",SVCC1LLF,-120.5813502638,-120.4042868530,38.8007453747,38.9112170978,American,SVCC1,"29.7317581122001",Silver Ck blo Camino Dam
"0","5469",SVCC1LUF,-120.5829672017,-120.3199485639,38.7857289799,38.9428503707,American,SVCC1,"30.1490959354216",Silver Ck blo Camino Dam
"0","5483",AKYC1HLF,-120.3369602818,-120.2193907463,38.7223821883,38.7844634289,American,AKYC1,"7.23478224770504",SF American nr Kyburz
"0","5488",AKYC1HUF,-120.3375470626,-119.9831862583,38.6143983526,38.8850217242,American,AKYC1,"185.441160191254",SF American nr Kyburz
"0","5490",CBAC1LLF,-120.8393779827,-120.3284669664,38.7147824040,38.9444422314,American,CBAC1,"203.063519083083",SF American - Placerville
"0","5497",CBAC1LUF,-120.5860921267,-120.2342873607,38.6500701040,38.8835435614,American,CBAC1,"30.7617242304615",SF American - Placerville
"0","5524",FOLC1LOF,-121.1727825401,-120.5539867649,38.6347381175,39.1247001061,American,FOLC1,"402.267792650175",American River - Folsom Dam
"0","5525",NIMC1LOF,-121.2327361919,-121.0830482468,38.6114234835,38.7207054646,American,NIMC1,"38.0684373103108",American - Nimbus Dam
"0","5526",FMDC1HOF,-120.4805972797,-120.2762598443,39.0905583190,39.2241006052,American,FMDC1,"47.4861639422692",MF American - French Meadows
"0","5527",NFDC1HLF,-121.0267881604,-120.3991763355,38.9291513787,39.2984585580,American,NFDC1,"209.446946071096",NF American - North Fork Dam
"0","5541",NFDC1HUF,-120.7266750477,-120.2639943679,39.1507523721,39.3212767284,American,NFDC1,"133.00393104892",NF American - North Fork Dam
"0","5553",RBBC1HOF,-120.2609369053,-120.1409227186,38.8670810648,39.0057044574,American,RBBC1,"31.6098767145964",Rubicon R at Rockbound Tunnel Inlet
"0","5554",GSJC1LOF,-122.0251706698,-121.7518716180,37.2004434779,37.3748973966,SouthBay,GSJC1,"47.0495498494921",Guadalupe River abv Hwy 101 - San Jose
"0","5555",GUAC1HOF,-121.9152247321,-121.8485617793,37.1542948486,37.2014664781,SouthBay,GUAC1,"5.95844680130018",Guadalupe Ck - Guadalupe Rsvr
"0","5556",GUDC1LOF,-121.9709890885,-121.7743291922,37.1599298625,37.2819836799,SouthBay,GUDC1,"39.6088216281898",Guadalupe R - Almaden Expressway
"0","5557",CADC1HOF,-121.8171238353,-121.7328843544,37.1525383049,37.1940105308,SouthBay,CADC1,"6.99294360794481",Calero Ck - Calero Rsvr
"0","5558",ALRC1HOF,-121.8980157848,-121.8124080219,37.1109347350,37.1770209714,SouthBay,ALRC1,"11.9947615598378",Alamitos Ck - Almaden Rsvr
"0","5559",CMPC1HLF,-120.8561323672,-120.0506110818,38.2239252589,38.5405513356,N_SanJoaquin,CMPC1,"258.828596379568",Mokelumne - Pardee Dam
"0","5574",CMPC1HMF,-120.4352756610,-119.8058314382,38.3009752470,38.6542172471,N_SanJoaquin,CMPC1,"233.212962510448",Mokelumne - Pardee Dam
"0","5620",CMPC1HUF,-120.1747554909,-119.7576170382,38.4753251646,38.6651850043,N_SanJoaquin,CMPC1,"82.5960548521551",Mokelumne - Pardee Dam
"0","5659",HETC1HLF,-119.7961451159,-119.5375314247,37.9104580830,37.9670254073,SanJoaquin,HETC1,"13.4583629420596",Tuolomne - Hetch Hetchy Dam
"0","5661",HETC1HMF,-119.8000279487,-119.4016142913,37.8893250225,38.0786357930,SanJoaquin,HETC1,"91.9613102007552",Tuolomne - Hetch Hetchy Dam
"0","5685",HETC1HUF,-119.7256922114,-119.1990008556,37.7394040600,38.1865599008,SanJoaquin,HETC1,"349.921606396839",Tuolomne - Hetch Hetchy Dam
"0","5715",EFBC1HOF,-118.7349953250,-118.5393266059,34.5575192859,34.7292452493,SouthernCalifornia,EFBC1,"75.7490736125363",Elderberry Forebay
"0","5716",CSKC1LOF,-118.6381934754,-118.4289770412,34.5171852052,34.6882625756,SouthernCalifornia,CSKC1,"61.391749014626",Castaic Lake
"0","5717",MFTC1LLF,-120.4636361685,-120.1400320603,39.5730090807,39.8498115717,FeatherYuba,MFTC1,"160.657163499775",MF Feather - Portola
"0","5756",MFTC1LUF,-120.5011044795,-120.1011617250,39.4960655616,39.9079489872,FeatherYuba,MFTC1,"300.160489589205",MF Feather - Portola
"0","5779",IIFC1LLF,-121.0728646581,-120.6043709314,39.9737527837,40.2742434456,FeatherYuba,IIFC1,"158.470225564068",Indian Ck - Indian Falls
"0","5801",IIFC1LUF,-121.0745182270,-120.1978020215,39.8658670212,40.3196444313,FeatherYuba,IIFC1,"516.390054006801",Indian Ck - Indian Falls
"0","5824",FHDC1HOF,-120.3277295812,-120.1023880394,39.8671617086,40.0299225242,FeatherYuba,FHDC1,"81.4153034190002",Little Last Chance Ck - Frenchman Lk
"0","5825",DVSC1HOF,-120.6462317738,-120.4487043164,39.8553228665,39.9617945555,FeatherYuba,DVSC1,"43.5145139351197",Lake Davis - Portola nr
"0","5826",ANTC1HOF,-120.7093603545,-120.5152060899,40.1283624022,40.3123743033,FeatherYuba,ANTC1,"71.0158942036314",Antelope Lake - Taylorsville nr
"0","5827",HANC1LOF,-118.4041044663,-118.1428622178,34.2412249229,34.3524909511,SouthernCalifornia,HANC1,"70.4962977830906",Hansen Dam
"0","5828",BTJC1HOF,-118.2258588144,-117.9779549239,34.2694364472,34.4003142898,SouthernCalifornia,BTJC1,"82.2191585374764",Big Tujunga Cyn - Big Tujunga Dam
"0","5829",TVRC1HLF,-118.8136215615,-118.6252452423,35.9536857486,36.0969423517,Tulare,TVRC1,"60.6043322723949",SF Tule - Reservation Boundary
"0","5835",TVRC1HMF,-118.7485298549,-118.5817024824,35.9669356695,36.1107617738,Tulare,TVRC1,"33.1754032646855",SF Tule - Reservation Boundary
"0","5845",TVRC1HUF,-118.6169638700,-118.5751812140,36.0140933329,36.1013808313,Tulare,TVRC1,"1.9251053627427",SF Tule - Reservation Boundary
"0","5855",SCSC1LLF,-118.9564931923,-118.5944088864,35.9786628032,36.3137190099,Tulare,SCSC1,"193.282315879034",Tule - Success Dam
"0","5862",SCSC1LMF,-118.8438023744,-118.5308491947,36.0832980473,36.3235287584,Tulare,SCSC1,"84.8884591983592",Tule - Success Dam
"0","5868",SCSC1LUF,-118.7567516646,-118.5280522332,36.0854111820,36.3345360154,Tulare,SCSC1,"16.0999966907174",Tule - Success Dam
"0","5880",THTC1LOF,-121.4429798733,-120.4910089677,38.1519748823,38.5192442362,N_SanJoaquin,THTC1,"627.052585169857",Mokelumne - Benson Ferry
"0","5881",MRWC1LOF,-121.3184626175,-120.9861081407,38.1411947796,38.2806004835,N_SanJoaquin,MRWC1,"31.4630793396943",Mokelumne R - Woodbridge
"0","5882",RMKC1HOF,-122.7677593687,-122.6230344020,38.6212422035,38.7394083118,RussianNapa,RMKC1,"44.1197375180565",Maacama Ck - Kellogg
"0","5883",BSCC1HOF,-122.9973494611,-122.7086477227,38.7290468818,38.8688269389,RussianNapa,BSCC1,"85.1996300985124",Big Sulphur Ck - Cloverdale nr
"0","5884",CTIC1HOF,-122.7886572313,-122.5713287573,38.2987005108,38.4169570746,RussianNapa,CTIC1,"40.8162563964448",Laguna De Santa Rosa - Stony Pt Rd
"0","5887",GEYC1LOF,-123.1124565093,-122.8636590470,38.6875235642,38.8883899605,RussianNapa,GEYC1,"68.3807275012597",Russian R - Geyserville
"0","5888",HEAC1LOF,-122.9205854973,-122.6283128020,38.5566279948,38.7447747665,RussianNapa,HEAC1,"91.5758243583042",Russian River - Healdsburg
"0","5891",LSEC1LOF,-122.8482883347,-122.6706842633,38.3245286551,38.4384460837,RussianNapa,LSEC1,"40.0694354271872",Laguna De Santa Rosa - Sebastopol nr
"0","5892",MWEC1LOF,-122.8665482112,-122.5655146314,38.4156331374,38.5978315058,RussianNapa,MWEC1,"114.439748408175",Mark West Ck - Mirabel Heights
"0","5894",SSAC1HOF,-122.7238071461,-122.5295400718,38.3441974319,38.5264050921,RussianNapa,SSAC1,"56.4008002386484",Santa Rosa Ck - Santa Rosa
"0","5895",LBDC1HOF,-121.2345605519,-120.9288952546,36.7524926680,37.0256729797,SanJoaquin,LBDC1,"156.974515445271",Los Banos Dam
"0","5896",NWMC1LOF,-121.3617417557,-119.3675172611,36.1578612386,37.4936996802,SanJoaquin,NWMC1,"5206.710047094",San Joaquin - Newman
"0","5897",TCCC1HLF,-122.7616492552,-122.5508587211,41.1088324529,41.3144773252,Klamath,TCCC1,"54.5327793029863",Trinity - Coffee Ck above
"0","5900",TCCC1HUF,-122.8024854270,-122.4793036209,41.0938841553,41.3686169085,Klamath,TCCC1,"93.4055735877384",Trinity - Coffee Ck above
"0","5903",CEGC1LLF,-122.9844041375,-122.4726126941,40.7589557992,41.2030752445,Klamath,CEGC1,"320.987429166196",Trinity R at Clair Engle Reservoir
"0","5912",CEGC1LUF,-123.0396228757,-122.4469609170,40.8392654051,41.2287108939,Klamath,CEGC1,"223.311700840176",Trinity R at Clair Engle Reservoir
"0","5931",MFAC1LOF,-120.7609636181,-120.5653028027,38.9882682413,39.0705015735,American,MFAC1,"29.001813942759",MF American - Foresthill
"0","5932",MFPC1LLF,-120.6008728909,-120.4752615265,39.0102650490,39.1226747080,American,MFPC1,"12.2662049595262",MF American - Abv Middle Fork Powerhouse
"0","5934",MFPC1LUF,-120.5915334558,-120.4165673182,39.0109528261,39.1912048267,American,MFPC1,"27.950166921806",MF American - Abv Middle Fork Powerhouse
"0","5943",YLOC1LOF,-122.2894044630,-121.8050061626,38.6395431871,38.9147048903,CachePutah,YLOC1,"174.701085848148",
"0","5944",ANDC1LOF,-121.7394192036,-121.5218159380,37.1139717015,37.3507125315,SouthBay,ANDC1,"74.5713897268714",Coyote Ck - Anderson Res
"0","5945",COYC1HOF,-121.6056793006,-121.3773342937,37.0179334586,37.3184449515,SouthBay,COYC1,"120.13771399661",Coyote Ck - Coyote Res
"0","5946",HLEC1LOF,-121.2927832618,-120.8174780663,39.2325317301,39.5178172304,FeatherYuba,HLEC1,"159.103529629709",Yuba - Englebright Dam
"0","5947",MHSN2HLF,-115.4255017255,-115.0789834846,41.2370637729,41.7152663259,Humboldt,MHSN2,"297.801560177796",Marys R abv Hot Springs Ck
"0","5998",MHSN2HUF,-115.4482598593,-115.0310825373,41.3053941181,41.7849144732,Humboldt,MHSN2,"92.2388404323464",Marys R abv Hot Springs Ck
"0","6065",HODC1LOF,-117.1356833933,-116.7210553510,32.9907029847,33.2434423165,SanDiego_Inland,HODC1,"247.319251360232",Santa Ysabel Ck - Hodges Reservoir
"0","6066",RROC1LOF,-123.1675116695,-122.9295115189,38.4007550797,38.6488482164,RussianNapa,RROC1,"127.313258529048",Russian River - Highway 1
"0","6067",SUDC1HOF,-116.8045776533,-116.5807278359,33.0698524527,33.1922450321,SanDiego_Inland,SUDC1,"53.9894795637148",Santa Ysabel Ck - Sutherland Reservoir
"0","6068",TRNC1LLF,-123.1345163337,-122.9833805529,40.7088699853,40.9593971324,Klamath,TRNC1,"51.6291531521776",Trinity River - Above North Fork Trinity River
"0","6071",TRNC1LUF,-123.0847905276,-122.9687339125,40.7819444395,41.0029218854,Klamath,TRNC1,"25.038550846897",Trinity River - Above North Fork Trinity River
"0","6072",BURC1LLF,-123.4446186278,-123.0623595707,40.6662508987,41.0731935146,Klamath,BURC1,"250.04834080728",Trinity R nr Burnt Ranch
"0","6081",BURC1LUF,-123.3151985317,-123.0375934483,40.8521692526,41.0792279428,Klamath,BURC1,"53.1210206589416",Trinity R nr Burnt Ranch
"0","6082",LESC1HOF,-121.9318094857,-121.8431286217,37.0969700458,37.1608759250,SouthBay,LESC1,"9.81770613334066",Lake Elsman
"0","6083",LEXC1LOF,-122.0715747487,-121.9100653339,37.1208728196,37.2214332775,SouthBay,LEXC1,"27.7149607073606",Los Gatos Ck - Lexington Res
"0","6084",UPCC1HOF,-121.8424080604,-121.6827860257,37.3344973966,37.4265565315,SouthBay,UPCC1,"22.2298388989469",Upper Penitencia Creek at Piedmont
"0","6085",CMIC1LOF,-121.9347780710,-121.6963745437,37.2382879967,37.4230976027,SouthBay,CMIC1,"61.9721597194464",Coyote Ck - CA Hwy 237
"0","6086",UVRC1HOF,-121.8482011229,-121.6876122098,37.0483560337,37.1319473479,SalinasPajaro,UVRC1,"30.3378281821605",Uvas Reservoir
"0","6087",AROC1LOF,-121.7546941589,-121.1884770411,36.7487172820,37.1619779746,SalinasPajaro,AROC1,"382.871286633667",Pajaro - Chittenden
"0","6088",STDC1HOF,-122.1933635859,-122.0615994974,37.2475557818,37.3265438981,SouthBay,STDC1,"17.2328755067003",Stevens Creek Reservoir
"0","6089",CBRC1HOF,-121.8360888056,-121.6908357356,37.1022724909,37.1636986177,SalinasPajaro,CBRC1,"19.2698033358705",Chesbro Reservoir
"0","6090",OLKC1HOF,-116.9494935420,-116.7123537540,32.5892025898,32.7419092263,SanDiego_Inland,OLKC1,"98.8352754121304",Otay Reservoirs
"0","6091",BRTC1HOF,-116.7469104935,-116.4140507405,32.6292462074,32.9289298303,SanDiego_Inland,BRTC1,"130.093250497548",Barret Reservoir
"0","6092",ZNRC1HOF,-116.1839072401,-115.2952843779,32.3452966049,33.1304446002,SanDiego_Inland,ZNRC1,"965.411823988793",New River near Westmorland
