OBJ_STATUS_,OBJ_IDENTIF,NAME,MIN_X_AXIS_,MAX_X_AXIS_,MIN_Y_AXIS_,MAX_Y_AXIS_,FCSTGROUP,NWSID,AREA,DESCRIPT,TVA_NUM
"0","1",CLVV2,-82.1820578807,-81.3978856106,36.8370030130,37.1940171180,FGCPOWTN,CLVV2,398.9425878170,Clinch @ Cleveland,"1503"
"0","2",JNSV2,-83.1350363064,-82.6177360513,36.6543035387,37.0443569540,FGCPOWTN,JNSV2,319.4764397720,Powell @ Jonesville,"1501"
"0","3",ARTT1,-83.6658186278,-82.8231728412,36.4228538884,36.7595245573,FGCPOWTN,ARTT1,369.2680523140,Powell @ Arthur,"1502"
"0","4",NRST1,-84.3271313597,-83.2750768129,36.2228991384,36.6107990575,FGCPOWTN,NRST1,748.9789065900,Clinch @ Norris Dam,"1505"
"0","5",RLRV2,-81.7847917107,-81.4121268070,37.0431850477,37.2405552063,FGCPOWTN,RLRV2,133.8554624010,Clinch @ Richlands,"-999"
"0","6",TAZT1,-83.4124057577,-82.7466950257,36.3953282532,36.8326060139,FGCPOWTN,TAZT1,348.9764164730,Clinch @ Tazewell,"-999"
"0","7",SFYV2,-82.8211362749,-82.1280081176,36.6282593172,37.0611847698,FGCPOWTN,SFYV2,592.5769548750,Clinch @ Speers Ferry,"1504"
"0","9",SMFV2,-81.6553083858,-81.2855799494,36.7774574107,36.9620172926,FGHOLSTN,SMFV2,131.2317566560,Holston @ Seven Mile Ford,"102"
"0","10",SHDT1,-82.1134532337,-81.5808246058,36.4562224285,36.8670974257,FGHOLSTN,SHDT1,268.7111101200,SF Holston @ South Holston Dam,"103"
"0","11",FPHT1,-82.5624129932,-82.3721035295,36.3664250944,36.5660614586,FGHOLSTN,FPHT1,62.8038958400,SF Holston @ Ft Patrick Henry Dam,"401"
"0","12",JSST1,-82.9992131128,-82.2733418756,36.3511324479,36.6350674901,FGHOLSTN,JSST1,435.8344882090,Holston @ John Sevier Dam,"602"
"0","13",SGWN7,-81.8408715718,-81.6951370267,36.1091111363,36.3485434019,FGHOLSTN,SGWN7,91.0788777210,Watauga @ Sugar Grove,"201"
"0","14",WTGT1,-82.1485372730,-81.6948693532,36.1110248759,36.5381390427,FGHOLSTN,WTGT1,376.5718140850,Watauga @ Watauga Dam,"202"
"0","15",DOET1,-82.2670315809,-81.9865093202,36.1030584989,36.3516967164,FGHOLSTN,DOET1,137.1730322010,Doe @ Elizabethton,"301"
"0","16",CRKT1,-83.5226221957,-82.8893151459,36.0767934400,36.5171414073,FGHOLSTN,CRKT1,416.6483865470,Holston @ Cherokee Dam,"603"
"0","17",VSTV2,-81.9859857734,-81.3291956842,36.4699039971,36.8200870820,FGHOLSTN,VSTV2,303.1739981480,SF Holston @ Damascus,"101"
"0","18",SALV2,-81.7794251527,-81.2634213401,36.8521379839,37.0871942703,FGHOLSTN,SALV2,219.7689287170,NF Holston @ Saltville,"-999"
"0","19",GATV2,-82.6900664800,-81.7058927315,36.5861779633,37.0017618883,FGHOLSTN,GATV2,451.1922075190,NF Holston @ Gate City,"601"
"0","21",EZBT1,-82.2274406363,-81.9506980226,36.2995397840,36.5103736105,FGHOLSTN,EZBT1,87.6833136360,Watauga @ Elizabethton,"-999"
"0","23",BOOT1,-82.5051953095,-82.0342341525,36.2007813412,36.7195244693,FGHOLSTN,BOOT1,443.1637014630,SF Holston @ Boone Dam,"302"
"0","25",CCRA1,-87.9999524538,-87.5912720865,34.3848278216,34.6064800844,FGBEARAL,CCRA1,178.9983229600,Cedar @ Cedar Creek Dam,"2801"
"0","26",LBRA1,-87.9775570200,-87.6846302801,34.3497585158,34.4908260301,FGBEARAL,LBRA1,60.8078237490,Little Bear @ Little Bear Creek Dam,"2701"
"0","27",UBRA1,-87.7061430718,-87.4972251133,34.2362218425,34.4510026713,FGBEARAL,UBRA1,109.0545384560,Upper Bear @ Upper Bear Creek Dam,"2501"
"0","28",BCRA1,-87.9942954952,-87.6156431427,34.2194342728,34.4357191777,FGBEARAL,BCRA1,122.2310790850,Bear @ Bear Creek Dam,"2601"
"0","29",RBYA1,-88.1271235959,-87.9810800295,34.3566937464,34.4538472085,FGBEARAL,RBYA1,32.8725365060,Bear @ Red Bay,"-999"
"0","30",NOLT1,-82.8806470504,-82.3562901460,36.0267834637,36.3798960915,FGFRBRNC,NOLT1,378.4188489150,Nolichucky @ Nolinchucky Dam,"706"
"0","31",EMBT1,-82.6330352992,-81.8759074165,35.6986283429,36.2304387319,FGFRBRNC,EMBT1,804.6206542680,Nolichucky @ Embreeville,"705"
"0","32",ROSN7,-82.9888526633,-82.8169381533,35.1021047466,35.3098735601,FGFRBRNC,ROSN7,69.2350446490,French Broad @ Rosman,"-999"
"0","33",BLAN7,-82.8828619163,-82.5403371815,35.0646271381,35.3583865460,FGFRBRNC,BLAN7,223.3181389560,French Broad @ Blantyre,"-999"
"0","34",FLCN7,-82.8002688775,-82.3091870232,35.2288517428,35.5747005439,FGFRBRNC,FLCN7,346.9181736270,French Broad @ Fletcher,"-999"
"0","36",BLTN7,-82.5502648786,-82.2648659234,35.5246972192,35.7484381073,FGFRBRNC,BLTN7,130.0043668200,Swannanoa @ Biltmore,"-999"
"0","37",AVLN7,-82.8354383982,-82.5044277395,35.4205310479,35.6134687856,FGFRBRNC,AVLN7,175.0101963610,French Broad @ Asheville,"-999"
"0","38",CEPN7,-82.8877726049,-82.7455015091,35.3098736152,35.4747182524,FGFRBRNC,CEPN7,51.1702691290,EF Pigeon @ Canton,"-999"
"0","39",CTPN7,-82.9711084715,-82.8116499534,35.3371896515,35.5288558071,FGFRBRNC,CTPN7,43.9510411130,Pigeon @ Canton,"-999"
"0","40",RTRN7,-82.9882754136,-82.8752704425,35.2918221439,35.4288547923,FGFRBRNC,RTRN7,34.5854344870,WF Pigeon @ Retreat,"-999"
"0","42",HEPN7,-83.1864674759,-82.7991661741,35.3618974200,35.6730438606,FGFRBRNC,HEPN7,220.0184741180,Pigeon @ Hepco,"703"
"0","43",NEPT1,-83.3173187672,-83.0955682854,35.7127365498,35.9615134339,FGFRBRNC,NEPT1,129.8613799600,Pigeon @ Newport,"704"
"0","44",DUGT1,-83.5647929442,-83.0086245804,35.8766672146,36.2133175614,FGFRBRNC,DUGT1,320.5555227630,French Broad @ Douglas Dam,"707"
"0","45",LLDT1,-83.2378482629,-82.6007593533,35.9673088817,36.4233661672,FGFRBRNC,LLDT1,514.0758567750,Nolinchucky @ Lowlands,"-999"
"0","46",NWPT1,-83.1641425756,-82.7127828188,35.6779754098,36.0418399363,FGFRBRNC,NWPT1,295.1358134010,French Broad @ Newport,"702"
"0","47",MARN7,-82.8880953821,-82.4044315809,35.5676229785,35.8080167343,FGFRBRNC,MARN7,230.2833612920,French Broad @ Marshall,"-999"
"0","48",IVYN7,-82.6502771771,-82.3351322756,35.6964372028,35.9093141004,FGFRBRNC,IVYN7,157.0808889140,Ivy @ Marshall,"-999"
"0","49",HSPN7,-82.8403050209,-82.4749465598,35.7277071619,36.0658448826,FGFRBRNC,HSPN7,230.8016265140,French Broad @ Hot Springs,"-999"
"0","55",WTDN7,-83.2033596402,-82.8845551423,35.5488375175,35.7469099062,FGFRBRNC,WTDN7,105.3532258000,Pigeon @ Walters Dam,"-999"
"0","57",HRFT1,-83.2578708465,-82.9461160176,35.6708069020,35.7971646903,FGFRBRNC,HRFT1,82.0110761410,Pigeon @ Waterville,"-999"
"0","58",KYDK2,-88.3887824186,-87.5466847155,35.9592956629,37.0314616496,FGKENTKY,KYDK2,1460.6483970700,Tennessee @ Kentucky Dam,"3912"
"0","61",NJNT1,-88.2800007424,-87.5285871119,35.6215666306,36.1396144644,FGKENTKY,NJNT1,725.8694843140,Tennessee @ Johnsonville,"3910"
"0","62",HORT1,-88.2417381622,-87.9196547506,35.0180724254,35.1862331400,FGKENTKY,HORT1,106.6199602980,Horse Creek @ Savannah,"3901"
"0","63",SAVT1,-88.5435060468,-88.2139477909,34.9221831662,35.3371111690,FGKENTKY,SAVT1,314.2412119980,Tennessee @ Savannah,"3907"
"0","64",PRVT1,-88.5155998843,-87.7163071942,35.0602225232,35.7654576301,FGKENTKY,PRVT1,1307.4077178700,Tennessee @ Perryville,"3908"
"0","65",CDZK2,-87.8144589957,-87.2812399996,36.6708330574,36.9692499996,FGKENTKY,CDZK2,244.3405352800,Little @ Cadiz,"4002"
"0","67",DOVT1,-87.8864444588,-87.3646171600,36.2353767026,36.5614780040,FGKENTKY,DOVT1,417.0823423450,Cumberland @ Dover,"4005"
"0","70",CKVT1N,-87.7598025412,-87.0940340109,36.4428062479,36.8928999997,FGKENTKY,CKVT1N,529.3517203770,Red @ Clarksville,"4003"
"0","72",BRRT1,-87.1849300001,-86.4943500002,36.4381599996,36.9208599995,FGKENTKY,BRRT1,542.2808337090,Red River below Highway 61,"4001"
"0","73",CKVT1,-87.4795747338,-87.0570999998,36.1608200003,36.5284652707,FGKENTKY,CKVT1,280.2490163420,Cumberland @ Clarksville,"4004"
"0","74",BARK2E,-87.9753589173,-87.5117198462,36.7438013504,37.0776999996,FGKENTKY,BARK2E,357.0856078960,Little @ Barkley Lake,"4006"
"0","75",BIGT1,-88.4804011608,-88.1587896966,35.6925815385,36.0454767183,FGKENTKY,BIGT1,211.1368200880,Big Sandy @ Bruceton,"-999"
"0","76",HADT1,-84.3095442149,-84.1613264038,35.0402795954,35.2463546002,FGHWSETN,HADT1,50.0419166210,Hiwassee @ Apalachia Dam,"2001"
"0","77",OCCT1,-84.5268142472,-84.2860831697,34.9258826982,35.1034847830,FGHWSETN,OCCT1,68.6513914250,Occoee @ Dam #3,"2203"
"0","78",CHAN7,-83.8423532804,-83.5695489594,34.8658915045,35.0699266767,FGHWSETN,CHAN7,148.9816841070,Hiwassee @ Chatuge Dam,"1702"
"0","79",CPHT1,-84.3943520833,-84.1073506843,34.8175539323,35.0442063015,FGHWSETN,CPHT1,120.8528447210,Ocoee @ Copper Hill,"2201"
"0","80",FTCT1,-84.5160356393,-84.3668486105,34.8118296128,34.9922937034,FGHWSETN,FTCT1,71.4237204320,Fighting Town @ Copper Hill,"2202"
"0","81",HWEG1,-83.8106493803,-83.6525700560,34.7905964380,34.8914774967,FGHWSETN,HWEG1,40.0353836660,Hiwassee @ Hiawassee,"-999"
"0","82",NOTG1,-84.1633337131,-83.8991165407,34.7776961061,34.9823213904,FGHWSETN,NOTG1,139.4202252880,Nottely @ Nottely Dam,"1802"
"0","83",BRDG1,-84.3418253276,-84.1424133488,34.7468113526,34.8877001573,FGHWSETN,BRDG1,55.2791813030,Toccoa @ Blue Ridge Dam,"2102"
"0","84",BRVG1,-83.9604654931,-83.7916372910,34.7220489278,34.8849098826,FGHWSETN,BRVG1,74.8297970780,Nottely @ Blairsville,"1801"
"0","85",HURG1,-84.3426699720,-83.9394209908,34.6300152281,34.8233269148,FGHWSETN,HURG1,176.4007649500,Toccoa @ Dial,"2101"
"0","86",MPHN7,-84.0294914123,-83.6488165862,34.8729517130,35.1580070638,FGHWSETN,MPHN7,215.4335805760,Hiwassee @ Murphy,"-999"
"0","87",HIWN7,-84.2607172751,-83.6901952863,34.9359805097,35.2576781132,FGHWSETN,HIWN7,349.0546466150,Hiwassee @ Hiwassee Dam,"-999"
"0","88",OCAT1,-84.6552091219,-84.4201465044,34.9967788680,35.1922820201,FGHWSETN,OCAT1,101.6491390250,Occoee @ Dam #1,"-999"
"0","89",GGRT1,-85.9756679306,-85.0711700367,35.5240423215,36.1483189421,FGDKEKTN,GGRT1,1038.7101748700,Great Falls Local,"3002"
"0","90",LBVT1,-87.8720727222,-87.5311156092,35.4779493307,35.8281086243,FGDKEKTN,LBVT1,255.1624110950,Buffalo @ Lobelville,"3906"
"0","91",MCST1,-86.1873704632,-85.9559288295,35.4090580162,35.6723174001,FGDKEKTN,MCST1,110.4957454190,Duck @ Manchester,"2901"
"0","92",NRMT1,-86.2518241023,-86.0326198070,35.3498728740,35.5445269625,FGDKEKTN,NRMT1,86.0002119760,Duck @ Normandy Dam,"2902"
"0","93",SHVT1,-86.5078791636,-86.1437790934,35.3183632144,35.7061602816,FGDKEKTN,SHVT1,283.1890088110,Duck @ Shelbyville,"3902"
"0","94",MCGT1,-86.1238494983,-85.4636006318,35.3135303873,35.7949593948,FGDKEKTN,MCGT1,641.5427610120,Collins @ McMinnville,"3001"
"0","95",FLTT1,-87.8628469397,-87.2295846926,35.2060210664,35.5625589049,FGDKEKTN,FLTT1,450.3531149690,Buffalo @ Flatwoods,"3905"
"0","96",TMFT1,-86.3380410934,-85.7215138506,35.0824386280,35.4834229083,FGDKEKTN,TMFT1,534.8594456640,Elk @ Tims Ford Dam,"2401"
"0","97",FYTT1,-86.5456794759,-86.1423529584,34.9827207053,35.3646170372,FGDKEKTN,FYTT1,292.0556217430,Elk @ Fayetteville,"3602"
"0","98",MLTT1,-86.8587518207,-86.3769667991,35.3513349401,35.7387441854,FGDKEKTN,MLTT1,434.1402864950,Duck @ Milltown,"-999"
"0","99",COLT1,-87.0772829233,-86.6920803455,35.3919735848,35.7532246970,FGDKEKTN,COLT1,293.4297258580,Duck @ Columbia,"-999"
"0","100",CNVT1,-87.5531860077,-86.7412807534,35.4285414108,35.9392515636,FGDKEKTN,CNVT1,840.7060456000,Duck @ Centerville,"-999"
"0","101",HMLT1,-87.7755909826,-87.2747132937,35.6182162180,36.1103233044,FGDKEKTN,HMLT1,508.9348622110,Duck @ Hurricane Mills,"-999"
"0","102",PSPT1,-87.1254281704,-86.4831289724,34.9378157084,35.4055463518,FGDKEKTN,PSPT1,605.1912683640,Elk @ Prospect,"-999"
"0","103",PLKT1,-87.2683360781,-86.7170816555,35.1306066056,35.4559164261,FGDKEKTN,PLKT1,371.0150026290,Richland @ Pulaski,"-999"
"0","104",BIRN7,-83.4401255135,-83.1364118566,35.4291688386,35.6957278974,FGLITLTN,BIRN7,183.8255391390,Oconaluftee @ Birdtown,"1001"
"0","105",CHEN7,-83.9428522263,-83.7905012225,35.4214497589,35.5259648505,FGLITLTN,CHEN7,36.7534414390,Little Tennessee @ Cheoah Dam,"1201"
"0","106",CALT1,-84.0273738768,-83.7614014754,35.3711770067,35.5369697475,FGLITLTN,CALT1,73.8849042410,Little Tennessee @ Calderwood Dam,"1301"
"0","107",SNTN7,-84.0383157334,-83.6851769227,35.2171455408,35.3884090402,FGLITLTN,SNTN7,173.8775694290,Cheoah @ Santeetlah Dam,"1101"
"0","108",FONN7,-83.8203643054,-83.3361176912,35.1726093927,35.5801291843,FGLITLTN,FONN7,389.1939459210,Little Tennessee @ Fontana Dam,"1004"
"0","109",THPN7,-83.2255069082,-83.0754026110,35.0982970998,35.2138936152,FGLITLTN,THPN7,36.7208629990,WF Tuckasegee @ Thorpe Dam,"801"
"0","110",NANN7,-83.7383604809,-83.4713044843,34.9966851627,35.2082435613,FGLITLTN,NANN7,90.8498015710,Nantahala @ Nantahala Dam,"901"
"0","111",CLTT1,-84.0507280544,-83.7288653191,35.4584211434,35.6429389964,FGLITLTN,CLTT1,120.1470993520,Little Tennessee @ Chilhowee Dam,"1401"
"0","112",PRTN7,-83.4866428098,-83.2794588661,34.9037980173,35.1538443721,FGLITLTN,PRTN7,139.3831559630,Little Tennessee @ Prentiss,"-999"
"0","113",NEEN7,-83.5813632043,-83.1431937706,35.0342231268,35.3433081434,FGLITLTN,NEEN7,296.8322247060,Little Tennessee @Needmore,"-999"
"0","114",ICCN7,-83.1044470029,-82.9194877967,35.1300779514,35.3163526114,FGLITLTN,ICCN7,80.7231588570,Tuckasegee @ Cedar Cliff Dam,"-999"
"0","115",TKRN7,-83.1866612219,-83.0836139464,35.1749792803,35.2955168368,FGLITLTN,TKRN7,28.4351812900,Tuckasegee @ Tuckasegee,"-999"
"0","116",DILN7,-83.3408472179,-82.9637942377,35.2044782066,35.4652047958,FGLITLTN,DILN7,214.6546578040,Tuckasegee @ Dillsboro,"-999"
"0","117",TKSN7,-83.4855663229,-83.2636167447,35.3411042828,35.6118585078,FGLITLTN,TKSN7,110.0080327110,Tuckasegee @ Bryson City,"-999"
"0","119",TLRT1,-84.3147171822,-84.0012288383,35.2278384961,35.3905078284,FGLITLTN,TLRT1,118.4861185200,Tellico @ Tellico Plains,"-999"
"0","120",TDTT1,-84.4658638582,-83.9241352250,35.3147096582,35.7821661284,FGLITLTN,TDTT1,531.8002693500,Little Tennessee @ Tellico Dam,"-999"
"0","121",MHDT1,-84.3147018837,-83.6806886755,35.8358784786,36.2848903980,FGTENNTN,MHDT1,432.3621248360,Clinch @ Melton Dam,"1601"
"0","122",OAKT1,-85.1922750321,-84.3795996111,35.7432135528,36.2554868482,FGTENNTN,OAKT1,765.0168763370,Emory @ Oakdale,"3201"
"0","123",SEVT1,-83.7329489785,-83.2520037667,35.5886703348,35.9069524617,FGTENNTN,SEVT1,352.1669058840,Little Pigeon @ Sevierville,"3101"
"0","124",SEET1,-84.8020632964,-84.5500126495,35.5057573373,35.7403862123,FGTENNTN,SEET1,117.5718218440,Sewee Creek @ Decatur,"3301"
"0","125",WHTT1,-85.5711771970,-84.9707291808,35.2028107166,35.8318368831,FGTENNTN,WHTT1,386.9677991620,Sequatchie @ Whitwell,"3502"
"0","126",IRCT1,-87.7347117792,-87.2243392017,35.0221137950,35.3529932709,FGTENNTN,IRCT1,347.7062433670,Shoal Creek @ Iron City,"3701"
"0","127",CKDT1,-85.3326700421,-84.3830467353,34.9852973963,35.6566532745,FGTENNTN,CKDT1,1071.3027845300,Tennessee @ Chickamauga Dam,"-999"
"0","129",CHSA1,-86.7254960336,-86.2559676738,34.8003669239,35.1042720173,FGTENNTN,CHSA1,343.2680413040,Flint @ Chase,"3601"
"0","130",WHLA1,-87.4035157156,-86.9086009839,34.5501699825,35.2173065682,FGTENNTN,WHLA1,892.4323269250,Tennessee @ Wheeler Dam,"3605"
"0","131",PICT1,-88.4422691896,-87.4870622920,34.4274753676,35.1201389452,FGTENNTN,PICT1,1566.3234384200,Tennessee @ Pickwick Dam,"3801"
"0","132",GERA1,-85.9994547640,-85.5854609165,34.3530757230,34.7304290424,FGTENNTN,GERA1,138.9423707720,Town Creek @ Geraldine,"3501"
"0","133",TWNT1,-83.7702533865,-83.4723485642,35.5618845316,35.7006812515,FGTENNTN,TWNT1,107.2320275000,Little @ Townsend,"-999"
"0","134",MYVT1,-83.9707728344,-83.6790903241,35.6219329595,35.8576855588,FGTENNTN,MYVT1,161.9569495700,Little @Maryville,"-999"
"0","136",FLDT1,-84.2436802668,-83.8128165221,35.6853747806,35.9683932840,FGTENNTN,FLDT1,286.5236320650,Tennessee @ Ft Loundon Dam,"-999"
"0","137",ALCT1,-83.9294860385,-83.7628146596,35.7650927053,35.8955026058,FGTENNTN,ALCT1,30.2776238360,Little River at Alcoa,"-999"
"0","138",KNOT1,-84.0443412111,-83.3785991096,35.8016225582,36.3328815059,FGTENNTN,KNOT1,641.9896757500,Tennessee @ Knoxville,"-999"
"0","139",KGTT1,-84.6295202039,-84.1922146937,35.5244423345,35.8788252281,FGTENNTN,KGTT1,297.0887768210,Tennessee @ Kingston,"-999"
"0","140",WBOT1,-85.0570054940,-84.1599235365,35.5755084642,36.1592039785,FGTENNTN,WBOT1,726.0384420460,Tennessee @ Watts Bar Dam,"-999"
"0","141",CHAT1,-85.4128798986,-85.0955834668,35.0084766245,35.3477605504,FGTENNTN,CHAT1,174.4676847270,Tennessee @ Chattanooga,"-999"
"0","142",ENGG1,-85.6601235531,-85.4087102303,34.5808897626,34.9663266010,FGTENNTN,ENGG1,149.7156475560,Lookout @ New England,"-999"
"0","143",NKJT1,-85.6554790964,-85.2568690585,34.8041905111,35.2338383690,FGTENNTN,NKJT1,321.7985231750,Tennessee @ Nickajack Dam,"-999"
"0","144",WCKG1,-85.4854007567,-85.1922403133,34.6053643910,34.9589487373,FGTENNTN,WCKG1,150.7641365820,W Chickamauga @ Ft Oglethorpe,"-999"
"0","145",CHKT1,-85.2961295489,-84.9520823813,34.7063682315,35.0577695847,FGTENNTN,CHKT1,276.4619582470,S Chickamauga @ Chattanooga,"-999"
"0","146",SPTT1,-85.9045614967,-85.4400424038,34.9788295919,35.3623978873,FGTENNTN,SPTT1,392.3411990500,Tennessee @ South Pittsburg,"-999"
"0","147",SCRA1,-86.1031719681,-85.5167682115,34.6013185457,35.2099006486,FGTENNTN,SCRA1,755.4603351760,Tennessee @ Scottsboro,"-999"
"0","148",GVDA1,-86.5192569963,-85.7182918234,34.1141991038,34.8130472717,FGTENNTN,GVDA1,911.0553844160,Tennessee @ Guntersville Dam,"-999"
"0","149",WDVA1,-86.3795703053,-86.0298641489,34.6246714020,35.1015825894,FGTENNTN,WDVA1,319.8314900140,Paint Rock @ Woodville,"-999"
"0","150",WHIA1,-86.6045761563,-86.1646910288,34.3136844048,34.9464610599,FGTENNTN,WHIA1,429.7431485970,Tennessee @ Whitesburg,"-999"
"0","151",BSBA1,-86.5587420095,-86.4212380679,34.7121741858,34.8339805583,FGTENNTN,BSBA1,37.8596975460,Flint @ Brownsboro,"-999"
"0","153",DECA1,-87.3177921303,-86.4877767180,34.2425667190,35.0375574179,FGTENNTN,DECA1,1312.9456176500,Tennessee @ Decatur,"-999"
"0","154",BNAA1,-87.4337736928,-87.2021686659,34.4120565620,34.6705071266,FGTENNTN,BNAA1,159.1349653370,Big Nance @ Courtland,"-999"
"0","155",WLSA1,-87.7624403377,-87.2674913416,34.3888847396,35.1757534590,FGTENNTN,WLSA1,642.8891792510,Tennessee @ Wilson Dam,"-999"
"0","156",BARK2,-88.2445349992,-87.6972656462,36.4418659691,37.1362900004,FGKENTKY,BARK2,580.2928400930,Cumberland @ Barkley Dam,"4007"
"0","157",PORT1,-87.2244800000,-86.8633700005,36.4134099997,36.8797100002,FGKENTKY,PORT1,197.1246107660,Red @ Port Royal,"4001"
"0","158",PORT1S,-87.0813699997,-86.6623399994,36.3935799995,36.5641799999,FGKENTKY,PORT1S,185.6471277720,Sulphur Fork Red near Adams,"4001"
"0","159",EMGT1,-87.6269536493,-87.4207565526,36.0839681141,36.3117400003,FGKENTKY,EMGT1,103.0054107270,Yellow Creek @ Ellis Mills,"4005"
"0","160",CHLT1,-84.8516694597,-84.1885347054,35.0253410443,35.5398013352,FGHWSETN,CHLT1,685.1581562220,Hiwassee @ Charleston,"-999"
"0","161",JNEL1,-92.1462500000,-91.4879166666,31.4120833333,32.3954166666,FGLOUALA,JNEL1,1081.7597927600,BLACK/JONESVILLE L&D,"-999"
"0","162",NECL1,-92.1254166666,-91.3795833333,32.0329166666,32.9400854186,FGLOUALA,NECL1,945.3072348810,BOEUF/FORT NECESSITY,"-999"
"0","163",WBHL1,-91.2212500000,-91.1170833333,30.6495833333,30.8370833333,FGAMCOLA,WBHL1,39.9383247160,White Bayou,"-999"
"0","164",CMTL1,-91.1747159717,-91.0295833333,30.5037500000,30.6704166666,FGAMCOLA,CMTL1,59.7058969100,Comite River at Comite,"-999"
"0","165",FELA4,-92.6588000000,-91.7503999999,33.0371000000,34.1246000000,FGUOUAAR,FELA4,2171.1075372000,Ouachita River at Felsenthal L&D,"-999"
"0","166",DYET1,-89.4588000000,-88.7421000000,35.7704000000,36.1454000000,FGWESTTN,DYET1,566.7267035560,N.F. Forked Deer at Dyersburg,"-999"
"0","167",KRZL1,-91.8921000000,-91.7271468625,30.5370014367,30.7246000042,FGATCHLA,KRZL1,7.7973979350,ATCHAF/KROTZ SPR,"-999"
"0","169",SLGL1,-93.7712500000,-93.4964259920,32.4454166666,32.9620833333,FGLREDLA,SLGL1,288.2799595050,RED CHUTE BYU/SLIGO,"-999"
"0","170",MKSM6,-90.5218439762,-90.0920833333,34.2454166666,34.8431772227,FGUYAZMS,MKSM6,494.0889834770,COLDWATER @ MARKS,"-999"
"0","171",LMGM6,-90.2754166666,-90.0462500000,34.1620833333,34.4954166666,FGUYAZMS,LMGM6,154.7808280990,TALLAHATCHIE/LAMBERT,"-999"
"0","172",WILA1,-88.3629166666,-88.2712500000,30.8537500000,30.9954166666,FGPASMS,WILA1,30.0404658660,BIG CREEK @ WILMER,"-999"
"0","173",SVPL1,-93.9437752295,-93.6316875000,32.4829166666,33.1495833333,FGUREDLA,SVPL1,292.4778585670,RED @ SHEVEPORT,"-999"
"0","178",FRNL1,-90.4129166666,-89.9879166666,30.8204166666,31.3662500000,FGLPERLA,FRNL1,487.8391217500,B.CHITTO/FRANKLINTON,"-999"
"0","179",SCST2,-96.2504166666,-95.9129166666,33.1620833333,33.4704166666,FGUREDLA,SCST2,151.5388290360,S. SULPHUR/COMMERCE,"-999"
"0","180",SCLT2,-96.0004166666,-95.5962500000,33.1245833333,33.4579166666,FGUREDLA,SCLT2,291.8349278400,S.SULPHUR/COOPER DAM,"-999"
"0","181",MRML1,-92.7045833333,-92.0795833333,30.1452295404,30.6204166666,FGCALCLA,MRML1,741.2853374270,MERMENTAU/MERMENTAU,"-999"
"0","185",TXKT2,-94.8420833333,-94.1504166666,33.1412500000,33.5704166666,FGUREDLA,TXKT2,625.1813705860,SULPHUR/W.PATMAN DAM,"-999"
"0","186",SBFA4,-94.2212500000,-93.5712500000,33.0745833333,33.8079166666,FGUREDLA,SBFA4,1094.7939473700,RED/SPRING BANK,"-999"
"0","187",MSCT2,-96.0545833333,-95.9129166666,33.2370833333,33.4120833333,FGUREDLA,MSCT2,40.2715401560,MID SULPHUR/COMMERCE,"-999"
"0","188",BQIL1,-92.3462500000,-92.0920833333,30.0954166666,30.3162500000,FGVERMLA,BQIL1,115.6669023890,Bayou Queue De Tortue at LA92,"-999"
"0","189",BMPL1,-91.2346559711,-90.9129166666,30.1839513351,30.4704166666,FGAMCOLA,BMPL1,169.5383260170,B.MANCHAC/L.PRAIRIE,"-999"
"0","190",RRLL1,-91.6823574213,-90.9879166666,30.9621177799,31.6287500000,FGMISS,RRLL1,882.7737278650,MISS/RED RIVER LNDG,"-999"
"0","191",SMML1,-92.0857983972,-91.5923001904,30.9801207001,31.3370833333,FGATCHLA,SMML1,372.5637183360,ATCHAF-YA/SIMMESPORT,"-999"
"0","192",CHRL1,-92.1420833333,-91.5215037413,29.8870833333,31.0968435405,FGATCHLA,CHRL1,566.0216110500,CRAND LAKE/CHARENTON,"-999"
"0","193",LCRL1,-93.6712500000,-93.2004166666,30.2537500000,30.8620833333,FGCALCLA,LCRL1,706.3563464090,WF.CALC/SAM HOUSTON,"-999"
"0","194",VRPL1,-92.2420833333,-91.9712500000,29.9370833333,30.1745833333,FGVERMLA,VRPL1,132.8163004810,VERMILION/PERRY,"-999"
"0","195",BLRL1,-91.8725940602,-91.6536925950,30.2683359272,30.5558541666,FGATCHLA,BLRL1,132.5444610620,ATCHAF/BUTTE LA ROSE,"-999"
"0","196",OTBL1,-93.3045833333,-92.7150208333,30.2558541666,30.7912500000,FGCALCLA,OTBL1,553.9102038340,CALCASIEU/OLD TWN BY,"-999"
"0","197",LYMM6,-89.3212500000,-88.9795833333,30.4745833333,30.7454166666,FGGULFMS,LYMM6,151.5811865100,BILOXI NR LYMAN,"-999"
"0","198",BTJL1,-91.9399791666,-91.5795833333,29.8662500000,30.3995833333,FGVERMLA,BTJL1,109.7715366030,B.TECHE/JEANERETTE,"-999"
"0","199",BQTL1,-92.5087500000,-92.1337500000,30.0245833333,30.1579166666,FGVERMLA,BQTL1,79.5083204310,Bayou Queue De Tortue at LA91,"-999"
"0","200",VRLL1,-92.1629166666,-91.8190403483,30.1320060146,30.4204166666,FGVERMLA,VRLL1,151.2870708690,VERMILION/LAFAYETTE,"-999"
"0","201",BYML1,-91.1045833333,-90.8920833333,30.3454166666,30.4787500000,FGAMCOLA,BYML1,61.0664603680,AMITE/B.MANCHAC PT,"-999"
"0","202",PVLL1,-90.9505268419,-90.8295833333,30.3138766465,30.5140470671,FGAMCOLA,PVLL1,33.5283018960,AMITE @ PORT VINCENT,"-999"
"0","203",LCHL1,-93.2712500000,-92.9920833333,30.1662500000,30.4348677211,FGCALCLA,LCHL1,137.0341802990,CALC/SALT WATER BARR,"-999"
"0","204",GNDL1,-91.7541563669,-91.4215863177,29.8763290374,30.8059294961,FGATCHLA,GNDL1,514.5254464960,ATCHAF-YA/MYETTE PT.,"-999"
"0","205",MCGL1,-91.4749206584,-91.1712500000,29.6945118356,30.0745564993,FGATCHLA,MCGL1,301.7013297640,ATCHAF-YA/MORGAN CTY,"-999"
"0","206",BRBM7,-92.9670833333,-92.6254166666,36.7287500000,37.0954166666,FGUWHIAR,BRBM7,298.0334522970,BEAVER CR/BRAD-VILLE,"-999"
"0","207",JKFM7,-92.0087500000,-91.6420833333,36.9954166666,37.2120833333,FGBLAKAR,JKFM7,192.5278708160,JACKS FORK/MT. VIEW,"-999"
"0","208",AKFM7,-91.8962500000,-91.4045833333,37.1829166666,37.5745833333,FGBLAKAR,AKFM7,380.9803825840,CURRENT ABV AKERS,"-999"
"0","209",HDYA4,-92.0004166666,-91.4087500000,36.2537500000,36.8079166666,FGBLAKAR,HDYA4,855.6712291760,SPRING @ HARDY,"-999"
"0","210",ANEA4,-93.6545833333,-93.3587500000,34.0287500000,34.2995833333,FGUOUAAR,ANEA4,172.9044107040,ANTOINE @ ANTOINE,"-999"
"0","211",SHCA4,-92.6129166666,-92.1629166666,34.2287500000,34.7245833333,FGUOUAAR,SHCA4,241.3914996570,HURRICANE / SHERIDAN,"-999"
"0","212",SGFM7,-93.2462500000,-92.7212500000,37.1037500000,37.3329166666,FGUWHIAR,SGFM7,243.7882082930,JAMES NR SPRINGFIELD,"-999"
"0","213",ORAM6,-88.5170833333,-88.2254166666,30.4412500000,30.8287500000,FGPASMS,ORAM6,304.8250684360,ESCATAWPA/ORANGE GRV,"-999"
"0","214",GOOM6,-89.9795833333,-89.5712500000,32.9412500000,33.2662500000,FGBIGBMS,GOOM6,313.6414428080,BIG BLACK / GOODMAN,"-999"
"0","215",BBWM6,-90.1545833333,-89.6462500000,32.6079166666,33.0620833333,FGBIGBMS,BBWM6,534.9190501860,BIG BLACK/WAY-HWY 16,"-999"
"0","216",GLNM7,-93.7212500000,-93.2754166666,36.8037500000,37.0495833333,FGUWHIAR,GLNM7,268.9485531030,JAMES @ GALENA,"-999"
"0","217",BVGA4,-94.1545833333,-93.7462500000,35.8704166666,36.4954166666,FGUWHIAR,BVGA4,537.4580472610,WHITE @ BEAVER DAM,"-999"
"0","218",PAHK2,-88.6795833333,-87.9004166666,36.5954166666,37.3287500000,FGMISS,PAHK2,949.0598030790,OHIO @ PADUCAH,"-999"
"0","219",FORM7,-93.9837500000,-93.1879166666,36.1454166666,36.9120833333,FGUWHIAR,FORM7,1298.1330172200,WHITE/TABLE ROCK DAM,"-999"
"0","220",JAMM7,-93.5545833333,-93.0795833333,36.9995833333,37.2329166666,FGUWHIAR,JAMM7,208.7330269210,JAMES NR BOAZ,"-999"
"0","221",FINM7,-93.3295833333,-92.7004166666,36.9370833333,37.1745833333,FGUWHIAR,FINM7,246.3572299040,FINLEY BLO RIVERDALE,"-999"
"0","222",BRYA4,-93.7712500000,-93.2587500000,35.8329166666,36.4620833333,FGUWHIAR,BRYA4,529.9494573170,KINGS NR BERRYVILLE,"-999"
"0","223",ANNM7,-91.3212500000,-90.7045833333,37.3287500000,37.7162500000,FGBLAKAR,ANNM7,496.5505560850,BLACK NR ANNAPOLIS,"-999"
"0","224",EMNM7,-91.7754166666,-91.1670833333,37.0579166666,37.5204166666,FGBLAKAR,EMNM7,491.2396659610,CURRENT NR EMINENCE,"-999"
"0","225",SJOA4,-93.5295833333,-92.7420833333,35.6662500000,36.1579166666,FGUWHIAR,SJOA4,828.9527455230,BUFFALO NR ST.JOE,"-999"
"0","226",TBCM7,-92.7045833333,-92.2170833333,36.6245833333,37.1162500000,FGUWHIAR,TBCM7,582.2855470910,BRYANT CR/TECUMSEH,"-999"
"0","227",TMVM7,-91.9962500000,-91.4837500000,36.6870833333,37.0329166666,FGBLAKAR,TMVM7,356.7450092570,11 POINT/THOMASVILLE,"-999"
"0","228",MOIA4,-94.2920833333,-93.6712500000,34.4412500000,34.7204166666,FGUOUAAR,MOIA4,416.7015917860,OUACHITA NR MT.IDA,"-999"
"0","229",TNZM7,-92.3087500000,-91.9045833333,36.5954166666,37.1454166666,FGUWHIAR,TNZM7,569.9482522390,NORTH FORK/TECUMSEH,"-999"
"0","230",BSGA4,-93.3837500000,-92.4337500000,36.2287500000,37.0412500000,FGUWHIAR,BSGA4,1531.7777640800,WHITE/BULL SHOALS DM,"-999"
"0","231",OWCT1,-89.2295833333,-88.8295833333,35.4620833333,35.7829166666,FGWESTTN,OWCT1,247.5569138000,SF.FKED DEER/OWL CTY,"-999"
"0","232",BBCM7,-93.3504166666,-93.0462500000,36.6995833333,37.0079166666,FGUWHIAR,BBCM7,199.6218794650,BULL CREEK / BRANSON,"-999"
"0","233",ARLT1,-89.6462500000,-89.1462500000,35.1412500000,35.3995833333,FGWESTTN,ARLT1,268.6396279740,Loosahatchie at Arlington,"-999"
"0","234",BMDA4,-93.8545833333,-93.1004166666,34.4662500000,34.8495833333,FGUOUAAR,BMDA4,679.1300332220,OUACHITA/BLAKELY DAM,"-999"
"0","235",VNBM7,-91.3962500000,-90.9587500000,36.8870833333,37.3620833333,FGBLAKAR,VNBM7,391.9211123550,CURRENT @ VAN BUREN,"-999"
"0","236",NADA4,-94.0379166666,-93.6337500000,34.1412500000,34.4454166666,FGUOUAAR,NADA4,241.7189338860,L.MISSOURI/NARROWS D,"-999"
"0","237",NFDA4,-92.4962500000,-91.9337500000,36.2079166666,36.6870833333,FGUWHIAR,NFDA4,675.8171431880,NORTH FK/NORFORK DAM,"-999"
"0","238",OLVM6,-89.7837500000,-89.3045833333,34.7662500000,34.9829166666,FGUYAZMS,OLVM6,189.0778214300,COLDWATER/OLIVE BR,"-999"
"0","239",FYGA4,-94.2212500000,-93.6045833333,35.7204166666,36.0787500000,FGUWHIAR,FYGA4,392.4698727560,WHITE / FAYETTEVILLE,"-999"
"0","240",HDGA4,-93.8629166666,-93.5712500000,35.8245833333,36.2620833333,FGUWHIAR,HDGA4,263.1322876140,WAR EAGLE/HINDSVILLE,"-999"
"0","241",WLNM6,-88.9420833333,-88.6545833333,34.5537500000,34.9495833333,FGWESTTN,WLNM6,266.4595331160,HATCHIE NR WALNUT MS,"-999"
"0","242",MLMA4,-93.9629166666,-93.6670833333,34.0329166666,34.2620833333,FGUOUAAR,MLMA4,147.8006070350,L.MISSOURI/MURPHYS-O,"-999"
"0","243",CPPT2,-96.1379166666,-95.5837500000,33.3829166666,33.6412500000,FGUREDLA,CPPT2,314.9266387470,N.SULPHUR NR COOPER,"-999"
"0","244",COPT2,-95.7670833333,-95.5920833333,33.3079166666,33.4662500000,FGUREDLA,COPT2,40.5754219940,S.SULPHUR NR COOPER,"-999"
"0","245",PLAM6,-89.2087500000,-88.7837500000,32.7079166666,33.2329166666,FGUPERMS,PLAM6,519.0042864190,PEARL @ PHILADELPHIA,"-999"
"0","246",CLRM7,-91.2004166666,-90.7087500000,37.0579166666,37.4245833333,FGBLAKAR,CLRM7,416.4195745600,BLACK/CLEARWATER DAM,"-999"
"0","247",EPGM7,-91.6754166666,-91.1045833333,36.6412500000,37.0204166666,FGBLAKAR,EPGM7,424.6221273660,11 POINT NR BARDLEY,"-999"
"0","248",ENBM6,-89.3795833333,-88.9379166666,32.5870833333,33.0412500000,FGUPERMS,ENBM6,385.8564748310,PEARL @ EDINBURG,"-999"
"0","249",LGRT1,-89.3545833333,-88.9962500000,34.8245833333,35.0620833333,FGWESTTN,LGRT1,209.0936358550,WOLF @ LAGRANGE,"-999"
"0","250",KSCM6,-89.6087500000,-89.1462500000,33.0204166666,33.3870833333,FGUPERMS,KSCM6,297.8999456740,YOCKA-KANY/KOSCIUSKO,"-999"
"0","251",WTGM6,-89.5337500000,-89.1420833333,32.2995833333,32.6745833333,FGUPERMS,WTGM6,402.3090884520,TUSCO-META/WALNUT GR,"-999"
"0","252",CLRA4,-93.2212500000,-92.1212500000,35.6912500000,36.3995833333,FGUWHIAR,CLRA4,1302.1811738200,WHITE @ CALICO ROCK,"-999"
"0","253",LBTM6,-89.5629166666,-89.1670833333,32.7620833333,33.2037500000,FGUPERMS,LBTM6,308.8924515790,LOBUTCHA NR CARTHAGE,"-999"
"0","254",CARM6,-89.5420833333,-89.2754166666,32.6120833333,32.8537500000,FGUPERMS,CARM6,136.2339762840,PEARL NR CARTHAGE,"-999"
"0","255",BVRT1,-89.1670833333,-88.6212500000,34.7704166666,35.4037500000,FGWESTTN,BVRT1,645.5950425620,HATCHIE @ BOLIVAR,"-999"
"0","256",KILM6,-89.6379166666,-89.0670833333,33.3037500000,33.6912500000,FGBIGBMS,KILM6,537.7059945750,BIG BLACK/KILMICHAEL,"-999"
"0","257",NOMT1,-88.8587500000,-88.4754166666,36.3037500000,36.5745833333,FGWESTTN,NOMT1,213.0458206790,NF OBION NR MARTIN,"-999"
"0","258",FSKM7,-90.3337500000,-90.0953328067,36.7745833333,37.0725208333,FGSTFRAR,FSKM7,120.3590073880,ST.FRANCIS @ FISK,"-999"
"0","259",DGDA4,-93.9212500000,-93.0920833333,34.2079166666,34.5162500000,FGUOUAAR,DGDA4,439.0257496880,CADDO @ DEGRAY DAM,"-999"
"0","260",RVSA4,-91.5087500000,-91.0629166666,36.3412500000,36.7329166666,FGBLAKAR,RVSA4,343.0212154330,11 PT/RAVENDEN SPRGS,"-999"
"0","261",WPPM7,-90.7004166666,-90.2420833333,36.8954166666,37.2662500000,FGSTFRAR,WPPM7,350.3110205190,ST.FRAN/WAPPAPELO DM,"-999"
"0","262",MEIM6,-88.7045833333,-88.5712500000,32.3329166666,32.5037500000,FGPASMS,MEIM6,55.1522346530,SOWASHEE/MERIDIAN,"-999"
"0","263",REDA4,-93.5462500000,-92.8295833333,34.3454166666,34.6829166666,FGUOUAAR,REDA4,448.5166990370,OUACHITA/REMMEL DAM,"-999"
"0","264",UCGT1,-89.0129166666,-88.7170833333,36.3662500000,36.5537500000,FGWESTTN,UCGT1,110.6669865160,NF OBION NR UNIONCTY,"-999"
"0","265",KENT1,-89.0920833333,-88.6629166666,35.8245833333,36.2120833333,FGWESTTN,KENT1,152.1325455790,RUTHRFRD F NR KENTON,"-999"
"0","266",RDTA4,-92.9045833333,-92.8754166666,34.4162500000,34.4495833333,FGUOUAAR,RDTA4,2.5037320520,OUACHITA/JONES MILL,"-999"
"0","267",TLCT2,-95.6795833333,-95.0587500000,33.2745833333,33.6870833333,FGUREDLA,TLCT2,565.1560373750,SULPHUR NR TALCO,"-999"
"0","268",BOGT1,-89.4670833333,-89.0691458333,36.1037500000,36.3329166666,FGWESTTN,BOGT1,171.4399499440,OBION NR BOGOTA,"-999"
"0","269",PKGA4,-92.0045833333,-91.4379166666,35.9954166666,36.3745833333,FGBLAKAR,PKGA4,468.5262221620,STRAWBERRY/P-KEEPSIE,"-999"
"0","270",WALM6,-89.1962500000,-89.0045833333,31.9620833333,32.1870833333,FGPASMS,WALM6,103.0989877660,TALLAHALA CR/WALDRUP,"-999"
"0","271",IMBA4,-91.5212500000,-91.1379166666,36.1704166666,36.5495833333,FGBLAKAR,IMBA4,316.0953137250,"SPRING @ IMBODEN, AR","-999"
"0","272",BSLT2,-95.3587500000,-94.9962500000,32.8870833333,33.1745833333,FGUREDLA,BSLT2,248.9350824670,B.CYPRESS/L.BOB SAND,"-999"
"0","273",WOCT2,-95.8254166666,-95.0920833333,33.0412500000,33.3620833333,FGUREDLA,WOCT2,535.6784571050,WHITE OAK CR/TALCO,"-999"
"0","274",OXDM6,-89.5545833333,-89.1420833333,34.1495833333,34.4120833333,FGUYAZMS,OXDM6,246.4126936840,YOCONA NR OXFORD,"-999"
"0","275",ROST1,-89.5587500000,-89.1170833333,34.8870833333,35.2162500000,FGWESTTN,ROST1,282.7504105250,WOLF @ ROSSVILLE,"-999"
"0","276",OBNT1,-89.2837500000,-88.6441458333,36.1704166666,36.4787500000,FGWESTTN,OBNT1,377.0718408510,OBION NR OBION,"-999"
"0","277",SFRA4,-90.2504166666,-89.8629166666,36.4245833333,36.9495833333,FGSTFRAR,SFRA4,339.7374079180,ST.FRAN/ST.FRANCIS,"-999"
"0","278",PBGT2,-95.0879166666,-94.8504166666,32.9537500000,33.2287500000,FGUREDLA,PBGT2,155.2352436690,B.CYPRESS/PITTSBURG,"-999"
"0","279",LEGM6,-89.8379166666,-89.7337500000,34.8370833333,34.9329166666,FGUYAZMS,LEGM6,25.3996764430,COLDWATER/LEWISBURG,"-999"
"0","280",HLST1,-89.4879166666,-89.1712500000,35.5745833333,35.9495833333,FGWESTTN,HLST1,248.2658090090,SF.FORKED DEER/HALLS,"-999"
"0","281",TPGM6,-89.3962500000,-88.9129166666,34.5912500000,34.8662500000,FGUYAZMS,TPGM6,360.4745138830,TIPPAH NR POTTS CAMP,"-999"
"0","282",BRCM6,-89.3712500000,-89.0087500000,33.9370833333,34.2454166666,FGLYAZMS,BRCM6,268.6431436590,SKUNA @ BRUCE,"-999"
"0","283",LEWM6,-89.8254166666,-89.4379166666,34.6245833333,34.9120833333,FGUYAZMS,LEWM6,228.8087308500,P.ROOST CR/LEWISBURG,"-999"
"0","284",SFKT1,-88.9920833333,-88.4337500000,36.0620833333,36.2954166666,FGWESTTN,SFKT1,228.6847109270,SF.OBION NR KENTON,"-999"
"0","285",ALAT1,-89.1212500000,-88.7962500000,35.6579166666,35.8870833333,FGWESTTN,ALAT1,161.9647320780,MF Forked Deer near Alamo,"-999"
"0","286",GERT1,-89.8129166666,-89.4004166666,34.9787500000,35.2329166666,FGWESTTN,GERT1,200.3300484180,WOLF @ GERMANTOWN,"-999"
"0","287",SHHM6,-89.9254166666,-89.6504166666,34.5579166666,34.7412500000,FGUYAZMS,SHHM6,120.8667400190,HICKAHALA/SENATOBIA,"-999"
"0","288",ORCT2,-95.2170833333,-94.7045833333,32.5912500000,33.0079166666,FGUREDLA,ORCT2,430.6026477930,L.CYPRESS/ORE CITY,"-999"
"0","289",NMDM7,-89.6254166666,-88.4420833333,36.4245833333,37.1537500000,FGMISS,NMDM7,1794.4219587900,MISS @ NEW MADRID,"-999"
"0","290",TYTM6,-90.6129166666,-90.1462500000,31.1495833333,31.6329166666,FGLPERLA,TYTM6,499.3370497120,BOG.CHITTO/TYLERTOWN,"-999"
"0","291",BTNA4,-93.1129166666,-92.5712500000,34.4954166666,34.8579166666,FGUOUAAR,BTNA4,545.9518005020,SALINE @ BENTON,"-999"
"0","292",NAPT2,-95.3837500000,-94.6170833333,33.1495833333,33.7245833333,FGUREDLA,NAPT2,866.0656872800,SULPHUR @ NAPLES,"-999"
"0","293",BRNT1,-89.7837500000,-89.4504166666,35.1537500000,35.5204166666,FGWESTTN,BRNT1,234.5367593910,LOSAHATCHI/BRUNSWICK,"-999"
"0","294",BKRA4,-91.2670833333,-90.9212500000,36.0745833333,36.3662500000,FGBLAKAR,BKRA4,198.4916540740,BLACK @ BLACK ROCK,"-999"
"0","295",ETAM6,-89.2545833333,-88.8254166666,34.2204166666,34.6995833333,FGUYAZMS,ETAM6,524.1472307430,L.TALLAHATCHIE/ETTA,"-999"
"0","296",EGPA4,-90.9462500000,-90.1837500000,35.8204166666,36.6495833333,FGLWHIAR,EGPA4,646.9382672320,CACHE @ EGYPT,"-999"
"0","297",CCTM6,-89.3629166666,-89.0295833333,33.8037500000,34.0079166666,FGLYAZMS,CCTM6,180.2269874460,YALOB-HA/CALHOUN CTY,"-999"
"0","298",ARKM6,-90.1741778391,-89.7295833333,34.4704166666,34.9954166666,FGUYAZMS,ARKM6,430.2801977010,COLDWATER/ARKABUTLA,"-999"
"0","299",WSTM6,-89.8879166666,-89.3587500000,33.1495833333,33.5620833333,FGBIGBMS,WSTM6,457.8802597340,BIG BLACK @ WEST,"-999"
"0","300",JFNT2,-94.9754166666,-94.4670833333,32.6787500000,33.2079166666,FGUREDLA,JFNT2,483.6670697500,B.CYPRESS/FERRELS BR,"-999"
"0","301",OBOT1,-89.7406163203,-89.0129166666,35.8579166666,36.5835039715,FGMISS,OBOT1,795.7641667980,MISS/OBION R MOUTH,"-999"
"0","302",LPOL1,-90.7295833333,-90.5587500000,30.9245833333,31.1579166666,FGAMCOLA,LPOL1,90.1795567790,TICKFAW @ LIVERPOOL,"-999"
"0","303",SRDM6,-89.8212500000,-89.1670833333,34.2995833333,34.7787500000,FGUYAZMS,SRDM6,642.0834729970,L.TALLAHAT-IE/SARDIS,"-999"
"0","304",LURM6,-89.1587500000,-89.0587500000,31.6704166666,31.8537500000,FGPASMS,LURM6,37.1004908580,TALLAHALA CR/LAUREL,"-999"
"0","305",EDDM6,-90.8462500000,-90.5420833333,31.4995833333,31.7704166666,FGBIGBMS,EDDM6,180.3891894320,HOMOCHITTO/EDDICETON,"-999"
"0","306",RLTT1,-89.6420833333,-88.7837500000,35.1787500000,35.7162500000,FGWESTTN,RLTT1,831.8009923880,HATCHIE @ RIALTO,"-999"
"0","307",BAGA4,-92.4045833333,-91.4962500000,35.6537500000,36.2870833333,FGUWHIAR,BAGA4,1091.9586935800,WHITE/BATESVILLE BRG,"-999"
"0","308",OSYM6,-90.6045833333,-90.3754166666,31.0120833333,31.3829166666,FGAMCOLA,OSYM6,156.0609395840,TANGIPAHOA @ OSYKA,"-999"
"0","309",PPLM6,-89.9920833333,-89.7754166666,34.1870833333,34.3037500000,FGUYAZMS,PPLM6,77.1786067460,PETERS CREEK NR POPE,"-999"
"0","310",GRNM6,-89.7962500000,-89.0795833333,33.6079166666,34.1329166666,FGLYAZMS,GRNM6,838.0058587440,YALOBUSHA/GRENADA DM,"-999"
"0","311",NPTA4,-91.8462500000,-91.2379166666,35.5662500000,35.8870833333,FGLWHIAR,NPTA4,386.5866551990,WHITE @ NEWPORT,"-999"
"0","312",JUDA4,-92.0837500000,-91.5754166666,35.2245833333,35.6704166666,FGLWHIAR,JUDA4,527.4104530110,L. RED NR JUDSONIA,"-999"
"0","313",BHTA4,-93.8587500000,-93.2379166666,33.7912500000,34.1829166666,FGUOUAAR,BHTA4,519.6043096570,L.MISSOURI/BOUGHTON,"-999"
"0","314",ENDM6,-89.9337500000,-89.3670833333,34.0370833333,34.3329166666,FGUYAZMS,ENDM6,357.0123763660,YOCONA @ ENID DAM,"-999"
"0","315",AUGA4,-91.6295833333,-90.8045833333,35.2829166666,36.2329166666,FGLWHIAR,AUGA4,589.5559072130,WHITE @ AUGUSTA,"-999"
"0","316",AKDA4,-93.2004166666,-92.7504166666,34.1120833333,34.5120833333,FGUOUAAR,AKDA4,327.9657386950,OUACHITA/ARKADELPHIA,"-999"
"0","317",MEMT1,-90.1928321730,-89.4420833333,35.1037500000,35.9350208333,FGMISS,MEMT1,935.2004496380,MISS @ MEMPHIS,"-999"
"0","335",KENL1,-90.5045833333,-90.3254166666,30.9370833333,31.1745833333,FGAMCOLA,KENL1,83.7628398610,TANGIPAHOA/KENTWOOD,"-999"
"0","336",JFFT2,-94.7962500000,-94.3045833333,32.5162500000,32.7329166666,FGUREDLA,JFFT2,280.0000266560,L.CYPRESS/JEFFERSON,"-999"
"0","337",ABCL1,-90.4629166666,-90.3337500000,30.8245833333,30.9329166666,FGAMCOLA,ABCL1,34.2361335410,BIG CREEK/AMITE,"-999"
"0","338",BKDM6,-88.7045833333,-88.4004166666,31.6829166666,32.3870833333,FGPASMS,BKDM6,473.5308208510,BUCKATUNNA/DENHAM,"-999"
"0","339",SPHL1,-93.5356765856,-93.1254166666,32.9787500000,33.5954166666,FGLREDLA,SPHL1,573.2482668370,B.DORCHEAT/SPRINGHIL,"-999"
"0","340",EFGA4,-91.6170833333,-90.8545833333,35.7495833333,36.2329166666,FGBLAKAR,EFGA4,596.3592563150,BLACK @ ELGIN FERRY,"-999"
"0","341",BOGM6,-89.8712500000,-89.4420833333,33.5204166666,33.7870833333,FGLYAZMS,BOGM6,248.3468338050,BATUPAN BOG/GRENADA,"-999"
"0","342",BSGM6,-90.0545833333,-89.7379166666,33.4287500000,33.5954166666,FGLYAZMS,BSGM6,121.0482441730,B.SAND C/VALLEY HILL,"-999"
"0","343",PTTA4,-91.2962500000,-90.9004166666,35.2662500000,35.9370833333,FGLWHIAR,PTTA4,335.2133728800,CACHE @ PATTERSON,"-999"
"0","344",JEFT2,-94.7170833333,-94.3129166666,32.7662500000,33.2079166666,FGUREDLA,JEFT2,383.4606090000,BLACK CYPRESS/JEFFER,"-999"
"0","345",GRYM6,-89.8504166666,-89.7462500000,33.7745833333,33.9745833333,FGLYAZMS,GRYM6,38.9191512240,YALOBUSH/GRENADA H51,"-999"
"0","346",LARM6,-89.2962500000,-89.1295833333,31.6620833333,32.2287500000,FGPASMS,LARM6,191.3844571110,TALLAHOMA CR/HWY 84,"-999"
"0","347",SHBM6,-89.1712500000,-88.6087500000,31.8537500000,32.2829166666,FGPASMS,SHBM6,530.8552831780,CHICKASAWHAY/SHUBUTA,"-999"
"0","348",UHGM6,-90.0337500000,-89.7837500000,33.7245833333,33.9245833333,FGLYAZMS,UHGM6,116.5902366340,YALOBUSHA @ HOLCOMB,"-999"
"0","349",GEOA4,-91.7462500000,-91.3337500000,35.1204166666,35.5120833333,FGLWHIAR,GEOA4,278.3898034850,WHITE @ GEORGETOWN,"-999"
"0","350",BTGM6,-90.0712500000,-89.7170833333,34.2588575454,34.5120833333,FGUYAZMS,BTGM6,225.8522992760,L.TALLA-E/BATESVILLE,"-999"
"0","351",CHAM6,-90.0670833333,-89.7795833333,33.8870833333,34.0579166666,FGUYAZMS,CHAM6,116.5902567510,TILLATOBA/CHARLESTON,"-999"
"0","352",LCAL1,-93.1379166666,-92.9004166666,32.6787500000,32.9245834220,FGLOUALA,LCAL1,132.0856237900,LAKE CLAIBORN/AYCOCK,"-999"
"0","353",LKYL1,-93.0795833333,-92.8670833333,32.2495833333,32.5787500000,FGLREDLA,LKYL1,146.4446971330,SALINE BAYOU/LUCKY,"-999"
"0","354",SARM6,-90.3420833333,-89.9337500000,34.4787500000,35.0009865773,FGUYAZMS,SARM6,387.2523743700,COLDWATER NR SARAH,"-999"
"0","355",SHEA4,-92.8129166666,-92.3962500000,34.0537500000,34.6037500000,FGUOUAAR,SHEA4,576.3377218680,SALINE NR SHERIDAN,"-999"
"0","356",RSAM6,-91.1337500000,-90.4962500000,31.2162500000,31.6995833333,FGBIGBMS,RSAM6,610.0911797630,HOMOCHITTO @ ROSETTA,"-999"
"0","357",DSCA4,-92.2504166666,-91.4208426213,34.9037500000,35.3412500000,FGLWHIAR,DSCA4,730.1682430040,WHITE @ DES ARC,"-999"
"0","358",LCOL1,-94.4504166666,-93.9140950272,32.5120833333,33.1912500000,FGUREDLA,LCOL1,710.4721664850,CADDO @ MOORINGSPORT,"-999"
"0","359",DIXL1,-94.2587500000,-93.7879344834,32.6412500000,33.2204166666,FGUREDLA,DIXL1,422.8704718230,TWELVEMILE BYU/DIXIE,"-999"
"0","360",LBBL1,-93.7086000130,-93.3420833333,32.6834023155,33.6662500000,FGLREDLA,LBBL1,662.5558712110,B.BODCAU/BODCAH DAM,"-999"
"0","361",BTAM6,-90.4462500000,-89.8920833333,32.4579166666,32.8579166666,FGBIGBMS,BTAM6,465.8150853090,BIG BLACK/BENTONIA,"-999"
"0","362",CRLL1,-94.2087500000,-93.7795833333,32.3787500000,32.6356423565,FGUREDLA,CRLL1,260.1871468300,CROSS LAKE/SHREVEPRT,"-999"
"0","363",WYNM6,-88.9295833333,-88.6004166666,31.6704166666,31.8870833333,FGPASMS,WYNM6,196.7409905340,CHICK-HAY/WAYNESBORO,"-999"
"0","364",MNEL1,-93.4558113235,-93.0920833333,32.5832749559,33.1079166666,FGLREDLA,MNEL1,506.2368279560,B.DORCHEAT NR MINDEN,"-999"
"0","365",DARL1,-91.0712500000,-90.5545833333,30.8870833333,31.4412500000,FGAMCOLA,DARL1,585.4705116630,AMITE NR DARLINGTON,"-999"
"0","366",PFAA4,-92.1837500000,-91.3670833333,33.9579166666,34.3704166666,FGLARKAR,PFAA4,197.8473066730,ARK/PENDLETON FERRY,"-999"
"0","367",TILM6,-90.1837500000,-89.8587500000,33.9704166666,34.1204166666,FGUYAZMS,TILM6,68.3524702810,TILLATOBA/MOUTH-PQF,"-999"
"0","368",LOGM6,-90.3004166666,-89.9919966934,33.9620833333,34.2995833333,FGUYAZMS,LOGM6,178.0950591640,TALLAHAT-E/LOCOPOLIS,"-999"
"0","369",LBUL1,-93.5587500000,-93.1962500000,32.2912500000,32.7129113295,FGLREDLA,LBUL1,371.6845989360,B.DORCHEAT/BISTINEAU,"-999"
"0","370",NRAL1,-90.6129166666,-90.5295833333,30.7079166666,30.8537500000,FGAMCOLA,NRAL1,30.9262526710,NATALBANY NR AMITE,"-999"
"0","371",OLVL1,-91.1337500000,-90.9504166666,30.7537500000,31.0912500000,FGAMCOLA,OLVL1,149.5067824020,COMITE/OLIVE BRANCH,"-999"
"0","372",SWNM6,-90.5629166666,-90.1962500000,33.8537500000,34.3787500000,FGUYAZMS,SWNM6,373.1881348550,TALLAHAT-E/SWAN LAKE,"-999"
"0","373",MOGM6,-90.3379166666,-90.1587500000,33.6495833333,33.8787500000,FGLYAZMS,MOGM6,100.7672391540,TALLAHATCHIE/MONEY,"-999"
"0","374",MRGM6,-90.8835375674,-90.4587500000,33.8162500000,34.5454166666,FGLYAZMS,MRGM6,565.9337936540,B.SUNFLOWER/MERIGOLD,"-999"
"0","375",BOVM6,-90.7129166666,-90.1712500000,32.3120833333,32.6495833333,FGBIGBMS,BOVM6,438.1342739740,BIG BLACK NR BOVINA,"-999"
"0","376",SVRM6,-89.5962500000,-89.2920833333,30.7162500000,31.0912500000,FGGULFMS,SVRM6,181.6908584480,WOLF @ SILVER RUN,"-999"
"0","377",PHIM6,-90.2295833333,-89.9129166666,33.7495833333,33.9954166666,FGLYAZMS,PHIM6,164.3738063220,TIPPO B. NR PHILIPP,"-999"
"0","378",YWGM6,-90.2254166666,-89.8170833333,33.5870833333,33.8287500000,FGLYAZMS,YWGM6,210.4632524530,YALOBUSHA @ WHALEY,"-999"
"0","379",BKNM6,-89.7295833333,-89.1962500000,31.0037500000,31.4954166666,FGPASMS,BKNM6,353.7295127450,BLACK CR NR BROOKLYN,"-999"
"0","380",HCOL1,-92.9879166666,-92.7295833333,32.5704166666,32.8079166666,FGLOUALA,HCOL1,129.3093832290,B.DARBONNE NR HICO,"-999"
"0","381",LENL1,-93.8754166666,-93.3379166666,31.8204166666,32.4954166666,FGLREDLA,LENL1,537.9192671600,B.PIERRE/LAKE END,"-999"
"0","382",EUGA4,-91.5254166666,-91.1029594499,33.0954166666,34.0641458333,FGLOUALA,EUGA4,510.0674574210,B.MACON NR EUDORA,"-999"
"0","383",WOOM6,-91.3420833333,-91.0212500000,31.0704166666,31.2704166666,FGBIGBMS,WOOM6,184.3606473700,BUFFALO NR WOODVILLE,"-999"
"0","384",CROM6,-90.1203730270,-89.9004166666,34.1079166666,34.2601074731,FGUYAZMS,CROM6,67.7637807230,YOCONA/PQF MOUTH,"-999"
"0","385",GLML1,-93.2170833333,-92.6504166666,30.9954166666,31.4370833333,FGCALCLA,GLML1,491.3883259470,CALCASIEU @ GLENMORA,"-999"
"0","386",REDM6,-89.5462500000,-89.1212500000,30.7787500000,31.0704166666,FGPASMS,REDM6,227.7213372630,RED CR @ US HWY 49,"-999"
"0","387",CSHL1,-93.7795833333,-93.3254166666,31.9912500000,32.7579166666,FGLREDLA,CSHL1,361.4245114580,RED @ COUSHATTA,"-999"
"0","388",SUNM6,-90.7420833333,-90.5045833333,33.5454166666,33.8495833333,FGLYAZMS,SUNM6,176.0383453530,B.SUNFL-ER/SUNFLOWER,"-999"
"0","389",BRNL1,-93.1462500000,-92.6504166666,32.7329166666,33.0079166666,FGLOUALA,BRNL1,182.6912359340,MF DARBONNE/BERNICE,"-999"
"0","390",GREM6,-90.2962500000,-89.9337500000,33.4610111392,33.6745833333,FGLYAZMS,GREM6,171.1398739820,YAZOO @ GREENWOOD,"-999"
"0","391",RNTM6,-89.2837500000,-89.0795833333,31.3204166666,31.7079166666,FGPASMS,RNTM6,186.0696843020,TALLAHALA/RUNNELST-N,"-999"
"0","392",BSTL1,-91.5238016222,-91.2504166666,33.0013852769,33.5995833355,FGLOUALA,BSTL1,351.5489139700,BOEUF/AR-LA STATE LN,"-999"
"0","395",JFET2,-94.5140918395,-94.4712500000,32.7454166666,32.7725003297,FGUREDLA,JFET2,0.4162507620,BIG CYPRESS/JEFFRSON,"-999"
"0","397",BHRM6,-89.1462500000,-88.9045833333,31.3995833333,32.0120833333,FGPASMS,BHRM6,337.9118636080,BOGUE HOMO/RICHTON,"-999"
"0","398",BCDA1,-88.3795833333,-88.2295833333,30.7079166666,30.8954166666,FGPASMS,BCDA1,70.5460361860,BIG CREEK/BC LAKE DM,"-999"
"0","399",BELM6,-90.5462500000,-89.8379166666,33.1454166666,33.5704166666,FGLYAZMS,BELM6,581.1290701190,YAZOO @ BELZONI,"-999"
"0","400",WBPM6,-90.9004166666,-90.3337500000,31.6245833333,32.2162500000,FGBIGBMS,WBPM6,662.4826221200,B.PIERRE NR WILLOWS,"-999"
"0","401",LBGM6,-91.1650435812,-90.6837500000,33.3954166666,34.0245833333,FGLYAZMS,LBGM6,624.4884642090,BOGUE PHALIA/LELAND,"-999"
"0","402",SNFM6,-90.5379166666,-90.2670833333,33.5162500000,33.6870833333,FGLYAZMS,SNFM6,119.8508669290,QUIVER NR SUNFLOWER,"-999"
"0","403",LCGM6,-90.8879166666,-90.3712500000,33.1037500000,33.6620833333,FGLYAZMS,LCGM6,549.9625325220,B.SUNFL-R/L.CAL.LNDG,"-999"
"0","404",NAGM6,-89.3587500000,-89.0295833333,31.1412500000,31.3829166666,FGPASMS,NAGM6,181.0687497940,LEAF NR AUGUSTA,"-999"
"0","405",BMCA4,-91.7837500000,-91.2879166666,33.4454166666,34.1656642296,FGLOUALA,BMCA4,339.9669262510,BAYOU MACON/HWY 65,"-999"
"0","406",CLAL1,-93.3920833333,-92.9254166666,31.8287500000,32.7537500000,FGLREDLA,CLAL1,897.4581100730,BLK LAKE B./CLARENCE,"-999"
"0","407",SLNL1,-93.0754166666,-92.8045833333,31.8162500000,32.2787500000,FGLREDLA,SLNL1,230.2176956860,SALINE B/SALINE L.DM,"-999"
"0","408",GVLL1,-90.9212500000,-90.7045833333,30.7329166666,31.0370833333,FGAMCOLA,GVLL1,124.6836402630,AMITE @ GRANGEVILLE,"-999"
"0","409",MONL1,-90.7754166666,-90.5837500000,30.6787500000,30.9579166666,FGAMCOLA,MONL1,134.6290218320,TICKFAW @ MONTPELIER,"-999"
"0","410",AMIL1,-90.6170833333,-90.3212500000,30.7245833333,31.1287500000,FGAMCOLA,AMIL1,202.2885903160,TANGIPAHOA/AMITE,"-999"
"0","411",CAMA4,-93.6754166666,-92.5045833333,33.4704166666,34.2954166666,FGUOUAAR,CAMA4,1977.8950278500,OUACHITA @ CAMDEN,"-999"
"0","412",LILL1,-92.8712500000,-92.5962500000,32.9204166666,33.2370833333,FGLOUALA,LILL1,170.5230640370,L.CORNEY BAYOU/LILLI,"-999"
"0","413",LLLL1,-93.1670833333,-92.6462500000,32.8287500000,33.3245833333,FGLOUALA,LLLL1,468.5076986910,CORNEY BAYOU/LILLIE,"-999"
"0","414",GREL1,-93.4795833333,-93.0587500000,31.5954166666,32.0412500000,FGLREDLA,GREL1,379.8822007970,RED @ GRAND ECORE,"-999"
"0","415",SANM6,-89.2087500000,-89.0045833333,31.7829166666,32.0954166666,FGPASMS,SANM6,99.4508173450,TALLAHALA/SAND-VILLE,"-999"
"0","416",OKGL1,-91.3795833333,-91.1561869580,32.8141458333,33.1079166666,FGLOUALA,OKGL1,156.2833309440,B.MACON NR OAK GROVE,"-999"
"0","417",OKDL1,-92.8004166666,-92.6087500000,30.8120833333,31.0245833425,FGCALCLA,OKDL1,116.2027167190,CALCASIEU @ OAKDALE,"-999"
"0","418",CREM6,-89.6420833333,-89.4879166666,30.5662500000,30.8495833333,FGLPERLA,CREM6,95.4503658370,E.HOBOLO-/CARRIERE,"-999"
"0","419",COLL1,-92.4254166666,-92.0670833333,32.1495833333,32.5454166666,FGLOUALA,COLL1,328.3124612140,OUACHITA/COLUMBIA LD,"-999"
"0","420",FLSL1,-90.3504166666,-90.2004166666,30.6079166666,30.9037500000,FGAMCOLA,FLSL1,98.2506596550,TCHEFUNCTE NR FOLSOM,"-999"
"0","421",MNLM6,-89.7504166666,-89.5379166666,30.6537500000,31.0245833333,FGLPERLA,MNLM6,177.2428138640,W.HOBOLO- @ MCNEIL,"-999"
"0","422",BOEL1,-91.6587500000,-91.2920833333,32.7579166666,33.1370833333,FGLOUALA,BOEL1,249.5423282450,BOEUF NR OAK GROVE,"-999"
"0","423",TDGL1,-91.4087500000,-91.1110703083,32.4245833333,32.8176956114,FGLOUALA,TDGL1,254.9565596190,TENSAS @ TENDAL,"-999"
"0","424",ZAYL1,-91.1754166666,-91.0265836918,30.6412500000,30.9329166666,FGAMCOLA,ZAYL1,80.7500620060,COMITE/ZACHARY,"-999"
"0","425",AGRM6,-88.5629166666,-88.2170833333,30.7870833333,31.5495833333,FGPASMS,AGRM6,542.9030247590,ESCATAWPA/AGRICOLA,"-999"
"0","426",PRCL1,-91.0379166666,-90.9880844983,30.6412500000,30.7662500000,FGAMCOLA,PRCL1,15.5041890930,L.SANDY/PEAIR,"-999"
"0","427",NTZM6,-91.5420833333,-90.2795833333,31.5287622755,32.4620833333,FGMISS,NTZM6,1994.0909526300,"MISS @ NATCHEZ, MS","-999"
"0","428",MCLM6,-89.1295833333,-88.7254166666,31.0704166666,31.7745833333,FGPASMS,MCLM6,599.5126510380,LEAF NR MCLAIN,"-999"
"0","429",WGAM6,-89.2920833333,-88.8795833333,30.8454166666,31.1995833333,FGPASMS,WGAM6,339.1355684440,BLACK CR NR WIGGINS,"-999"
"0","430",CLGL1,-92.0004166666,-91.5670833333,32.4621665618,32.9662500000,FGLOUALA,CLGL1,420.0442155640,B.LAFOURCH/CREW LAKE,"-999"
"0","431",CYNL1,-91.6379166666,-91.1229345078,31.7120833333,32.1278650367,FGLOUALA,CYNL1,455.0924860860,TENSAS @ CLAYTON,"-999"
"0","433",RRAL1,-92.3379166666,-91.8337500000,31.0954166666,31.5995833333,FGLREDLA,RRAL1,502.2944659050,RED/L&D 1 - RUBY,"-999"
"0","434",MRVL1,-92.7254166666,-91.8633935316,30.9183125000,31.3579166666,FGATCHLA,MRVL1,613.0438894590,B.DES GLAIS/MOR-VILL,"-999"
"0","435",CLWL1,-92.7420833333,-92.3670833333,30.8587398184,31.2162500548,FGVERMLA,CLWL1,235.4472937440,B.COCODRIE/CLEARWTR,"-999"
"0","436",RRBL1,-92.4504166666,-92.2837500000,31.1662500000,31.3662500000,FGLREDLA,RRBL1,61.5668571670,RED/L&D 2-MARKSVILLE,"-999"
"0","437",NRBL1,-90.5879166666,-90.5004166666,30.4954166666,30.7745833333,FGAMCOLA,NRBL1,50.8551119450,NATALBANY NR BAPTIST,"-999"
"0","438",BLWM6,-89.3170833333,-89.1129166666,30.5495833333,30.8204166666,FGGULFMS,BLWM6,97.7017221950,BILOXI @ WORTHAM,"-999"
"0","439",VLSL1,-92.0170833333,-91.8287825727,30.0533192515,30.2329166666,FGVERMLA,VLSL1,72.7657592460,VERMILION/SURREY ST,"-999"
"0","440",MAGL1,-91.0629166666,-90.7462500000,30.5329166666,30.9370833333,FGAMCOLA,MAGL1,202.9747699990,AMITE @ MAGNOLIA,"-999"
"0","441",LNDM6,-89.4962500000,-89.2629166666,30.4671389442,30.7829166666,FGGULFMS,LNDM6,125.7678886290,WOLF NR LANDON,"-999"
"0","442",VESM6,-89.2754166666,-88.7587500000,30.7204166666,30.9370833333,FGPASMS,VESM6,216.9123577490,RED CR @ VESTRY,"-999"
"0","443",BSLL1,-92.7920833333,-92.3295833333,30.4537500000,30.8745679957,FGCALCLA,BSLL1,502.5288311700,B.NEZPIQUE NR BASILE,"-999"
"0","444",AEXL1,-93.3795833333,-92.4087500000,31.2037500000,31.9537500000,FGLREDLA,AEXL1,1566.4018267300,RED @ ALEXANDRIA,"-999"
"0","445",LEKM6,-88.8087500000,-88.3837500000,31.0829166666,31.7537500000,FGPASMS,LEKM6,570.7030475120,CHICK-HY/LEAKESVILLE,"-999"
"0","446",BSHL1,-90.2170833333,-89.8962500000,30.5912500000,30.9995833333,FGLPERLA,BSHL1,220.6181810220,BOGUE CHITTO/BUSH,"-999"
"0","447",COGL1,-91.6504166666,-91.2170833333,32.0787500000,32.8579166666,FGLOUALA,COGL1,417.5700258260,B.MACON NR COMO,"-999"
"0","448",ALGL1,-91.9087500000,-91.6629166666,32.3704166666,32.6105866690,FGLOUALA,ALGL1,62.9738341790,Boeuf River near Alto,"-999"
"0","449",NLGL1,-91.5295833333,-91.0795833333,32.0370833333,32.4537500000,FGLOUALA,NLGL1,428.3558794950,TENSAS NR NEWLIGHT,"-999"
"0","450",MRDM6,-88.9504166666,-88.7295833333,32.4704166666,32.7370833333,FGPASMS,MRDM6,150.7263988130,OKATIBBEE DAM,"-999"
"0","451",ROBL1,-90.5170833333,-90.2795833333,30.5037500000,30.8079166666,FGAMCOLA,ROBL1,176.7567747730,TANGIPAHOA @ ROBERT,"-999"
"0","452",HOLL1,-90.7004166666,-90.6004166666,30.4995833333,30.7120833333,FGAMCOLA,HOLL1,44.3859611330,TICKFAW @ HOLDEN,"-999"
"0","453",VSHL1,-92.1212500000,-91.9920833333,30.1329166666,30.3119238451,FGVERMLA,VSHL1,58.6691612490,VERMILION/HWY 733,"-999"
"0","454",CUSL1,-90.2712500000,-90.1523008408,30.4936520153,30.6733833011,FGAMCOLA,CUSL1,37.3697656610,TCHEFUNCTE/COVINGTON,"-999"
"0","455",BVCL1,-92.1379166666,-91.9545833333,30.3704166666,30.5724791666,FGVERMLA,BVCL1,80.2482006980,B.VERMILION/CARENCRO,"-999"
"0","456",ARNL1,-92.2608125000,-91.9129166666,30.3912500000,30.7453257873,FGVERMLA,ARNL1,172.8845761430,B.TECHE/ARNAUDVILLE,"-999"
"0","457",DENL1,-91.1545833333,-90.9212500000,30.4579166666,30.5954166666,FGAMCOLA,DENL1,66.7626267340,AMITE NR DENHAM SPGS,"-999"
"0","458",CVEL1,-90.1191458333,-89.9795833333,30.4745833333,30.6495833333,FGAMCOLA,CVEL1,42.7796823710,BOG.FALAY/COV.BOSTON,"-999"
"0","459",PGFM6,-88.9420833333,-88.5004166666,30.6079166666,31.0704166666,FGPASMS,PGFM6,457.2136848420,PAS-GOULA/GRAHAM FRY,"-999"
"0","460",BTRL1,-91.6900208333,-91.0795833333,30.4287500000,31.1245833333,FGMISS,BTRL1,843.1510646940,MISS @ BATON ROUGE,"-999"
"0","462",ACML1,-91.9170833333,-91.4138825850,31.1579166666,31.6620833333,FGLOUALA,ACML1,462.5099607620,BLACK/ACME,"-999"
"0","463",MLVL1,-91.8282429326,-91.7337500000,30.6912500000,30.9891381487,FGATCHLA,MLVL1,18.9414438120,ATCHAF-YA/MELVILLE,"-999"
"0","464",DIBM6,-89.0920833333,-88.7670833333,30.4724952527,30.7495833333,FGGULFMS,DIBM6,208.4501075400,TCHOUT-BF/DIBERVILLE,"-999"
"0","465",KLNM6,-89.6504166666,-89.3754166666,30.3704166666,30.7370833333,FGGULFMS,KLNM6,207.3570411670,JOURDAN/HWY 43-KILN,"-999"
"0","466",GLFM6,-89.3034097577,-89.1754166666,30.3883977501,30.5495833333,FGGULFMS,GLFM6,44.0362774930,WOLF NR GULFPORT,"-999"
"0","467",PECM6,-89.9670833333,-89.6420833333,32.2204166666,32.4808125000,FGUPERMS,PECM6,203.5409210820,PELAHATCHIE C/FANNIN,"-999"
"0","468",FNGM6,-89.8629166666,-89.6920833333,32.3912500000,32.5412500000,FGUPERMS,FNGM6,51.9935232530,FANNEGUSHA/SAND HILL,"-999"
"0","469",OFAM6,-89.7420833333,-89.4795833333,32.7037500000,33.0495833333,FGUPERMS,OFAM6,159.6079287110,YOCKA-KANY/OFAHOMA,"-999"
"0","470",GDHM6,-89.6587500000,-89.4587500000,32.3579166666,32.8204166666,FGUPERMS,GDHM6,212.7708749620,PEARL NR GOOD HOPE,"-999"
"0","472",RATM6,-89.8545833333,-89.5837500000,32.3620833333,32.7870833333,FGUPERMS,RATM6,186.3271325120,PEARL/RATLIFFS FERRY,"-999"
"0","473",BXAL1,-90.0587500000,-89.4879166666,30.7370833333,31.4245833333,FGLPERLA,BXAL1,864.7472510400,PEARL NR BOGALUSA,"-999"
"0","474",PERL1,-90.0629166666,-89.7170833333,30.3537500000,30.9287500000,FGLPERLA,PERL1,297.9770738960,W.PEARL/PEARL RIVER,"-999"
"0","475",CKYM6,-89.2545833333,-88.8920833333,32.1912500000,32.6829166666,FGPASMS,CKYM6,390.3579759360,CHUNKY NR CHUNKY,"-999"
"0","476",OARM6,-88.8962500000,-88.6420833333,32.2870833333,32.5454166666,FGPASMS,OARM6,132.2409837320,OKATIBBEE/ARUNDEL,"-999"
"0","477",ENSM6,-88.9712500000,-88.6920833333,32.1412500000,32.6204166666,FGPASMS,ENSM6,209.8798588810,CHICK-HAY/ENTERPRISE,"-999"
"0","478",MTCM6,-90.4670833333,-90.0045833333,31.4537500000,31.8745833333,FGLPERLA,MTCM6,439.6534199430,PEARL NR MONTICELLO,"-999"
"0","479",CLMM6,-90.2379166666,-89.6879166666,31.2329166666,31.8370833333,FGLPERLA,CLMM6,729.1179794740,PEARL NR COLUMBIA,"-999"
"0","480",MTTL1,-93.2004166666,-92.7754166666,30.6829166666,31.1412500000,FGCALCLA,MTTL1,502.7069640530,WHISKY CHITTO/MITTIE,"-999"
"0","481",OBCL1,-92.8629166666,-92.6420833333,30.6245833333,30.8954166666,FGCALCLA,OBCL1,148.9845558930,CALCASIEU @ OBERLIN,"-999"
"0","482",KDRL1,-93.1920833333,-92.7618202753,30.4829166666,30.7829166666,FGCALCLA,KDRL1,258.9412346700,CALCASIEU NR KINDER,"-999"
"0","483",LBFM7,-90.8962500000,-90.5420833333,36.6287500000,36.9245833333,FGBLAKAR,LBFM7,185.4782307780,L. BLACK/LEEPER,"-999"
"0","484",DNZM7,-91.2212500000,-90.7920833333,36.6204166666,37.0954166666,FGBLAKAR,DNZM7,381.7978608640,CURRENT @ DONIPHAN,"-999"
"0","485",CRGA4,-90.8212500000,-90.1920833333,36.3662500000,36.9495833333,FGBLAKAR,CRGA4,519.7799280150,BLACK NR CORNING,"-999"
"0","486",POCA4,-91.1295833333,-90.4920833333,36.2120833333,36.6995833333,FGBLAKAR,POCA4,856.6875978780,BLACK @ POCAHONTAS,"-999"
"0","487",PAZM7,-90.5670833333,-90.3212500000,37.1912500000,37.4287500000,FGSTFRAR,PAZM7,97.0138160030,ST.FRANCIS/PATTERSON,"-999"
"0","488",SABM7,-90.7629166666,-90.4879166666,37.2412500000,37.5787500000,FGSTFRAR,SABM7,188.8526375950,BIG CK/SAM BAKER SP,"-999"
"0","489",SAZM7,-90.6712500000,-90.2670833333,37.3370833333,37.5579166666,FGSTFRAR,SAZM7,159.4910027020,ST FRANCIS/SACCO,"-999"
"0","490",CTLL1,-92.6587500000,-91.9483125000,31.3454166666,31.9079166757,FGLOUALA,CTLL1,841.0720168090,CATAHOULA NR WALTERS,"-999"
"0","491",CLSM6,-89.7004166666,-89.2045833333,31.6912500000,32.3620833333,FGPASMS,CLSM6,752.4939423610,LEAF NR COLLINS,"-999"
"0","492",OKCM6,-89.8045833333,-89.4004166666,31.4829166666,32.0204166666,FGPASMS,OKCM6,268.6315650030,OKATOMA CR @ SANFORD,"-999"
"0","493",HBGM6,-89.8462500000,-89.4129166666,31.3787500000,31.8454166666,FGPASMS,HBGM6,295.3782921980,BOWIE CR/HATTIESBURG,"-999"
"0","494",HATM6,-89.5587500000,-89.2087500000,31.2787500000,31.9870833333,FGPASMS,HATM6,457.3199466440,LEAF @ HATTIESBURG,"-999"
"0","495",COTA4,-91.0004166666,-90.6754166666,35.1329166666,35.8037500000,FGSTFRAR,COTA4,521.1365575330,L ANGUILLE/COLT,"-999"
"0","496",PLGA4,-91.0837500000,-90.7254166666,34.9620833333,35.3870833333,FGSTFRAR,PLGA4,242.9927026680,L.ANGUILLE/PALESTINE,"-999"
"0","497",LCRA4,-90.6295833333,-90.0081439674,35.8206696900,36.4704166666,FGSTFRAR,LCRA4,726.6942996580,ST.FRANCIS/LAKE CITY,"-999"
"0","498",RIGA4,-90.3390673442,-89.5322220000,35.6692371407,37.2448753455,FGSTFRAR,RIGA4,2047.6019828500,LITTLE RHC/RIVERVALE,"-999"
"0","500",PNGA4,-90.6212500000,-89.7765448986,35.2531573779,35.9976834509,FGSTFRAR,PNGA4,1147.8147745200,ST.FRANCIS/PARKIN,"-999"
"0","502",DODM6,-90.5587500000,-90.2754166666,33.6204166666,34.0495833333,FGLYAZMS,DODM6,266.2948103990,QUIVER NR DODDSVILLE,"-999"
"0","503",RYEA4,-92.4587500000,-91.9795833333,33.6454166666,34.3579166666,FGUOUAAR,RYEA4,721.4088443050,SALINE NR RYE,"-999"
"0","504",CALA4,-93.2462500000,-92.3962500000,33.1954166666,33.8162500000,FGUOUAAR,CALA4,1229.3418956800,OUACHITA/CALION L&D,"-999"
"0","505",BGBA4,-92.1879166666,-91.6191458333,33.8245833333,34.2912500000,FGLOUALA,BGBA4,398.2817495180,B BARTH/GARRET BRDG,"-999"
"0","506",BBPA4,-91.8629166666,-91.4045833333,33.2353789351,33.9162500000,FGLOUALA,BBPA4,752.5320739370,B BARTHOLOMEW/PRTLND,"-999"
"0","507",CPGM7,-89.9795833333,-89.2254166666,37.2975567239,38.1870833333,FGMISS,CPGM7,1105.9335810400,MISS/CAPE GIRARDEAU,"-999"
"0","508",CIRI2,-89.2754166666,-88.5629166666,36.9704166666,37.5787500000,FGMISS,CIRI2,868.0902630860,OHIO @ CAIRO,"-999"
"0","509",WKLK2,-90.4212500000,-88.9462500000,36.9162500000,37.6954166666,FGMISS,WKLK2,2147.8766419100,MISS @ WICKLIFFE,"-999"
"0","513",ROZM7,-90.7129166666,-90.2629166666,37.5954166666,37.8495833333,FGSTFRAR,ROZM7,234.2931343930,ST FRANCIS/ROSELLE,"-999"
"0","514",FRZM7,-90.4045833333,-90.2004166666,37.5037500000,37.7329166666,FGSTFRAR,FRZM7,93.6439880820,LTL ST FRAN/FREDRCKT,"-999"
"0","515",MLCM7,-90.7545833333,-90.2545833333,37.4537500000,37.6620833333,FGSTFRAR,MLCM7,172.0106452070,ST FRANCIS/MILL CK,"-999"
"0","516",JOYL1,-92.9504166666,-92.5379166666,31.9037500000,32.5454166666,FGLOUALA,JOYL1,732.4887510270,DUGDEMONA/JOYCE LA,"-999"
"0","517",RHLL1,-92.7837500000,-92.0087500000,31.7412500000,32.4454166666,FGLOUALA,RHLL1,1160.0827724700,LITTLE/ROCHELLE,"-999"
"0","518",PLBA4,-92.2275208333,-91.9212500000,34.2823601148,34.8120833333,FGLARKAR,PLBA4,260.5872990380,PLUM BAYOU/ALTHEIMER,"-999"
"0","519",MTRA4,-92.1170833333,-91.5233541666,34.1061778387,34.7995833333,FGLARKAR,MTRA4,351.0110210670,LTL BYU METO/REYDELL,"-999"
"0","520",BMGA4,-92.2962500000,-91.3462500000,34.0475208333,35.0245833333,FGLARKAR,BMGA4,1070.4916743800,BYU METO NR GILLETTE,"-999"
"0","521",GRRA4,-92.8504166666,-91.9254166666,35.4370833333,35.8912500000,FGLWHIAR,GRRA4,999.1851393100,L.RED/GREERS FRY DAM,"-999"
"0","522",CLDA4,-92.0087500000,-90.6129166666,34.6454166666,36.0120833333,FGLWHIAR,CLDA4,1424.5402748800,WHITE @ CLARENDON,"-999"
"0","523",HEEA4,-90.9837500000,-89.5879166666,34.5079166666,35.4495299146,FGMISS,HEEA4,1686.3983464400,MISSISSIPPI @ HELENA,"-999"
"0","525",ROSM6,-91.7045833333,-90.5420833333,33.8891458333,35.0829166666,FGMISS,ROSM6,2366.8961945500,MISSISSIPPI/ROSEDALE,"-999"
"0","526",DLAM6,-90.0379166666,-89.5045833333,31.9620833333,32.3787500000,FGLPERLA,DLAM6,449.0137351580,STRONG @ D-LO,"-999"
"0","527",ROCM6,-90.4129166666,-89.7629166666,31.7662500000,32.3412500000,FGLPERLA,ROCM6,907.7793043460,PEARL @ ROCKPORT,"-999"
"0","528",JSNM6,-90.1004166666,-89.7545833333,32.3037500000,32.6204166666,FGUPERMS,JSNM6,159.6188370800,PEARL/ROSS BARNETT D,"-999"
"0","529",JHMM6,-90.2379166666,-90.1379166666,32.3495833333,32.4287500000,FGUPERMS,JHMM6,17.3201188720,HANGING MOSS/JACKSON,"-999"
"0","530",JACM6,-90.2462500000,-89.9926764697,32.2537500000,32.4787500000,FGUPERMS,JACM6,114.0986859040,PEARL @ JACKSON,"-999"
"0","531",ARSA4,-91.3962500000,-90.9856787760,33.5417175565,34.1225208333,FGMISS,ARSA4,311.2370505350,MISS @ ARKANSAS CITY,"-999"
"0","533",ANGM6,-90.8629166666,-90.5170833333,32.9579166666,33.2537500000,FGLYAZMS,ANGM6,175.9434502450,B.SUNFLOWER/ANGUILLA,"-999"
"0","534",YZOM6,-90.5629166666,-89.8670833333,32.8245833333,33.3454166666,FGLYAZMS,YZOM6,831.5182435460,YAZOO @ YAZOO CITY,"-999"
"0","535",VCKM6,-91.2631489030,-90.3254166666,32.3079166666,33.6412500000,FGMISS,VCKM6,2162.3545490200,MISS @ VICKSBURG,"-999"
"0","537",WAGL1,-94.0462500000,-93.6670833333,32.1870833333,32.4787500536,FGLREDLA,WAGL1,262.3466280080,CYPRESS/WALLACE LAKE,"-999"
"0","538",PPBM7,-90.9045833333,-90.3129166666,36.7537500000,37.2745833333,FGBLAKAR,PPBM7,339.6928819890,Black River at Poplar Bluff,"-999"
"0","539",JONL1,-91.7045833333,-91.5627627911,32.9745833333,33.2758421742,FGLOUALA,JONL1,96.4584964820,Bayou Bartholomew near Jones,"-999"
"0","540",BBWA4,-91.6015923269,-91.5045833333,33.0699253670,33.2591185206,FGLOUALA,BBWA4,42.2043383870,Bayou Bartholomew near Wilmot,"-999"
"0","541",BSRL1,-91.5184338571,-91.3050987305,30.0558326726,30.2293942269,FGATCHLA,BSRL1,94.2123569410,Bayou Sorrel near Bayou Sorrel,"-999"
"0","542",SLSL1,-91.6617113300,-91.0052037259,29.9729414333,30.7509337539,FGATCHLA,SLSL1,913.1376552260,Bayou Sorrel near Bayou Sorrel,"-999"
"0","543",EMCM7,-91.5087500000,-91.3379166666,37.0120833333,37.2287500000,FGBLAKAR,EMCM7,84.6958962080,Jacks Fork near Eminence,"-999"
"0","544",ALYM7,-91.7379166666,-91.4212500000,36.9662500000,37.2204166666,FGBLAKAR,ALYM7,138.1619020620,Jacks Fork at Alley Springs,"-999"
"0","545",LRCL1,-90.1545833333,-90.0712500000,30.4995833333,30.5995833333,FGAMCOLA,LRCL1,17.8607410610,Bogue Falaya at Covington (Lee Rd),"-999"
"0","546",CGSL1,-90.2129166666,-90.0545833333,30.5537500000,30.7537500000,FGAMCOLA,CGSL1,71.7640772420,Bogue Falaya @ Camp Covington,"-999"
"0","547",MLUL1,-92.7087500000,-91.6420833333,32.4037500000,33.3454166666,FGLOUALA,MLUL1,1754.6348005500,Ouachita River at Monroe,"-999"
"0","548",LDBL1,-92.8962500000,-92.3337500000,32.5079166666,33.0245833333,FGLOUALA,LDBL1,537.1830111080,Bayou D'Arbonne at Bayou D'Arbonne Dam,"-999"
"0","549",BUNL1,-93.3254166666,-93.1212500000,30.8120833333,31.0704166666,FGCALCLA,BUNL1,122.7789778190,Bundick Creek near Deridder,"-999"
"0","550",BKDL1,-93.3420833333,-93.0587500000,30.7037500000,30.8704166666,FGCALCLA,BKDL1,95.3624083450,Bundick Creek at Bundick Lake Dam,"-999"
"0","551",PLMT1,-88.5879166666,-88.2896256447,36.3079166666,36.6079166666,FGWESTTN,PLMT1,169.3454936380,N.F. Obion River near Palmersville,"-999"
"0","552",SFOT1,-88.8420833333,-88.4379166666,35.8829166666,36.1495833333,FGWESTTN,SFOT1,178.0600791900,S.F. Obion near Greenfield,"-999"
"0","553",MLGT1,-88.7129166666,-88.4398090392,35.7889617006,35.9829166666,FGWESTTN,MLGT1,110.3952221990,Rutherford F. near Milan,"-999"
"0","554",FRVT1,-88.8545833333,-88.4499209307,35.6454166666,35.8537500000,FGWESTTN,FRVT1,210.7918920800,M.F. Forked Deer near Fairview,"-999"
"0","555",JKNT1,-88.8879166666,-88.4360371755,35.2620833333,35.7162500000,FGWESTTN,JKNT1,523.2397162730,S.F. Forked Deer @ Jackson,"-999"
"0","556",PHTT1,-88.8504166666,-88.3928442424,34.6412500000,35.2995833333,FGWESTTN,PHTT1,559.5006941830,Hatchie River @ Pocahontas,"-999"
"0","557",LSAL1,-92.6875059784,-92.3337500000,30.0294565935,30.1954166666,FGCALCLA,LSAL1,135.9196114100,Mermentau River at Lake Arthur,"-999"
"0","558",LCSL1,-92.8049865697,-92.6218415246,29.9840395880,30.0907192839,FGCALCLA,LCSL1,46.5179987650,Mermentau River at Lacassine N.W.R.,"-999"
"0","559",BBLL1,-91.7080249253,-91.6595505827,31.0577317446,31.0703806639,FGATCHLA,BBLL1,1.9331029620,Old River Outflow at Barbre Landing,"-999"
"0","560",OROL1,-91.6683066153,-91.5777659909,31.0362650873,31.1011803656,FGATCHLA,OROL1,8.2908307050,Old River Combined Outflow Channel,"-999"
"0","561",KILL1,-90.8283815667,-90.5874198423,30.3518713846,30.7537500000,FGAMCOLA,KILL1,167.9807727290,Tickfaw River at Killian,"-999"
"0","562",TSPL1,-90.6448851044,-90.5449942038,30.3389113656,30.5974791666,FGAMCOLA,TSPL1,46.8954277290,Tickfaw River near Springfield,"-999"
"0","563",FSLL1,-90.9837500000,-90.7160907306,30.2568283837,30.6884075548,FGAMCOLA,FSLL1,221.1931710960,Amite River at French Settlement,"-999"
"0","566",RRVL1,-90.9954954720,-90.5651840353,29.9774544530,30.1409013424,FGMISS,RRVL1,23.9973642810,Mississippi River at Reserve,"-999"
"0","567",DONL1,-91.2494605667,-90.9897235049,30.1093978363,30.4287504167,FGMISS,DONL1,50.6682017660,Mississippi at Donaldsonville,"-999"
"0","568",BCSL1,-90.5686110000,-90.4430560000,29.9914252317,30.0592804378,FGMISS,BCSL1,7.6833398240,Mississippi at Bonne Carre Spillway,"-999"
"0","569",NORL1,-90.4430737249,-90.1361110000,29.9189644663,29.9986110000,FGMISS,NORL1,15.4072183620,Mississippi at New Orleans,"-999"
"0","570",NAPM6,-89.7795833333,-89.5754166666,30.3504077641,30.7412500000,FGLPERLA,NAPM6,172.5221679630,E. Pearl River at Stennis Space Center,"-999"
"0","571",PRBL1,-89.7608125000,-89.6571086433,30.2972400000,30.4141458333,FGLPERLA,PRBL1,26.7450237160,W. Pearl River at Slidell (I-10),"-999"
"0","572",WPSL1,-89.7581169105,-89.6488286058,30.2296041241,30.3376127802,FGLPERLA,WPSL1,22.4240160640,W. Pearl River near Slidell (US90),"-999"
"0","573",EPCM6,-89.6488286058,-89.5143585478,30.1785239687,30.3018808809,FGLPERLA,EPCM6,33.7274283610,E. Pearl River near Pearlington (CSX RR),"-999"
"0","574",BBBM6,-89.2045833333,-88.7909667904,30.3613634227,30.5370833333,FGGULFMS,BBBM6,135.5427034450,Back Bay of Biloxi at Popps Ferry Rd,"-999"
"0","575",CRBM6,-88.8587500000,-88.5391296650,30.4380560000,30.6954166666,FGPASMS,CRBM6,208.3664897540,Pascagoula River near Moss Point (I-10),"-999"
"0","576",MRRM6,-88.8920833333,-88.4837500000,30.9495833333,31.4579166666,FGPASMS,MRRM6,389.2862351730,Pascagoula River at Merrill,"-999"
"0","577",PSCM6,-88.6088890000,-88.5158211180,30.3654862279,30.3994078346,FGPASMS,PSCM6,7.2119103630,Pascagoula River at Pascagoula,"-999"
"0","578",WPGM6,-88.6660833525,-88.4191875000,30.3827780000,30.7037500000,FGPASMS,WPGM6,111.5908381160,W. Pascagoula River at Gautier,"-999"
"0","579",LBSL1,-89.8782684286,-89.7962500000,30.3010102813,30.4183875366,FGAMCOLA,LBSL1,23.7699500430,Bayou Liberty near Slidell (US90),"-999"
"0","580",LRLL1,-89.9711220103,-89.8170833333,30.2648800000,30.5204166666,FGAMCOLA,LRLL1,82.9152739160,Bayou Lacbome at Lacombe (US90),"-999"
"0","581",BBSL1,-89.8258387907,-89.7513594935,30.2621295872,30.3808125000,FGAMCOLA,BBSL1,19.2943421610,Bayou Bonfouca at Slidell (LA433),"-999"
"0","582",ASBL1,-90.0587500000,-89.8816458333,30.4465418446,30.6037500000,FGAMCOLA,ASBL1,55.9969848900,Abita River at Abita Springs (LA43),"-999"
"0","583",WSHL1,-92.4087500000,-92.0087500000,30.6180560000,31.0197080908,FGVERMLA,WSHL1,322.5683714710,Bayou Courtableau at Washington,"-999"
"0","584",MKGT1,-88.5670833333,-88.3043839492,35.8936886196,36.2309038660,FGWESTTN,MKGT1,209.6241555460,S.F. Obion near Mackenzie,"-999"
"0","585",DRST1,-88.6548217132,-88.3213136210,36.1954166666,36.3537500503,FGWESTTN,DRST1,137.0387490520,M.F. Obion River near Dresden,"-999"
"0","586",HLYT1,-89.9797977297,-89.9024791666,35.1162500000,35.2229431550,FGWESTTN,HLYT1,16.9500187120,Wolf River at Memphis (Hollywood St),"-999"
"0","587",RLGT1,-89.9273604480,-89.7462500000,35.0870833333,35.2370021944,FGWESTTN,RLGT1,71.5636919440,Wolf River at Raleigh,"-999"
"0","588",FRRT1,-89.9939223188,-89.7379166666,35.2141458333,35.3123378753,FGWESTTN,FRRT1,68.0378066100,Loosahatchie River at Frayser,"-999"
"0","589",MLLT1,-89.9293804168,-89.7254161834,35.2995357513,35.4713840484,FGWESTTN,MLLT1,88.3991529670,BIG CREEK AT MILLINGTON,"-999"
"0","590",SCHA4,-91.3871673170,-91.1117180194,34.3807159845,34.7808125000,FGLWHIAR,SCHA4,204.1728626240,White River at St Charles,"-999"
"0","591",PNTL1,-90.3951347082,-90.2379166666,30.4434692180,30.6245833333,FGAMCOLA,PNTL1,51.1409503330,Tangipahoa River near Ponchatoula,"-999"
"0","592",CTRL1,-90.2163050526,-90.0991214617,30.4628185331,30.5482447154,FGAMCOLA,CTRL1,19.4308040800,Tchefuncte River near Covington (LA21),"-999"
"0","593",MSVL1,-90.1775089413,-89.9431599455,30.3969667247,30.4620848786,FGAMCOLA,MSVL1,40.0784613260,Tchefuncte River at Madisonville,"-999"
"0","594",TRCL1,-90.1743050486,-90.0775208333,30.4389499999,30.4952418096,FGAMCOLA,TRCL1,8.7349628300,Tchefuncte River near Covington (I-12),"-999"
"0","595",ABRL1,-90.0974999999,-89.9647355716,30.4468536687,30.4891458333,FGAMCOLA,ABRL1,12.5243552440,Abita River at Covington (US190),"-999"
"0","596",HOGM6,-90.8420015490,-90.4920833333,32.8004291704,33.1412500000,FGLYAZMS,HOGM6,228.7731527250,Big Sunflower at Holly Bluff,"-999"
"0","597",BDCL1,-92.5057059981,-92.2316875000,30.4830605000,30.7287500000,FGCALCLA,BDCL1,124.8158907690,Bayou Decannes near Eunice,"-999"
"0","598",RIGA4A,-90.0900552873,-89.9097038522,36.0009691093,36.1753396598,FGSTFRAR,RIGA4A,68.6524403680,RIGA4 Storage A,"-999"
"0","599",MLVL1A,-91.8009764221,-91.5952576400,30.7204166666,31.0109981046,FGATCHLA,MLVL1A,126.9434714880,Atchafalaya at Melville Storage A,"-999"
"0","601",KRZL1A,-91.9519616419,-91.7382993066,30.5348148338,31.0190719911,FGATCHLA,KRZL1A,239.8959806070,Atchafalaya at Krotz Springs Storage A,"-999"
"0","602",OFBM6,-88.8345527146,-88.6557566222,30.4115393820,30.5391458333,FGGULFMS,OFBM6,50.0671839240,Old Fort Bayou @ Ocean Springs,"-999"
"0","603",EPPL1,-89.6836598323,-89.5671854040,30.2338605229,30.3954166666,FGLPERLA,EPPL1,43.4644291170,E. Pearl @ Pearlington (US90),"-999"
"0","604",CIGA4,-92.8420833333,-92.4496920437,35.4995833333,35.6704166666,FGLWHIAR,CIGA4,145.7435166010,S.F. Little Red @ Clinton,"-999"
"0","605",AMOK2,-88.4504166666,-88.2211160850,36.4175333501,36.6954166666,FGWESTKY,AMOK2,133.5887721900,Clarks River @ Almo,"-999"
"0","606",MSNA4,-90.7629166666,-90.1190992008,35.0037500000,36.0501722147,FGSTFRAR,MSNA4,730.1141695020,St. Francis River at Madison,"-999"
"0","607",BGKT2,-94.5545833333,-94.2248901792,32.6787500000,32.8433125000,FGUREDLA,BGKT2,104.9553325780,Big Cypress Bayou near Karnack,"-999"
