OBJ_STATUS_,OBJ_IDENTIF,NAME,MIN_X_AXIS_,MAX_X_AXIS_,MIN_Y_AXIS_,MAX_Y_AXIS_,RFC,HUC,CWA,FCST_GP,CH5_ID,TYPE,DESCRIPTION,ATTRIBUTE,NUMBER_ZONE,ZONE_1_MIN_,CENTROIDX,CENTROIDY
"0","1",DOVM1ME,-69.7706298836,-69.3153610248,45.0728225731,45.4515571589,NERFC,"01031500",CAR,ME,DOVM1,f,Piscataquis River at Dover-Foxcroft,,"0","0",-69.5820375870,45.2356818170
"0","2",EBKV1LCH,-72.7629165682,-72.2420806897,44.8781547568,45.3912506138,NERFC,"04293500",BTV,LCH,EBKV1,f,Missisquoi River at East Berkshire,,"0","0",-72.4699580260,45.0842398560
"0","3",EDDM1ME,-69.0928421037,-68.0403137191,44.7319068884,45.3748970035,NERFC,"01036390",CAR,ME,EDDM1,f,Penobscot River at Eddington,,"0","0",-68.5548313120,45.0856869530
"0","4",ROUN6LCH,-73.8170852693,-72.7212524411,44.0867538476,45.2579154962,NERFC,"04295000",BTV,LCH,ROUN6,f,Lk Champlain/Richilieu Riv at Rouses Pt,,"0","0",-73.2527321050,44.7016975950
"0","5",NSTN3CT,-71.8904418918,-71.0645217868,44.7120819062,45.3037490873,NERFC,"01129500",GYX,CT,NSTN3,f,Connecticut River at North Stratford,,"1","609",-71.4866817070,44.9907261320
"0","6",NANM1ME,-70.3953399634,-69.9526596098,44.7797660824,45.2186050416,NERFC,"01047000",GYX,ME,NANM1,f,Carrabassett River at North Anson,,"1","609",-70.1620303590,44.9880124390
"0","7",PITM1ME,-69.6903457619,-69.0676498447,44.6173210143,45.1498832713,NERFC,"01049000",GYX,ME,PITM1,f,Sebasticook River at Pittsfield,,"0","0",-69.3668019300,44.9131737330
"0","8",SIDM1ME,-70.0203399622,-69.1833419780,44.3644905061,45.0994911215,NERFC,"01049265",GYX,ME,SIDM1,f,Kennebec River at North Sidney,,"0","0",-69.6099382030,44.6435678570
"0","9",SKOM1ME,-70.1020126359,-69.6852035530,44.6039314233,45.0990562421,NERFC,,GYX,ME,SKOM1,f,Kennebec River at Skowhegan,,"0","0",-69.8885411220,44.8569731680
"0","10",MERM1ME,-70.5940704339,-69.9381256070,44.4492416409,45.0321655273,NERFC,"01048000",GYX,ME,MERM1,f,Sandy River at Mercer,,"0","0",-70.2485704620,44.7404115320
"0","11",CZRN6LCH,-73.9837493864,-73.5004196190,44.6870841947,45.0120811486,NERFC,"04271500",BTV,LCH,CZRN6,f,Great Chazy River at Perry Mills,,"0","0",-73.7480675460,44.8592694090
"0","12",NTYV1LCH,-72.5629196199,-72.3169021574,44.7245826738,44.9954185490,NERFC,"04293000",BTV,LCH,NTYV1,f,Missisquoi River nr North Troy,,"1","609",-72.4460216560,44.8618953980
"0","13",SWAV1LCH,-73.1368560793,-72.4962463410,44.6704177868,44.9745826694,NERFC,"04294000",BTV,LCH,SWAV1,f,Missisquoi River at Swanton,,"0","0",-72.8246114380,44.8515722130
"0","14",GEOV1LCH,-73.0795745864,-72.4712524378,44.4495811429,44.8079185523,NERFC,"04295000",BTV,LCH,GEOV1,f,Lamoille River at East Georgia,,"1","609",-72.8221863270,44.6435226480
"0","15",PBGN6LCH,-74.4629135136,-73.4670867956,44.1870841957,44.7874336228,NERFC,"04273500",BTV,LCH,PBGN6,f,Saranac River at Plattsburg,,"1","609",-74.0194440800,44.4716781220
"0","16",JONV1LCH,-72.7545852646,-72.1671066275,44.4288520810,44.7343750028,NERFC,"04292000",BTV,LCH,JONV1,f,Lamoille River at Johnson,,"0","0",-72.4415115890,44.5642066920
"0","17",ESSV1LCH,-73.1795806888,-72.5795822117,44.0440788232,44.5870819084,NERFC,"04290500",BTV,LCH,ESSV1,f,Winooski River at Essex Junction,,"1","609",-72.8534422400,44.3132293530
"0","18",AUSN6LCH,-74.0920867924,-73.6420822164,44.1162643412,44.5620841969,NERFC,"04275500",BTV,LCH,AUSN6,f,Au Sable River at Au Sable Forks,,"1","609",-73.8734360980,44.3506402060
"0","19",WRSV1LCH,-72.8420867910,-72.5879135154,44.3670921348,44.5620841969,NERFC,"04289000",BTV,LCH,WRSV1,f,Little River at Waterbury,,"1","609",-72.7343964970,44.4681811250
"0","20",MONV1LCH,-72.6646270718,-72.2212524421,44.0704154938,44.4912490860,NERFC,"04286000",BTV,LCH,MONV1,f,Winooski River at Montpelier,,"0","0",-72.4589857270,44.2942515970
"0","21",AUGM1ME,-69.8751297034,-69.5845108068,44.2699203456,44.4822464026,NERFC,"01030003",GYX,ME,AUGM1,f,Kennebec River at Augusta,,"0","0",-69.7206990240,44.3791656880
"0","22",ASFN6LCH,-73.9420852671,-73.6319656339,44.0280570985,44.4387664762,NERFC,"04275500",BTV,LCH,ASFN6,f,E. Branch Au Sable River at Au Sable For,,"1","609",-73.7875491630,44.2448209550
"0","23",WLBN6LCH,-73.8170852693,-73.3587493896,44.0620727575,44.4266891476,NERFC,"04276500",BTV,LCH,WLBN6,f,Bouquet River at Willsboro,,"1","609",-73.5758726030,44.2474753000
"0","24",MOOV1LCH,-72.9379196133,-72.7129135132,44.0303955069,44.2972526572,NERFC,"04288000",BTV,LCH,MOOV1,f,Mad River near Moretown,,"1","609",-72.8417208330,44.1744838880
"0","25",CHLV1LCH,-73.7606735197,-72.9045867899,43.2924995452,44.2566795330,NERFC,,,LCH,CHLV1,f,Upper Lake Champlain - Chelsea,,"0","0",-73.3654995770,43.8167311860
"0","26",WOON3MER,-71.7987213164,-71.4014511069,43.9558715805,44.1995811473,NERFC,"01075000",GYX,MER,WOON3,f,Pemigewasset River at Woodstock,,"1","609",-71.6113848490,44.0866905220
"0","27",RVRN6HUD,-74.0124435455,-73.5524826058,43.5778312706,44.1162490848,NERFC,"01317000",ALY,HUD,RVRN6,f,Schroon River at Riverbank,,"1","609",-73.7625389620,43.8607678420
"0","28",WEHV1CT,-72.9837493884,-72.3545837436,43.6661033625,44.1079177889,NERFC,"01144000",BTV,CT,WEHV1,f,White River at West Hartford,,"1","609",-72.6644078550,43.8866008490
"0","29",MDBV1LCH,-73.2295837438,-72.9254150374,43.3495826746,44.0600204501,NERFC,"04282500",BTV,LCH,MDBV1,f,Otter Creek at Middlebury,,"0","0",-73.0637110400,43.7925840090
"0","30",PLMN3MER,-71.9129180878,-71.4316635162,43.7079162602,44.0362129193,NERFC,"01076500",GYX,MER,PLMN3,f,Pemigewasset River at Plymouth,,"1","609",-71.6664225260,43.8763518540
"0","31",RUMN3MER,-72.0295867897,-71.7879180900,43.6787223803,44.0329170224,NERFC,"01076000",GYX,MER,RUMN3,f,Baker River at Rumney,,"1","609",-71.9140756480,43.8759097970
"0","32",MCKN6GRL,-75.1110076929,-74.5148544341,43.5381011930,43.9165992706,NERFC,"04254500",ALY,GRL,MCKN6,f,Moose River at McKeever,,"1","609",-74.8110400960,43.7035403280
"0","33",LKGN6LCH,-73.7795867901,-73.4123229945,43.3745841944,43.8382835425,NERFC,"04279000",ALY,LCH,LKGN6,f,South end of Lake George,,"0","0",-73.6041595970,43.5985244390
"0","34",FFLN3MER,-71.9254760742,-71.4575805664,43.3955078125,43.8228759765,NERFC,,GYX,MER,FFLN3,f,Merrimack River at Franklin Dam,,"0","0",-71.6866924030,43.6285858720
"0","35",CENV1LCH,-73.0989532489,-72.7712478641,43.2472991970,43.7745819071,NERFC,"04282000",BTV,LCH,CENV1,f,Otter Creek at Center Rutland,,"1","609",-72.9209986060,43.4972646030
"0","36",CARV1LCH,-73.3254165662,-73.0379180914,43.4329185453,43.7603263888,NERFC,"04280000",BTV,LCH,CARV1,f,Poultney River below Fair Haven,,"0","0",-73.1761303110,43.5924487030
"0","37",HDYN6HUD,-74.0717620817,-73.6680603048,43.3163147003,43.7547874453,NERFC,"01318500",ALY,HUD,HDYN6,f,Hudson River at Hadley,,"0","0",-73.8951911840,43.5248336860
"0","38",HOPN6HUD,-74.6464080811,-74.0205993664,43.2047500625,43.7011337272,NERFC,"01321000",ALY,HUD,HOPN6,f,Sacandaga River at Hope,,"1","609",-74.3426420590,43.4577003080
"0","39",BRSN3MER,-72.0222549431,-71.7415924102,43.4662513765,43.6475105295,NERFC,"01078000",GYX,MER,BRSN3,f,Smith River at Bristol,,"0","0",-71.8930471980,43.5617317240
"0","40",BOON6GRL,-75.3094406143,-74.8050003066,43.3417892442,43.6278991671,NERFC,"04252500",BUF,GRL,BOON6,f,Black River at Boonville,,"1","609",-75.0598914590,43.4906032220
"0","41",SACN6HUD,-74.4424362162,-73.8606643657,43.0100021330,43.5348587049,NERFC,"01323500",ALY,HUD,SACN6,f,Sacandaga River at Conklingville,,"0","0",-74.1469809580,43.2414584610
"0","42",BIKN3MER,-72.0128936775,-71.6917495739,43.2965621915,43.5299568202,NERFC,,GYX,MER,BIKN3,f,Blackwater River at Webster,,"0","0",-71.8667913470,43.4290869610
"0","43",DDMN6HUD,-75.5372009298,-75.2567367526,43.2544670089,43.5189018216,NERFC,"01335754",ALY,HUD,DDMN6,f,Mohawk River at Delta Dam,,"0","0",-75.3954991700,43.3709932270
"0","44",GVVN6LCH,-73.3504180937,-73.0212478675,43.2402915961,43.5120811438,NERFC,"04280450",ALY,LCH,GVVN6,f,Mettawee River at Middle Granville,,"0","0",-73.1828286290,43.3645097850
"0","45",HIKN6HUD,-75.1434631333,-74.5069885225,43.2107887268,43.6367874163,NERFC,"01343900",ALY,HUD,HIKN6,f,West Canada Creek at Hinckley Dam,,"1","609",-74.8043294200,43.4074292850
"0","46",DAVN3MER,-72.0754165648,-71.7212524431,43.2079162612,43.4245834334,NERFC,"01086000",GYX,MER,DAVN3,f,Warner River at Davisville,,"0","0",-71.9106019800,43.2962194570
"0","47",FTEN6HUD,-73.9216079697,-73.5679931616,43.1754989656,43.3567123417,NERFC,"01327750",ALY,HUD,FTEN6,f,Hudson River at Fort Edward,,"0","0",-73.7616659660,43.2704511030
"0","48",WHKN3MER,-71.9127044680,-71.6754150360,43.1243095381,43.2579155002,NERFC,,GYX,MER,WHKN3,f,Contoocook River at Hopkinton Lake,,"0","0",-71.8024216150,43.1851784220
"0","49",HENN3MER,-72.1420822116,-71.8362731966,42.8454170199,43.2537498445,NERFC,"01085000",GYX,MER,HENN3,f,Contoocook River at Henniker,,"0","0",-71.9899939760,43.0462782760
"0","50",CHRN6GRL,-78.1959991459,-77.8497009281,42.8704605082,43.1884994540,NERFC,"04231000",BUF,GRL,CHRN6,f,Black Creek at Churchville,,"0","0",-78.0444184650,43.0603699110
"0","51",WERN3MER,-71.8754196164,-71.6011581382,43.0313301090,43.1704177821,NERFC,,BOX,MER,WERN3,f,Piscataquog River at Weare,,"0","0",-71.7492506030,43.1031212930
"0","52",RAPN6GRL,-78.6364135724,-78.1845016514,42.8354873683,43.1122016891,NERFC,"04218000",BUF,GRL,RAPN6,f,Tonowanda Creek at Rapids,,"0","0",-78.4141209800,43.0058963800
"0","53",LOWM3MER,-71.7881164534,-71.2573623636,42.4727821315,43.1037483192,NERFC,"01096550",BOX,MER,LOWM3,f,Merrimack River at Lowell,,"0","0",-71.4634150890,42.7943660660
"0","54",GFFN3MER,-71.8837509123,-71.5510482811,42.9021263108,43.0936737052,NERFC,"01091500",BOX,MER,GFFN3,f,Piscataquog River at Goffstown,,"0","0",-71.7211575920,43.0010122030
"0","55",GRBN6GRL,-78.2376098642,-77.7910995486,42.6525001537,43.0550575266,NERFC,"04230500",BUF,GRL,GRBN6,f,Oatka Creek at Garbutt,,"0","0",-78.0460495380,42.8641063030
"0","56",BTVN6GRL,-78.3833084112,-78.0876007068,42.6217994717,43.0129013030,NERFC,"04217000",BUF,GRL,BTVN6,f,Tonowanda Creek at Batavia,,"0","0",-78.2376700400,42.8328243320
"0","57",WILN6GRL,-78.7780990582,-78.3541030910,42.8484992970,42.9915542624,NERFC,"04218518",BUF,GRL,WILN6,f,Ellicott Creek below Williamsville,,"0","0",-78.5225949630,42.9302234890
"0","58",SOHN3OLD,-71.9212493915,-71.5025405878,42.6537513752,42.9370346092,NERFC,"01094000",BOX,MER,SOHN3,f,Souhegan River at Merrimack,,"0","0",-71.7592469040,42.8301905440
"0","59",LCSN6GRL,-78.6449966406,-78.3171005244,42.7085990901,42.9191894533,NERFC,"04215000",BUF,GRL,LCSN6,f,Cayuga Creek at Lancaster,,"0","0",-78.4672246320,42.8295258800
"0","60",PTRN3MER,-72.1129150361,-71.8837509123,42.7454185496,42.8912506110,NERFC,"01082000",BOX,MER,PTRN3,f,Contoocook River at Peterborough,,"0","0",-71.9925542360,42.8179006940
"0","61",GDVN6GRL,-78.7554397551,-78.3286972046,42.5830993637,42.8648147547,NERFC,"04214500",BUF,GRL,GDVN6,f,Buffalo Creek at Gardenville,,"0","0",-78.5006003410,42.7269026520
"0","62",EBZN6GRL,-78.7758407630,-78.4729003898,42.5452995273,42.8358993516,NERFC,"04215500",BUF,GRL,EBZN6,f,Cazenovia Creek at Ebenezer,,"0","0",-78.6223922010,42.6806156590
"0","63",MMDN6GRL,-78.1126022343,-77.9064025870,42.5535011327,42.7838439969,NERFC,"04227500",BUF,GRL,MMDN6,f,Genesee River at Mount Morris Dam,,"0","0",-78.0130244580,42.6641314690
"0","64",WGTM3MER,-71.8675842253,-71.6379165647,42.6072616607,42.7769813506,NERFC,"01096000",BOX,MER,WGTM3,f,Squannacook River at West Groton,,"0","0",-71.7583414130,42.6821085800
"0","65",PRTN6GRL,-78.3923034704,-77.8116989122,42.0569992101,42.7238998422,NERFC,"04223000",BUF,GRL,PRTN6,f,Genesee River at Portageville,,"0","0",-78.0985676470,42.3677503880
"0","66",FBGM3MER,-71.9795837424,-71.7850265520,42.4899139392,42.6787490867,NERFC,"01094400",BOX,MER,FBGM3,f,North Nashua River at Fitchburg,,"0","0",-71.8911655700,42.5832357130
"0","67",GOWN6GRL,-78.9359207183,-78.2686614963,42.2753982522,42.6733932503,NERFC,"04213500",BUF,GRL,GOWN6,f,Cattaraugus Creek at Gowanda,,"0","0",-78.6026315830,42.4604083990
"0","68",DNSM3MER,-71.9525222754,-71.5337524387,42.3058662421,42.6675148048,NERFC,"01096500",BOX,MER,DNSM3,f,Nashua River at East Pepperell,,"0","0",-71.7456531520,42.4868392080
"0","69",LCNM3MER,-71.5408020003,-71.2504196196,42.3251762394,42.6379203819,NERFC,"01099500",BOX,MER,LCNM3,f,Concord River at Lowell,,"0","0",-71.3889075820,42.4781625450
"0","70",GTBM3SNE,-73.3800048844,-73.0358276392,42.1744079569,42.5945510893,NERFC,"01197500",ALY,SNE,GTBM3,f,Housatonic River near Great Barrington,,"0","0",-73.2235599750,42.3838457000
"0","71",WLMM3MER,-71.3337478660,-71.1920852687,42.4329185473,42.5681114170,NERFC,"01100600",BOX,MER,WLMM3,f,Shawsheen River at Wilmington,,"0","0",-71.2493460660,42.4920765460
"0","72",MAYM3MER,-71.7212524431,-71.4358520526,42.2348403921,42.5005226103,NERFC,"01097000",BOX,MER,MAYM3,f,Assabet River at Maynard,,"0","0",-71.6005267260,42.3726646890
"0","73",GILN6HUD,-74.5951767006,-74.2624664295,42.2937889135,42.4505233791,NERFC,"01350101",ALY,HUD,GILN6,f,Scoharie Creek at Gilboa Dam,,"0","0",-74.4301353180,42.3799472310
"0","74",PTVN6HUD,-74.4874649054,-74.0641174297,42.1152496318,42.3802337658,NERFC,"01350000",ALY,HUD,PTVN6,f,Scoharie Creek at Prattsville,,"1","762",-74.2682619750,42.2570617020
"0","75",SAXM3MER,-71.6267852766,-71.3342208824,42.1933479318,42.3644027725,NERFC,"01098530",BOX,MER,SAXM3,f,Sudbury River at Saxonville,,"0","0",-71.4972968920,42.2787304160
"0","76",NBRM3SNE,-71.9313201894,-71.6482009901,42.1204185450,42.3505973822,NERFC,"01110500",BOX,SNE,NBRM3,f,Blackstone River at Northbridge,,"0","0",-71.7881788220,42.2361958000
"0","77",DOVM3SNE,-71.5479431155,-71.2504196196,42.0303230297,42.3495826688,NERFC,"01103500",BOX,SNE,DOVM3,f,Charles River at Dover,,"0","0",-71.3822565850,42.1697582920
"0","78",WOOR1SNE,-71.8254165614,-71.4751205464,41.8603515597,42.2470932035,NERFC,"01112500",BOX,SNE,WOOR1,f,Blackstone River at Woonsocket,,"0","0",-71.6477499450,42.0490011330
"0","79",NRWM3SNE,-71.2885665902,-71.2004165646,42.0745811457,42.2341384919,NERFC,"01105000",BOX,SNE,NRWM3,f,Neponset River at Norwood,,"0","0",-71.2484272210,42.1544373940
"0","80",WLLN6GRL,-78.0335540778,-77.6644973791,41.8455734246,42.2312011693,NERFC,"04221000",BUF,GRL,WLLN6,f,Genesee River at Wellsville,,"0","0",-77.8337721790,42.0421615600
"0","81",HFDC3CT,-72.8129196155,-72.3337478640,41.6662483211,42.1222114559,NERFC,"01190070",BOX,CT,HFDC3,f,Connecticut River at Hartford,,"0","0",-72.6075853610,41.9045112180
"0","82",TMVC3CT,-72.8308410610,-72.4004135109,41.9787483234,42.5912513763,NERFC,"01184000",BOX,CT,TMVC3,f,Connecticut River at Thompsonville,,"0","0",-72.5938754700,42.2983418550
"0","83",TARC3CT,-73.0379180914,-72.7337493928,41.6385726914,42.0574111933,NERFC,"01189995",BOX,CT,TARC3,f,Farmington River at Tariffville,,"0","0",-72.8680721500,41.8391818570
"0","84",TENN6SNE,-73.6670837439,-73.4129180926,41.5558547994,42.0329360987,NERFC,"01200000",ALY,SNE,TENN6,f,Tenmile River near Gaylordsville,,"0","0",-73.5531564690,41.7990551730
"0","85",WAPN6HUD,-73.8860473638,-73.6239929202,41.6530075085,42.0055389379,NERFC,"01372500",ALY,HUD,WAPN6,f,Wappinger Creek at Wappingers Falls,,"0","0",-73.7497177380,41.8391522530
"0","86",MDDC3CT,-72.8379135110,-72.3712463354,41.4041557328,41.9606323227,NERFC,"01193000",BOX,CT,MDDC3,f,Connecticut River at Middletown,,"0","0",-72.6134285690,41.6695520690
"0","87",ROSN6HUD,-74.6242141700,-74.0822296143,41.5937881502,41.9767875695,NERFC,"01367500",ALY,HUD,ROSN6,f,Rondout Creek at Rosendale,,"0","0",-74.3813054190,41.7996138600
"0","88",GRDN6HUD,-74.7332992531,-74.1098632832,41.0018348680,41.7623977648,NERFC,"01371500",ALY,HUD,GRDN6,f,Walkill River at Gardiner,,"0","0",-74.4304731450,41.3866256070
"0","89",YTCC3SNE,-72.3379135120,-72.1146011371,41.4954185482,41.6829185449,NERFC,"01127500",OKX,SNE,YTCC3,f,Yantic River at Yantic,,"0","0",-72.2311283550,41.5899683150
"0","90",NEIN6GRL,-75.7621002201,-75.4628067017,42.8973999012,43.1072006188,NERFC,"04243500",BGM,GRL,NEIN6,f,Oneida Creek at Oneida,,"0","0",-75.5930232740,43.0047759200
"0","91",HNYN6GRL,-77.6656036383,-77.4188003540,42.5605049098,42.9581985505,NERFC,"04229500",BUF,GRL,HNYN6,f,Honeoye Creek at Honeoye Falls,,"0","0",-77.5399465540,42.7620324080
"0","92",FLLN6GRL,-76.4732055671,-76.1723022450,42.4342994672,42.7333984381,NERFC,"04234000",BGM,GRL,FLLN6,f,Fall Creek near Ithaca,,"0","0",-76.3056124350,42.5471015500
"0","93",RHRN6GRL,-77.9779663102,-77.4889984137,42.8138999957,43.1828994773,NERFC,"04232000",BUF,GRL,RHRN6,f,Genesee River at Rochester,,"0","0",-77.7212335050,43.0219101540
"0","94",CNDN6GRL,-77.4984970097,-77.1717987062,42.5558013886,42.9267768882,NERFC,"04234500",BUF,GRL,CNDN6,f,Canadaigua Lake at Canandaigua,,"0","0",-77.3190679060,42.7397076210
"0","95",DRDN6GRL,-77.3253021240,-76.9542007421,42.3563003527,42.7317619300,NERFC,"04232482",BGM,GRL,KKLN6,f,Keuka Lake Outlet at Dresden,,"0","0",-77.1414123240,42.5542867920
"0","96",GNVN6GRL,-77.1304931613,-76.7208023052,42.1796989442,42.9459991480,NERFC,,BGM,GRL,GNVN6,f,Seneca Lake at Geneva,,"0","0",-76.9141504280,42.5726485490
"0","97",SCBN6GRL,-76.8788986183,-76.2876968370,42.2725982678,42.9520263642,NERFC,,BGM,GRL,CAYN6,f,Seneca River below Mud Lock,,"0","0",-76.6241034500,42.6083754720
"0","98",OWSN6GRL,-76.5761566163,-76.2951965343,42.5214767479,42.9563064541,NERFC,"04235396",BGM,GRL,OWSN6,f,Owasco Lake near Auburn,,"0","0",-76.4334355570,42.7431302040
"0","99",BETN3CT,-71.6331863390,-71.3053436317,44.1704177878,44.3120842012,NERFC,"01137500",GYX,CT,BETN3,f,Ammonoosuc River at Bethlehem,,"1","609",-71.4697047290,44.2522075320
"0","100",UVDV1CT,-72.4254150384,-72.1879196187,43.7745819071,43.9912490870,NERFC,"01141500",GYX,CT,UVDV1,f,Ompompanoosuc River at Union Villiage Da,,"0","0",-72.3092935910,43.8894555570
"0","101",WLRV1CT,-72.3587493916,-72.0629196131,44.1224555999,44.3211402858,NERFC,"01139000",BTV,CT,WLRV1,f,Wells River at Wells River,,"0","0",-72.2161234380,44.2193095950
"0","102",WLBN3CT,-72.4816589372,-71.8379135130,43.6450309747,44.2076415985,NERFC,"01144500",GYX,CT,WLBN3,f,Connecticut River at West Lebanon,,"0","0",-72.1729285950,43.9461255970
"0","103",WCLN3CT,-72.3738784769,-71.9920806863,43.1875572218,43.5797615041,NERFC,"01152500",GYX,CT,WCLN3,f,Sugar River at West Claremont,,"0","0",-72.1569674630,43.3986565100
"0","104",NHDV1CT,-72.8379135110,-72.3540191660,43.5037498479,43.7287483238,NERFC,"01151500",BTV,CT,NHDV1,f,Ottauquechee River at North Hartland Lak,,"1","609",-72.6160552820,43.6207384000
"0","105",NSPV1CT,-72.8087463355,-72.4504165660,43.3318405125,43.5787506067,NERFC,"01153000",BTV,CT,NSPV1,f,Black River at North Springfield,,"1","609",-72.6499505130,43.4335893840
"0","106",SUNV1HUD,-73.2204666138,-72.9337463379,42.9743041992,43.2813911437,NERFC,,ALY,HUD,SUNV1,f,Battenkill at Sunderland,,"1","762",-73.0710535920,43.1217892610
"0","107",BTTN6HUD,-73.4707107543,-73.1011962890,43.0432014465,43.3412513732,NERFC,"01329500",ALY,HUD,BTTN6,f,Battenkill at Battenville,,"0","0",-73.2889072490,43.1832001030
"0","108",EAGN6HUD,-73.4213485717,-73.1225585938,42.5790786743,43.0517883300,NERFC,"01334500",ALY,HUD,EAGN6,f,Hoosic River at Eagle Bridge,,"0","0",-73.2860586060,42.7795779220
"0","109",BNTV1HUD,-73.2667617797,-73.0496292114,42.7691955566,43.0007896423,NERFC,"01334000",ALY,HUD,BNTV1,f,Walloomsac River at Bennington,,"1","762",-73.1562295690,42.8930055850
"0","110",WILM3HUD,-73.2259597778,-73.0006332396,42.4862976074,42.8243064880,NERFC,"01332500",ALY,HUD,WILM3,f,Hoosic River at Williamstown,,"0","0",-73.1132640100,42.6561255860
"0","111",TRYN6HUD,-73.7527008056,-73.6074676513,42.7395629882,42.8320007324,NERFC,"01358000",ALY,HUD,TRYN6,f,Hudson River at Troy,,"0","0",-73.6701943180,42.7820122670
"0","112",NCKN6HUD,-74.5734634380,-73.8734512343,43.6040229788,44.0721511875,NERFC,"01315500",ALY,HUD,NCKN6,f,Hudson River at North Creek,,"1","609",-74.2075988620,43.8155558130
"0","113",INDN6HUD,-74.6036605832,-74.2678985632,43.4877891563,43.7635498046,NERFC,"01314500",ALY,HUD,INDN6,f,Indian River at Indian Lake,,"1","609",-74.4116522190,43.6232187270
"0","114",NWCN6HUD,-74.3889541649,-73.9253540023,43.9155960053,44.1542778052,NERFC,"01312000",ALY,HUD,NWCN6,f,Hudson River at Newcomb,,"1","609",-74.1388122860,44.0235676940
"0","115",ECRN6HUD,-74.9024658211,-74.4255905173,43.0160408050,43.3817787184,NERFC,"01348000",ALY,HUD,ECRN6,f,East Canada Creek at East Creek,,"0","0",-74.6872771060,43.1927712610
"0","116",WTFN6HUD,-74.0679550170,-73.2314682006,42.7643508911,43.3796463012,NERFC,"01335754",ALY,HUD,WTFN6,f,Hudson River at Waterford,,"0","0",-73.6435970320,43.0423647150
"0","117",BBRM1ME,-70.1974105866,-69.7525787321,46.7849426238,47.0305404633,NERFC,"01010070",CAR,ME,BBRM1,f,Big Black River at Depot Mountain,,"0","0",-69.9854616260,46.9068245920
"0","118",ALLM1ME,-69.7582397497,-68.8544921893,46.2356872545,47.0783729529,NERFC,"01011000",CAR,ME,ALLM1,f,Allagash River at Allagash,,"0","0",-69.2961072450,46.6557244100
"0","119",DICM1ME,-69.9686737024,-69.0656051616,46.6522750856,47.4594650273,NERFC,"01010500",CAR,ME,DICM1,f,St. John River at Dickey,,"0","0",-69.5274593790,47.0588228680
"0","120",NINM1ME,-70.4015808072,-69.6761779811,45.9964904775,46.8457298251,NERFC,"01010000",CAR,ME,NINM1,f,St. John River at Nine Mile Bridge,,"0","0",-70.0375346150,46.4555526430
"0","121",FIHM1ME,-68.9620056133,-68.0741424550,46.6830482488,47.3152465857,NERFC,"01013500",CAR,ME,FIHM1,f,Fish River above Fort Kent,,"0","0",-68.5750108620,47.0076251110
"0","122",FTKM1ME,-69.1378326404,-68.4503402689,46.9694671610,47.3626785246,NERFC,"01014000",CAR,ME,FTKM1,f,St. John River at Fort Kent,,"0","0",-68.8633542260,47.1897407360
"0","123",MASM1ME,-69.1558685277,-68.0525207537,46.1961555481,46.5990638711,NERFC,"01015800",CAR,ME,MASM1,f,Aroostook River at Masardis,,"0","0",-68.6290617020,46.3954202540
"0","124",WSHM1ME,-69.0768280033,-68.1240997333,46.4628219593,46.9687919652,NERFC,"01017000",CAR,ME,WASHM1,f,Aroostook River at Washburn,,"0","0",-68.5330024050,46.6828914430
"0","125",AUBM1ME,-70.7428436260,-69.9724426234,43.9750480635,44.7903213526,NERFC,"01059000",GYX,ME,AUBM1,f,Androscoggin River at Auburn,,"0","0",-70.3680405500,44.3623892070
"0","126",ROXM1ME,-70.7753448509,-70.5190734833,44.6348342925,44.8538589455,NERFC,"01055000",GYX,ME,ROXM1,f,Swift River at Roxbury,,"1","609",-70.6273306870,44.7522782320
"0","127",COHN6HUD,-74.8964844062,-73.7009430301,42.7135811029,43.1737899783,NERFC,"01357500",ALY,HUD,COHN6,f,Mohawk River at Cohoes,,"0","0",-74.3500104460,42.9228095970
"0","128",MTRN6HUD,-74.5172576917,-74.1254653926,41.9959449802,42.1977882404,NERFC,"01362500",ALY,HUD,MTRN6,f,Esopus Creek at Coldbrook,,"1","762",-74.3301155030,42.0920063700
"0","129",MRNN6HUD,-74.2484664917,-73.9619216919,41.8493080139,42.1617889404,NERFC,"01364500",ALY,HUD,MRNN6,f,Esopus Creek at Mount Marion,,"0","0",-74.0861245450,42.0021332070
"0","130",ASEN6HUD,-74.3604660034,-74.0888595581,41.9086189270,42.0340003967,NERFC,,ALY,HUD,ASEN6,f,Ashokan Reservoir,,"0","0",-74.2470245160,41.9720006690
"0","131",LTLN6HUD,-75.5708694399,-74.7714691267,42.8706626973,43.2807884164,NERFC,"01347000",ALY,HUD,LTLN6,f,Mohawk River at Little Falls,,"0","0",-75.2244682700,43.0702760630
"0","132",KASN6HUD,-75.3064651489,-74.8604660034,43.0535354613,43.4045982360,NERFC,"01346000",ALY,HUD,KASN6,f,West Canada Creek at Kast Bridge,,"0","0",-75.0619312920,43.2211709560
"0","133",BRTN6HUD,-74.6944656371,-74.0254669189,42.5208625794,42.8094291688,NERFC,"01351500",ALY,HUD,BRTN6,f,Schoharie Creek at Burtonsville,,"0","0",-74.3650626220,42.6628241400
"0","134",BKBN6HUD,-74.6219406265,-74.3230972200,42.3897018531,42.5915145720,NERFC,"01350355",ALY,HUD,BKBN6,f,Schoharie Creek at Breakabeen,,"0","0",-74.4801483780,42.4845031530
"0","135",OGSN6STL,-75.9039535524,-75.2697143555,43.9417266845,44.6980895995,NERFC,,BTV,LCH,OGSN6,f,Oswegatchie River at Ogdensburg,,"0","0",-75.5947684850,44.2715101610
"0","136",HEUN6STL,-75.7577209472,-74.7112121582,43.9886131289,44.6855239870,NERFC,,BTV,LCH,HEUN6,f,Oswegatchie River at Heuvelton,,"0","0",-75.2198461300,44.2644335920
"0","137",HVLN6STL,-75.3842544555,-74.9296646118,43.9280967711,44.2656211853,NERFC,"04262500",BTV,LCH,HVLN6,f,Oswegatchie River at Harrisville,,"0","0",-75.1900042790,44.0784719570
"0","138",CHAN6STL,-75.3494873046,-74.6087722778,44.1254081725,44.8542060852,NERFC,"04265432",BTV,LCH,CHAN6,f,Grass River at Chase Mills,,"0","0",-75.0380767530,44.4366709030
"0","139",MSSN6STL,-75.0901870727,-74.7570877075,44.8196411132,44.9866218567,NERFC,,BTV,LCH,MSSN6,f,Grass River at Massena,,"0","0",-74.9517917020,44.9110466350
"0","140",PIEN6STL,-74.8531265258,-74.0295867920,43.7220001221,44.3153457641,NERFC,"04266500",BTV,LCH,PIEN6,f,Raquette River at Piercefield,,"1","609",-74.4752279960,44.0362613260
"0","141",CYFN6STL,-74.7696304320,-74.4676437377,44.1350936889,44.4462814330,NERFC,,BTV,LCH,CYFN6,f,Raquette River at Carry Falls Dam,,"0","0",-74.6222316740,44.3216992500
"0","142",RYVN6STL,-75.1451110839,-74.5870895385,44.3719558716,44.8389816285,NERFC,,BTV,LCH,RYVN6,f,Raquette River at Raymondville,,"0","0",-74.9189383910,44.6012283350
"0","143",MSPN6STL,-75.0767669677,-74.6966171264,44.6733627319,44.9934196471,NERFC,,BTV,LCH,MSPN6,f,Raquette River at Massena Springs,,"0","0",-74.8949467350,44.8460792860
"0","144",PARN6STL,-74.7511062621,-74.3062286377,44.3151245118,44.6078834533,NERFC,"04268800",BTV,LCH,PARN6,f,W. Branch St. Regis River at Parishville,,"0","0",-74.5492748840,44.4739843250
"0","145",BRAN6STL,-74.9482269286,-74.1628036499,44.3899536133,44.8647613525,NERFC,"04269000",BTV,LCH,BRAN6,f,St. Regis River at Brasher Center,,"0","0",-74.5457063800,44.6042706980
"0","146",HGBN6STL,-74.8045349120,-74.2050552368,44.5901107788,45.0189170838,NERFC,,BTV,LCH,HGBN6,f,St. Regis River at Hogansburg,,"0","0",-74.5872705550,44.7925780740
"0","147",FTCN6STL,-74.5872268676,-74.0243453979,44.5495834350,45.0173873901,NERFC,,BTV,LCH,FTCN6,f,Salmon River at Fort Covington,,"0","0",-74.3109509380,44.7836954540
"0","148",STFB3ME,-69.4395093003,-68.9501896389,47.1974220592,47.8248903209,NERFC,"01011500",CAR,ME,STFB3,f,St. Francis River at Connors,,"0","0",-69.1767305860,47.4993835640
"0","149",WENM1ME,-70.4165878262,-68.1053390495,45.1947479258,46.3665161128,NERFC,"01034500",CAR,ME,WENM1,f,Penobscot River at West Enfield,,"0","0",-69.2000306320,45.7829114350
"0","150",MFDM1ME,-69.6021652236,-68.8501052817,45.0709800694,45.6248970069,NERFC,"01034000",CAR,ME,MFDM1,f,Piscataquis River at Medford,,"0","0",-69.2272516440,45.3664835090
"0","151",GRNM1ME,-69.7480621341,-68.4082717907,45.6949157678,46.4665641759,NERFC,"01029500",CAR,ME,GRNM1,f,E. Branch Penobscot River at Grindstone,,"0","0",-68.9092128240,46.1231503890
"0","152",MATM1ME,-68.5580444321,-67.6922149661,45.3674774194,46.2698326119,NERFC,"01030500",CAR,ME,MATM1,f,Mattawamkeag River near Mattawamkeag,,"0","0",-68.1505529640,45.8067204690
"0","153",CNHM1ME,-71.5220947254,-70.6985168448,43.6103095994,44.3119811996,NERFC,"01066000",GYX,ME,CNHM1,f,Saco River at Cornish,,"0","0",-71.0329803910,43.9325901240
"0","154",CNWN3ME,-71.4972229039,-71.0607681299,43.9079818737,44.2832221991,NERFC,"01064500",GYX,ME,CNWN3,f,Saco River near Conway,,"1","609",-71.2580816470,44.0918626890
"0","155",WBXM1ME,-71.0345001244,-70.5548171963,43.5371971133,43.8723983794,NERFC,,GYX,ME,WBXM1,f,Saco River at West Buxton,,"0","0",-70.7686743210,43.6941085900
"0","156",ARTN6GRL,-75.9253082293,-74.9223175077,43.4195709228,44.0638999971,NERFC,"04260500",BUF,GRL,ARTN6,f,Black River at Watertown,,"0","0",-75.4175434100,43.7634846880
"0","157",SWRN6GRL,-75.0579071044,-74.6121978746,43.8134651221,44.0396080019,NERFC,"04256500",ALY,GRL,SWRN6,f,Stillwater Reservoir near Beaver River,,"1","609",-74.8653311700,43.9278222360
"0","158",CGHN6GRL,-75.4178390534,-75.0326461803,43.8367767326,43.9851951586,NERFC,"04258000",BUF,GRL,CGHN6,f,Beaver River at Croghan,,"0","0",-75.2066200480,43.9120514230
"0","159",AVON6GRL,-78.0279006923,-77.6138033786,42.6250281095,42.9780245781,NERFC,"04228500",BUF,GRL,AVON6,f,Genesee River at Avon,,"0","0",-77.8121552080,42.8134370960
"0","160",JONN6GRL,-78.0270023218,-77.5423984367,42.3898055145,42.7681951216,NERFC,"04227500",BUF,GRL,JONN6,f,Genesee River near Mount Morris,,"0","0",-77.7859153750,42.5671721200
"0","161",MTHM3MER,-71.3066864013,-71.1371002197,42.7431564331,42.9206314086,NERFC,"01100561",BOX,MER,MTHM3,f,Spickett River at Methuen,,"0","0",-71.2229996060,42.8344177380
"0","162",OTRN3CT,-72.2503839749,-72.1004180923,42.9393814279,43.0980401017,NERFC,"01158600",BOX,CT,OTRN3,,Otter Brook at Keene,,"0","0",-72.1756085530,43.0149880810
"0","163",KENN3CT,-72.3713523500,-72.0739310491,42.9931412322,43.2778282851,NERFC,"01158000",BOX,CT,KENN3,,Ashuelot River at Keene,,"0","0",-72.2207960930,43.1131700740
"0","164",RYLM3CT,-72.1711790006,-71.8962478639,42.5121703735,42.8329161782,NERFC,"01164000",BOX,CT,SRLM3,,Millers River at South Royalston,,"0","0",-72.0423724950,42.6649397380
"0","165",WBFM3CT,-72.2743279449,-71.9170455895,42.1417070738,42.3626492582,NERFC,"01176000",BOX,CT,WBFM3,,Quabog River at West Brimfield,,"0","0",-72.0772532130,42.2548237710
"0","166",RKGV1CT,-72.7670822162,-72.4837493894,43.1662216214,43.3701858543,NERFC,"01153550",BOX,CT,RKGV1,f,Williams River near Rockingham,,"0","0",-72.6332861080,43.2666810460
"0","167",WLPN3CT,-72.7420806887,-71.9129180878,43.0787506104,43.8245811461,NERFC,"01154500",BOX,CT,WLPN3,f,Connecticut River at North Walpole,,"0","0",-72.3315488870,43.4578974580
"0","168",EROM3CT,-72.4499314823,-72.1378469118,42.4977235885,42.7971364140,NERFC,"01166500",BOX,CT,EROM3,f,Millers River at Erving,,"0","0",-72.2648408450,42.6414010380
"0","169",HDLN3CT,-72.4908362919,-72.2604139409,42.6787495482,42.9208615748,NERFC,"01161000",BOX,CT,HDLN3,f,Ashuelot River at Hinsdale,,"0","0",-72.3764883700,42.8032539900
"0","170",SWAN3CT,-72.3874481539,-72.0670852689,42.7486457869,43.0294296289,NERFC,"01160350",BOX,CT,SWAN3,f,Ashuelot River at West Swanzey,,"0","0",-72.2295237250,42.8938385660
"0","171",FRKM1ME,-70.7321395273,-69.1860961509,45.1839104077,45.9107322834,NERFC,"01042500",GYX,ME,FRKM1,f,Kennebec River at  West Forks,,"0","0",-69.9543458040,45.6000546540
"0","172",GRMN3ME,-71.3424072237,-70.9599533096,44.4335021934,44.8861579909,NERFC,"01054000",GYX,ME,GRMN3,,Androscoggin River near Gorham,,"1","609",-71.1631180020,44.6435899340
"0","173",WYMM1ME,-70.8257446524,-69.6468429013,44.9320182824,45.5208511580,NERFC,"01046500",GYX,ME,WYMM1,f,Kennebec River at Wyman Dam/Bingham,,"0","0",-70.3047909150,45.2413721390
"0","174",GAYC3SNE,-73.5569050895,-73.2915039087,41.6454592534,42.0508855863,NERFC,"01200500",ALY,SNE,GAYC3,f,Housatonic River at Gaylordsville,,"0","0",-73.4200904230,41.8475283070
"0","175",FLVC3SNE,-73.5099141632,-73.1625190837,41.8474533278,42.4229821599,NERFC,"01199000",ALY,SNE,FLVC3,f,Housatonic River at Falls Village,,"0","0",-73.3342371490,42.1319856750
"0","176",BDGM3SNE,-71.1497019228,-70.7576917360,41.7690768068,42.1556404573,NERFC,"01108000",BOX,SNE,BDGM3,f,Taunton River at Bridgewater,,"0","0",-70.9483346880,41.9780360580
"0","177",TOWV1CT,-72.9474694654,-72.6733551541,42.9827216150,43.1868462453,NERFC,"01155910",BOX,CT,TOWV1,,West River at Townshend,,"0","0",-72.8091342050,43.0720045190
"0","178",BALV1CT,-72.9972603027,-72.7360229492,43.0871250152,43.3809520720,NERFC,"01155500",BOX,CT,BALV1,,West River at Ball Mountain Lake,,"0","0",-72.8514579370,43.2256463560
"0","179",RMFM1ME,-71.3530883760,-70.5049438473,44.2263183608,44.7823905918,NERFC,,GYX,ME,RMFM1,,Androscoggin at Rumford,,"1","609",-70.8939317820,44.4708376430
"0","180",TLTN3MER,-71.6087493892,-71.3837509133,43.3995819059,43.6704177888,NERFC,,GYX,MER,TLTN3,,Lake Winnipesaukee at Tilton,,"0","0",-71.5083466800,43.5138959600
"0","181",KNGN6HUD,-74.3543889140,-73.2621342880,41.8802483071,42.8157075751,NERFC,,ALY,HUD,KNGN6,f,Hudson River at Kingston,,"0","0",-73.8011327900,42.3745779400
"0","182",ALBN6HUD,-73.8546981826,-73.3954696635,42.5843162566,42.7992706312,NERFC,,ALY,HUD,ALBN6,f,Hudson River at Albany,,"0","0",-73.5904470480,42.7022276310
"0","183",RONN6HUD,-74.6242141700,-74.3424682586,41.7899513283,41.9767875695,NERFC,,ALY,HUD,RONN6,f,Rondout Creek,,"0","0",-74.4742333670,41.8763162060
"0","184",PASV1CT,-72.1918030287,-71.7014694032,44.3495826605,44.7704162859,NERFC,,BTV,CT,PASV1,f,Passumpsic River at Passumpsic,,"0","0",-71.9644178550,44.5676609900
"0","185",DLTN3CT,-71.8045806929,-71.1834030049,44.2912483328,44.8266563333,NERFC,,GYC,CT,DLTN3,f,Connecticut River at Dalton,,"0","0",-71.4988645580,44.5481527370
"0","186",WELV1CT,-72.2712479038,-71.5545806531,44.0204162852,44.5370826607,NERFC,,GYX,CT,WELV1,f,Connecticut River at Wells River,,"0","0",-71.9064264460,44.2769011660
"0","187",GOFN3MER,-71.7846679687,-71.1734542846,42.9475212095,43.4537506104,NERFC,,BOX,MER,GOFN3,f,Merrimack River at Goffs Falls,,"0","0",-71.5252685750,43.2027070980
"0","188",SOUN3MER,-71.5529838003,-71.3635074633,43.1989844101,43.4454154967,NERFC,,GYX,MER,SOUN3,f,Soucook River near Concord,,"0","0",-71.4550658490,43.3365323600
"0","189",LAMN3MER,-71.3624849980,-70.9533079746,43.0034821368,43.2247204292,NERFC,,GYX,MER,LAMN3,f,Lamprey River at Newmarket,,"0","0",-71.1647219140,43.1081930110
"0","190",NCHN3MER,-71.4123667363,-71.1170807381,43.2514739410,43.5162506078,NERFC,,GYX,MER,NCHN3,f,Suncook River at North Chichester,,"0","0",-71.2893618890,43.3693018140
"0","191",STVC3SNE,-73.3399711907,-73.1374720003,41.3260502346,41.6809093724,NERFC,,ALY,SNE,STVC3,,Housatonic River at Stevenson Dam,,"0","0",-73.2322265520,41.4996726620
"0","192",LLIC3SNE,-73.5562565474,-73.1666403795,41.3382541943,41.8913391914,NERFC,,ALY,SNE,LLIC3,,"Housatonic R-Shepaug Dam, Lk Lillinonah",,"0","0",-73.3659198740,41.5978748790
"0","193",ROWM3CT,-73.0795822107,-72.8795852624,42.6745219048,42.8810311771,NERFC,,BOX,CT,ROWM3,,Harriman Reservoir,,"0","0",-72.9804563320,42.7785988950
"0","194",WDEM3CT,-72.8879165661,-72.6379165627,42.4620819086,42.8461687525,NERFC,,BOX,CT,WDEM3,,Deerfield River at West Deerfield,,"0","0",-72.7686941150,42.6464411580
"0","195",CLMM3CT,-73.0712509148,-72.8170852635,42.5329170283,42.7401950447,NERFC,,BOX,CT,CLMM3,,Deerfield River at Charlmont,,"0","0",-72.9476624610,42.6392203680
"0","196",MNTM3CT,-72.8295822151,-72.1811705936,42.5093566986,43.3035836237,NERFC,,BOX,CT,MNTM3,,Connecticut River at Montague,,"0","0",-72.5372005400,42.8938903690
"0","197",LKNN6GRL,-76.4282156576,-76.1620025324,42.7435989376,43.1152575629,NERFC,,BGM,GRL,LKNN6,,Ninemile Creek at Lakeland,,"0","0",-76.2950028030,42.9567955970
"0","198",ONDN6GRL,-76.3069996716,-76.0804976714,42.7965005337,43.0274435339,NERFC,,BGM,GRL,ONDN6,,"Onondaga Creek at Dorwin Ave., Syracuse",,"0","0",-76.1844111050,42.9092771480
"0","199",LVRN6GRL,-76.2697124075,-76.0179976713,42.9547005338,43.1426015340,NERFC,,BGM,GRL,LVRN6,,Onondaga Lake at Liverpool,,"0","0",-76.1551771440,43.0616239690
"0","200",RKWM1ME,-69.9837188739,-69.1860961934,45.4164390566,45.9107322691,NERFC,,GYX,ME,RKWM1,,Moosehead Lake at Rockwood,,"0","0",-69.6176254100,45.6889543980
"0","201",SCIR1SNE,-71.7817103757,-71.5480294798,41.7328079048,41.9103202783,NERFC,,BOX,SNE,SCIR1,,Scituate Reservoir,,"0","0",-71.6632457440,41.8164973740
"0","202",CRAR1SNE,-71.7202614926,-71.4367726113,41.5748110188,41.8013158719,NERFC,,BOX,SNE,CRAR1,,Pawtuxet River at Cranston,,"0","0",-71.5917566500,41.6938457010
"0","203",UNVC3CT,-73.1998593392,-72.8748719572,41.7273793974,42.1288419934,NERFC,,BOX,CT,UNVC3,,Farmington at Unionville/SAC,,"0","0",-73.0167223120,41.9342113240
"0","204",RVRC3CT,-73.1842947948,-72.9805053767,41.9589880790,42.3013039117,NERFC,,ALY,CT,CRLC3,,W. Br. Farmington at Riverton,,"0","0",-73.0775610970,42.1336766300
"0","205",WHGV1CT,-73.0712152325,-72.7899797078,42.7433548144,43.0953836496,NERFC,,ALY,CT,WHGV1,,Harriman Reservoir - Whitingham,,"0","0",-72.9323548160,42.9266993030
"0","206",KNTM3CT,-73.0669643251,-72.7836314983,42.2870833931,42.6079185081,NERFC,,BOX,CT,KNTM3,,Westfield R at Knightville Dam,,"0","0",-72.9077059960,42.4562517280
"0","207",WSFM3CT,-73.1670837796,-72.6621399041,41.9954185329,42.4787482845,NERFC,,BOX,CT,WSFM3,,Westfield R at Westfield - SAC,,"0","0",-72.9156534340,42.2232835980
"0","208",BCNM3CT,-72.4255980838,-72.1079147325,42.2619292396,42.5661984591,NERFC,,BOX,CT,BCNM3,,Quabbin Rsvr at Belchertown,,"0","0",-72.2848754680,42.4395928190
"0","209",INDM3CT,-72.5145111045,-71.8953170798,42.0330125647,42.5522810813,NERFC,,BOX,CT,INDM3,,Chicopee R at Indian Orchard - SAC,,"0","0",-72.2006106070,42.3034395710
"0","210",ERRN3ME,-71.3379135279,-70.5104827771,44.5830230321,45.3486290328,NERFC,"01053500",GYX,ME,ERRN3,,Androscoggin River at Errol,,"0","0",-70.9258265150,44.9842104510
"0","211",WTHC3SNE,-72.2444229125,-71.8925247192,41.9334335327,42.1947135925,NERFC,,BOX,SNE,WTHC3,,Quinebaug River at West Thompson Dam,,"0","0",-72.0795100320,42.0831483580
"0","212",JCYC3SNE,-72.0573577880,-71.6950759887,41.4867897033,42.0503959655,NERFC,,BOX,SNE,JCYC3,,Quinebaug River at Jewett City,,"0","0",-71.8797707690,41.7595976250
"0","213",PUTC3SNE,-72.0464477539,-71.8109359741,41.8973808288,42.2812576293,NERFC,,BOX,SNE,PUTC3,,Quinebaug River at Putnam,,"0","0",-71.9169307100,42.0691761880
"0","214",MFDC3SNE,-72.2848663330,-72.0205001831,41.7381515502,42.0392875671,NERFC,,BOX,SNE,MFDC3,,Willimantic R at Mansfield Hollow Dam,,"0","0",-72.1481553380,41.8826893760
"0","215",WLMC3SNE,-72.4539642333,-72.1436614990,41.6382484436,42.0646171569,NERFC,,BOX,SNE,WLMC3,,Shetucket River at Willimantic,,"0","0",-72.3104142140,41.8433607380
"0","217",NCRN6HUD,-73.8792199628,-73.4944244969,41.1448282962,41.5844033867,NERFC,,OKX,HUD,NCRN6,,Croton River at New Croton Reservoir,,"0","0",-73.6615183020,41.3491763400
"0","218",WBCN6HUD,-73.8275893747,-73.6745688593,41.3918419678,41.5423776007,NERFC,,OKX,HUD,WBCN6,,West Branch Croton at West Branch Rsvr,,"0","0",-73.7361902390,41.4690251060
"0","219",HOPR1SNE,-71.8507232666,-71.6527023315,41.4893455505,41.6816329956,NERFC,,BOX,SNE,HOPR1,,Wood River at Hope Valley,,"0","0",-71.7381004300,41.5864896530
"0","220",WODR1SNE,-71.6939849853,-71.4854660034,41.3989143371,41.6259727478,NERFC,,BOX,SNE,WODR1,,Pawcatuck at Wood River Junction,,"0","0",-71.5887538050,41.5072303360
"0","222",WSTR1SNE,-71.9331512451,-71.6462478637,41.3446159362,41.5584716796,NERFC,,BOX,SNE,WSTR1,,Pawcatuck at Westerly,,"0","0",-71.7827497570,41.4416131270
"0","223",BEAC3SNE,-73.2012252807,-72.9461975097,41.4342498779,41.7505187988,NERFC,,OKX,SNE,BEAC3,,Naugatuck River at Beacon Falls,,"0","0",-73.0642570500,41.5838102030
"0","224",TMSC3SNE,-73.2387619018,-73.0111389160,41.6638114416,41.9517173767,NERFC,,OKX,SNE,TMSC3,,Naugatuck River at Thomaston Dam,,"0","0",-73.1238816640,41.8106605870
"0","225",SOHN3MER,-71.7935104370,-71.4991018876,42.7838363647,42.9315299987,NERFC,,BOX,MER,SOHN3,,Souhegan River at Merrimack,,"0","0",-71.6526712100,42.8565142630
"0","226",ANDM3MER,-71.2795715332,-71.1122589111,42.5629582214,42.6758403595,NERFC,,BOX,MER,ANDM3,,Shawsheen River at Andover,,"0","0",-71.1935091080,42.6152135310
"0","227",MFDN3MER,-71.9194641113,-71.6959915161,42.6526184082,42.9392433166,NERFC,,BOX,MER,MFDN3,,Souhegan River at Milford,,"0","0",-71.8283490140,42.8131424400
"0","228",ATTN6GRL,-78.3789825439,-78.2046966552,42.6209754943,42.8647256624,NERFC,,BUF,GRL,ATTN6,,Tonawanda Creek at Attica,,"0","0",-78.2901187760,42.7516338690
"0","229",CVTC3SNE,-72.4004135109,-72.1831537747,41.7415120179,42.0649448954,NERFC,,BOX,SNE,CVTC3,,Willimantic River at Coventry,,"0","0",-72.2936788110,41.9247978250
"0","230",WLTM3SNE,-71.3296575112,-71.2036233773,42.2726197434,42.4496759694,NERFC,"01104500",BOX,SNE,WLTM3,,Charles River at Waltham,,"0","0",-71.2737027290,42.3684982650
"0","231",WELM3SNE,-71.2582511228,-71.1401373356,42.2161059672,42.3240263391,NERFC,"01104200",BOX,SNE,WELM3,,Charles River at Wellesley,,"0","0",-71.1958295980,42.2691895390
"0","232",LAKN3MER,-71.6057968139,-71.0774688720,43.3961944580,43.8284873962,NERFC,,GYX,MER,LAKN3,,Lake Winnepesaukee at Lakeport,,"0","0",-71.3155448710,43.6162526580
"0","233",STDM1ME,-70.8809127807,-70.4240036010,43.7346878051,44.3916816711,NERFC,,GYX,ME,STDM1,,Sebago Lake at Standish,,"0","0",-70.6479328950,44.0474449280
"0","237",WBKM1ME,-70.5757522583,-70.2917480468,43.6065750122,44.0183410644,NERFC,,GYX,ME,WBKM1,,Presumpscot River at Westbrook,,"0","0",-70.4379172300,43.7969657320
"0","238",DNSM3NEW,-71.8671035766,-71.5337524414,42.4120826720,42.6675148009,NERFC,,BOX,MER,DNSM3,,Nashua River at East Pepperell,,"0","0",-71.6886761830,42.5444363750
"0","239",WCLM3MER,-71.9533627846,-71.6608505248,42.3058662413,42.5254821776,NERFC,,BOX,MER,WCLM3,,Nashua River at Wachusett Reservoir,,"0","0",-71.8278606630,42.4021148900
"0","240",GEOV1TEST,-73.0795745864,-72.8019898038,44.4495811429,44.7620811452,NERFC,,BTV,LCH,GEOV1,,Lamoille River at East Georgia,,"0","0",-72.9488501760,44.5998901770
"0","241",JVLV1LCH,-72.8480828542,-72.4712524378,44.5521698016,44.8079185523,NERFC,,BTV,LCH,JVLV1,,Lamoille River at Jeffersonville,,"0","0",-72.6778591410,44.6932396880
"0","242",CFDM1ME,-68.2227898941,-67.8695751436,44.5918534818,45.0148882561,NERFC,,CAR,ME,CFDM1,,Narraguagas River at Cherryfield,,"0","0",-68.0632517420,44.7855501580
"0","243",NWFM1ME,-69.6288501190,-69.2817939997,44.1861595793,44.4957105153,NERFC,,GYX,ME,NWFM1,,Sheepscot River at North Whitefield,,"0","0",-69.4758253130,44.3470758710
"0","244",UTIN6HUD,-75.5720359650,-75.0134114846,42.8783062574,43.2821245744,NERFC,"02020004",ALY,HUD,UTIN6,f,Mohawk River near Utica,,"0","0",-75.3131705770,43.0966197130
