RFC_ID,NWS_loc_ID,MINLON,MAXLON,MINLAT,MAXLAT,NAME
WGRFC,ABIN5,-106.81708,-106.28792,35.99958,36.59542,ABIN5
WGRFC,TJBN5,-106.14625,-105.31708,36.24958,36.85375,TJBN5
WGRFC,CBBT2,-100.02958,-99.74625,27.59125,27.94125,CBBT2
WGRFC,MONN5,-107.83375,-107.44208,33.45792,33.89958,MONN5
WGRFC,DIXN5,-105.92958,-105.39625,35.97458,36.25792,DIXN5
WGRFC,MOGC2,-106.70458,-106.17125,37.02042,37.38292,MOGC2
WGRFC,DNRC2,-106.82958,-106.45875,37.54958,37.90375,DNRC2
WGRFC,MVTC2,-106.60042,-106.14625,37.44958,37.83292,MVTC2
WGRFC,ESPN5,-106.27125,-105.71292,35.99958,36.22042,ESPN5
WGRFC,OTWN5,-106.44625,-105.63375,35.71208,36.05792,OTWN5
WGRFC,CGRN5,-106.23375,-105.62958,35.20375,35.67042,CGRN5
WGRFC,DAYU,-105.80042,-105.21708,32.69958,33.17458,DAYN5U
WGRFC,CREN5,-108.17542,-107.16292,34.56208,35.39958,CREN5
WGRFC,ELVN5,-106.95458,-106.26292,36.56625,37.16625,ELVN5
WGRFC,TBCN5,-105.69208,-105.32958,36.17458,36.58292,TBCN5
WGRFC,LMDN5,-106.35042,-105.96292,36.33708,36.78708,LMDN5
WGRFC,GRTN5,-108.42125,-107.58792,35.04542,35.59542,GRTN5
WGRFC,RCAN5,-106.99625,-106.32958,36.11208,36.69958,RCAN5
WGRFC,COLN5,-105.55458,-104.78375,35.17458,35.80375,COLN5
WGRFC,ABQN5,-106.86708,-106.37958,35.07875,35.55792,ABQN5
WGRFC,SNAN5,-106.95875,-106.22542,34.15792,34.70375,SNAN5
WGRFC,BELN5,-106.92958,-106.27958,34.62458,35.16208,BELN5
WGRFC,SCAN5,-108.02958,-106.88375,34.00792,34.72042,SCAN5
WGRFC,RIPN5,-107.19208,-106.82542,35.58708,36.20375,RIPN5
WGRFC,EMBN5,-105.96708,-105.70458,36.18708,36.54958,EMBN5
WGRFC,GDLN5,-107.97125,-107.00875,35.25375,36.07875,GDLN5
WGRFC,CMTN5,-106.42958,-105.88375,35.99542,36.61208,CMTN5
WGRFC,JEZN5,-106.87125,-106.39208,35.64958,36.11625,JEZN5
WGRFC,PUEN5,-105.70458,-104.43375,34.63708,35.14958,PUEN5
WGRFC,PRBU,-104.40042,-103.76292,30.09958,30.59958,PRBT2U
WGRFC,LAKN5,-104.87542,-104.04625,34.59542,34.98292,LAKN5
WGRFC,DARN5,-105.85042,-104.84625,33.16625,33.64542,DARN5
WGRFC,RRRN5,-104.97125,-104.72125,33.21208,33.37042,RRRN5
WGRFC,COCN5,-106.50458,-105.75458,35.48708,35.88708,COCN5
WGRFC,BERN5,-107.06292,-106.52958,35.35375,35.81208,BERN5
WGRFC,SFPN5,-106.62958,-106.15042,34.99958,35.80375,SFPN5
WGRFC,ATCN5,-105.80875,-105.10042,35.14125,35.98292,ATCN5
WGRFC,CORN5,-107.39625,-106.84625,34.71625,35.60375,CORN5
WGRFC,TNGU,-103.92542,-103.55875,29.71208,30.14125,TNGT2U
WGRFC,HGMN5,-105.63792,-104.33792,32.92042,33.28708,HGMN5
WGRFC,DAYN5,-105.65875,-104.41292,32.66208,32.90792,DAYN5
WGRFC,LATN5,-105.32125,-103.62958,32.92458,33.96625,LATN5
WGRFC,LKWN5,-105.31708,-104.36708,32.49542,32.76208,LKWN5
WGRFC,SMFN5,-107.19208,-106.63375,33.64958,34.29125,SMFN5
WGRFC,SRLN5,-105.76708,-104.55875,34.99958,35.42458,SRLN5
WGRFC,BNDN5,-107.31708,-106.82542,34.36208,34.91625,BNDN5
WGRFC,SARN5,-104.95458,-104.65875,34.91625,35.04958,SARN5
WGRFC,EBDN5,-107.62125,-106.72542,33.02042,34.09125,EBDN5
WGRFC,DACN5,-104.87125,-104.22125,32.04125,32.46208,DACN5
WGRFC,MLAN5,-104.80458,-104.15042,31.94958,32.26208,MLAN5
WGRFC,NCA2,-103.72125,-101.30042,32.93292,34.51208,NCA2
WGRFC,LNY2,-102.86292,-102.40042,30.19958,30.36208,LNYT22
WGRFC,ACMU,-105.37125,-103.59208,34.16625,34.90375,ACMN5U
WGRFC,LNY4,-103.16292,-102.73792,30.22458,30.44542,LNYT24
WGRFC,ACMM,-104.85458,-103.77958,33.82042,34.31208,ACMN5M
WGRFC,ACMN5,-105.36292,-104.16708,33.47875,34.02458,ACMN5
WGRFC,PRBT2,-104.36292,-103.67125,29.54958,30.29125,PRBT2
WGRFC,SFIU,-102.53792,-102.13375,30.48292,30.77875,SFIT2U
WGRFC,CBLN5,-105.25042,-104.13792,32.56625,33.09125,CBLN5
WGRFC,CRBN5,-104.97125,-104.37125,32.22042,32.51208,CRBN5
WGRFC,CBLU,-105.12125,-104.36708,32.35792,32.67042,CBLN5U
WGRFC,DYN2,-102.93792,-102.57542,30.09542,30.23292,DYNT22
WGRFC,DYN8,-103.54208,-103.12125,29.86208,30.36625,DYNT28
WGRFC,SPCX,-104.64625,-102.12542,30.24125,32.79125,SPCT2X
WGRFC,LHPT2,-101.24625,-101.04625,32.90792,33.10792,LHPT2
WGRFC,NCA5,-104.43375,-103.48792,32.20375,33.01208,NCA5
WGRFC,RDBN5,-104.87958,-104.05042,31.54958,32.05792,RDBN5
WGRFC,DYN5,-103.25042,-102.77542,29.90792,30.40375,DYNT25
WGRFC,RBFN5,-104.48792,-103.81292,31.96208,32.25792,RBFN5
WGRFC,RLAT2,-104.16292,-103.79208,31.85375,32.22042,RLAT2
WGRFC,LNY3,-102.76708,-101.93375,30.25375,30.49958,LNYT23
WGRFC,JNX2,-101.25458,-100.75458,30.61625,31.05375,JNXT22
WGRFC,PDA3,-101.65875,-101.24625,30.59125,31.14542,PDAT23
WGRFC,SPCU,-103.00875,-102.37958,30.36625,30.93292,SPCT2U
WGRFC,TGAT2,-104.65875,-103.67958,28.87042,29.69958,TGAT2
WGRFC,DYN7,-103.71292,-103.00458,29.42458,30.28292,DYNT27
WGRFC,NCA1,-103.61292,-101.00458,33.44958,34.68708,NCA1
WGRFC,LSWT2,-100.37125,-100.19625,32.24958,32.44958,LSWT2
WGRFC,SPCT2,-102.47958,-101.72125,30.58708,31.46208,SPCT2
WGRFC,TNGT2,-103.91292,-103.28792,29.19958,29.91625,TNGT2
WGRFC,JTBT2,-101.66708,-101.18792,32.90375,33.14125,JTBT2
WGRFC,JNX6,-101.36292,-101.10042,30.51625,30.99958,JNXT26
WGRFC,JNX3,-101.36292,-101.08375,30.29958,30.59542,JNXT23
WGRFC,TELT2,-104.18792,-103.30042,28.58292,29.32042,TELT2
WGRFC,PEKU,-101.43792,-100.93375,33.16625,33.52458,PEKT2U
WGRFC,ROYT2,-100.78792,-100.38792,32.54542,32.86625,ROYT2
WGRFC,GRDT2,-101.12125,-100.63375,33.24542,33.81625,GRDT2
WGRFC,AMTU,-101.77958,-100.81292,32.87458,33.55792,AMTT2U
WGRFC,JNX5,-100.78375,-100.47958,30.43292,30.96625,JNXT25
WGRFC,BOQU,-103.84625,-102.60458,27.42458,29.18292,BOQT2U
WGRFC,DYN6,-103.14625,-102.75458,29.45375,29.96625,DYNT26
WGRFC,BOQM,-103.40875,-102.95875,29.19542,29.52458,BOQT2M
WGRFC,LNY5,-102.43375,-101.98375,30.07875,30.34542,LNYT25
WGRFC,JNX1,-101.12958,-100.73375,30.35792,30.71625,JNXT21
WGRFC,AMTT2,-101.00042,-100.15875,32.69958,33.12458,AMTT2
WGRFC,DYN9,-102.59208,-102.30458,29.89125,30.15375,DYNT29
WGRFC,BOQT2,-103.32125,-102.52125,27.99542,29.29958,BOQT2
WGRFC,DYN4,-102.81708,-102.43375,29.77875,30.02458,DYNT24
WGRFC,JNX4,-100.92958,-100.45042,30.21208,30.63292,JNXT24
WGRFC,HWLT2,-100.69208,-99.81708,32.22042,32.84958,HWLT2
WGRFC,PEKT2,-101.04208,-100.37542,33.00792,33.53708,PEKT2
WGRFC,JATT2,-100.85875,-100.42125,33.21625,33.74958,JATT2
WGRFC,HECT2,-103.01708,-102.48375,28.61208,29.50792,HECT2
WGRFC,NGTT2,-100.22125,-99.63792,32.27875,32.73708,NGTT2
WGRFC,JNXT2,-101.36292,-100.65458,29.91208,30.39958,JNXT2
WGRFC,DYN1,-102.63792,-102.12542,29.86208,30.25375,DYNT21
WGRFC,DYN3,-102.97958,-102.32958,29.80375,30.17042,DYNT23
WGRFC,ARTT2,-100.57542,-100.22125,33.19125,33.48708,ARTT2
WGRFC,DYNT2,-102.95458,-102.10875,29.32458,29.99125,DYNT2
WGRFC,LSFT2,-100.05458,-99.55458,32.92042,33.21625,LSFT2
WGRFC,HAWT2,-100.18792,-99.55042,32.19542,32.62042,HAWT2
WGRFC,APMT2,-100.41708,-100.17958,33.09958,33.26208,APMT2
WGRFC,LNY1,-102.23792,-101.70875,29.82042,30.31625,LNYT21
WGRFC,CMKU,-101.20042,-100.73375,29.81208,30.19542,CMKT2U
WGRFC,BTVT2,-100.56292,-100.09208,29.45792,30.12875,BTVT2
WGRFC,CTKT2,-100.92958,-100.40458,29.86625,30.27875,CTKT2
WGRFC,MRGTP,-99.91708,-98.72958,25.50792,26.30792,MRGTP
WGRFC,FALT2,-99.42958,-98.82958,26.52875,27.34958,FALT2
WGRFC,CMRTP,-100.19208,-99.15042,26.07458,26.63708,CMRTP
WGRFC,CMGTP,-98.97542,-98.80042,25.89542,26.34542,CMGTP
WGRFC,RGDT2,-99.33792,-98.81708,26.23292,26.64125,RGDT2
WGRFC,FCTT2,-98.12958,-97.87125,28.99958,29.37042,FCTT2
WGRFC,SELT2,-98.89208,-98.29208,29.56625,29.86208,SELT2
WGRFC,HEIT2,-98.36708,-98.16708,29.41625,29.56625,HEIT2
WGRFC,SUPT2,-98.33792,-97.96708,29.25375,29.64542,SUPT2
WGRFC,ELMT2,-98.61292,-98.34208,29.16625,29.61208,ELMT2
WGRFC,FLVT2,-98.42125,-98.11292,29.07042,29.42458,FLVT2
WGRFC,FACT2,-98.25042,-98.05458,28.91208,29.18708,FACT2
WGRFC,CLDT4,-95.52125,-95.27542,30.51625,30.70375,CLDT24
WGRFC,CLDT2,-95.42958,-95.13375,30.55375,30.75792,CLDT22
WGRFC,CLDT3,-95.32958,-95.17125,30.41625,30.60375,CLDT23
WGRFC,CLDT1,-95.26292,-95.07958,30.33292,30.60375,CLDT21
WGRFC,NCET2,-95.15875,-95.06708,30.14125,30.34958,NCET2
WGRFC,TBSC2,-105.54208,-105.13375,37.25792,37.65375,TBSC2
WGRFC,RGTC2,-106.70458,-105.44208,37.11625,37.61625,RGTC2
WGRFC,LSSC2,-106.29208,-105.75875,36.98292,37.33292,LSSC2
WGRFC,LOBC2,-105.83792,-105.15458,36.95792,37.40792,LOBC2
WGRFC,TMBT2,-95.97958,-95.63375,30.06625,30.29542,TMBT2
WGRFC,KHOT2,-95.97958,-95.79208,29.87875,30.12042,KHOT2
WGRFC,CCGT2,-95.89208,-95.59208,29.92458,30.07875,CCGT2
WGRFC,PTET2,-95.44208,-95.28375,30.07042,30.22042,PTET2
WGRFC,WFDT2,-95.65875,-95.42125,29.95375,30.09125,WFDT2
WGRFC,HMMT2,-95.46292,-95.24625,29.99125,30.17042,HMMT2
WGRFC,HGTT2,-95.66292,-95.39208,29.76625,29.94958,HGTT2
WGRFC,HGBT2,-95.59625,-95.40458,29.93292,30.00792,HGBT2
WGRFC,BBST2,-95.56708,-95.40458,29.72042,29.84542,BBST2
WGRFC,KXCT2,-100.57542,-100.06708,33.30375,33.57042,KXCT2
WGRFC,STFT2,-100.30875,-99.60042,32.69542,32.96625,STFT2
WGRFC,AMI2,-102.26292,-101.48792,29.29958,30.14958,AMIT22
WGRFC,DSBT2,-99.16292,-98.57958,32.09958,32.27875,DSBT2
WGRFC,CNCT2,-99.86708,-99.57125,29.47042,29.99958,CNCT2
WGRFC,SYMU,-100.30042,-99.90458,32.93292,33.50792,SYMT2U
WGRFC,SMKT2,-99.72958,-99.27125,33.15792,33.39542,SMKT2
WGRFC,LLET2,-99.15042,-98.67125,32.22458,32.47458,LLET2
WGRFC,CMKT2,-101.16708,-100.55875,29.63708,29.92042,CMKT2
WGRFC,BGET2,-99.23375,-98.87125,32.22042,32.67458,BGET2
WGRFC,ABYT2,-99.86708,-99.17542,32.38708,33.23292,ABYT2
WGRFC,HCRT2,-99.22125,-98.88792,32.57875,32.87042,HCRT2
WGRFC,LNYT2,-102.63792,-101.75042,28.94125,29.97042,LNYT2
WGRFC,LMGT2,-98.84208,-98.45042,33.09125,33.42042,LMGT2
WGRFC,WMBU,-98.70875,-98.24208,29.96625,30.17042,WMBT2U
WGRFC,ELVT2,-99.40458,-98.72958,32.47042,33.08292,ELVT2
WGRFC,SYMT2,-100.15875,-99.17958,33.17458,33.64125,SYMT2
WGRFC,DLLT2,-98.83792,-98.49208,32.15375,32.53708,DLLT2
WGRFC,ABAT2,-99.50875,-99.10875,32.23292,32.79542,ABAT2
WGRFC,BDAT2,-99.58375,-99.06292,29.66625,29.96208,BDAT2
WGRFC,HMLT2,-98.72958,-98.11708,31.61208,32.10792,HMLT2
WGRFC,SRGT2,-98.92958,-98.34208,29.79958,30.13292,SRGT2
WGRFC,AMIT2,-101.24208,-100.80042,29.37458,29.77042,AMIT2
WGRFC,MDLT2,-99.15458,-98.78375,29.53292,29.87875,MDLT2
WGRFC,PCTT2,-99.00042,-98.35875,31.86625,32.34958,PCTT2
WGRFC,SOUU,-99.57542,-98.82125,33.30375,33.59958,SOUT2U
WGRFC,UDET2,-99.91708,-99.62542,29.24542,29.77875,UDET2
WGRFC,DLRT2,-101.28792,-100.88375,29.27042,29.46625,DLRT2
WGRFC,PLOT2,-98.66708,-98.27125,32.59542,32.98708,PLOT2
WGRFC,SOUT2,-99.38792,-98.64208,32.90375,33.34542,SOUT2
WGRFC,AMI1,-102.24208,-101.13792,28.98292,29.94125,AMIT21
WGRFC,AMI3,-101.19208,-101.10042,29.39125,29.46625,AMIT23
WGRFC,HICT2,-98.39208,-98.03375,31.92458,32.35375,HICT2
WGRFC,EPP1,-100.96708,-100.68792,29.09542,29.49958,EPPT21
WGRFC,UVLT2,-100.32125,-99.80458,29.11625,29.61625,UVLT2
WGRFC,SMCT2,-98.42125,-98.17958,29.80792,29.98292,SMCT2
WGRFC,EPP5,-101.52125,-100.68375,28.85375,29.19958,EPPT25
WGRFC,VCSCL,-101.82125,-100.92542,28.93708,29.34542,VCSCL
WGRFC,PSMT2,-98.84208,-98.30042,32.53292,33.22458,PSMT2
WGRFC,SCRT2,-99.48792,-99.22125,29.28708,29.74125,SCRT2
WGRFC,KWHT2,-99.40042,-99.14625,29.38292,29.74958,KWHT2
WGRFC,SABT2,-99.66292,-99.44208,29.29542,29.87042,SABT2
WGRFC,SPPT2,-98.33375,-98.17542,32.36208,32.66208,SPPT2
WGRFC,EPP6,-101.73375,-100.64625,28.59542,29.03708,EPPT26
WGRFC,GAST2,-98.16708,-97.69208,31.35792,31.89542,GAST2
WGRFC,GGLT2,-98.25875,-97.70875,30.64958,30.92042,GGLT2
WGRFC,LPPT2,-98.72958,-98.23375,32.30792,32.72458,LPPT2
WGRFC,EPP3,-100.72958,-100.35042,29.13708,29.55375,EPPT23
WGRFC,EPP2,-100.85042,-100.42958,29.22875,29.83292,EPPT22
WGRFC,KEMT2,-98.56292,-98.00042,30.94125,31.61208,KEMT2
WGRFC,DNNT2,-98.21292,-97.86708,32.45375,33.02458,DNNT2
WGRFC,LACT2,-98.98792,-98.73792,29.28708,29.71625,LACT2
WGRFC,YOUT2,-98.29208,-97.69208,30.84958,31.18292,YOUT2
WGRFC,GLRT2,-97.76708,-97.54625,32.25792,32.55375,GLRT2
WGRFC,WMBT2,-98.32542,-98.07542,29.92875,30.12875,WMBT2
WGRFC,DNNU,-98.35042,-97.98792,32.64958,33.19958,DNNT2U
WGRFC,DBY3,-99.22125,-98.93375,29.34542,29.68292,DBYT23
WGRFC,PICT2,-98.56708,-97.83792,31.25792,31.72458,PICT2
WGRFC,ELNT2,-101.03792,-100.22125,28.25375,28.77458,ELNT2
WGRFC,CRFT2,-97.82542,-97.34625,31.54542,31.68708,CRFT2
WGRFC,ASR2,-100.25042,-99.87958,28.80375,29.33708,ASRT22
WGRFC,ELN1,-101.55042,-100.51708,28.21208,28.73708,ELNT21
WGRFC,LCLT2,-97.57542,-97.40458,32.27458,32.49542,LCLT2
WGRFC,GETT2,-98.18375,-97.69208,30.59125,30.75792,GETT2
WGRFC,EPPT2,-100.87125,-100.30875,28.71208,29.49542,EPPT2
WGRFC,GEOT2,-97.84625,-97.66292,30.61208,30.68292,GEOT2
WGRFC,BUMT2,-97.51292,-97.27125,32.12458,32.47458,BUMT2
WGRFC,ASR1,-99.95875,-99.68792,28.70792,29.15792,ASRT21
WGRFC,BLNT2,-98.06292,-97.33792,31.07042,31.64125,BLNT2
WGRFC,KYET2,-98.11292,-97.89208,29.94542,30.07458,KYET2
WGRFC,ASR4,-100.41292,-100.12542,28.81625,29.40375,ASRT24
WGRFC,GBYT2,-98.14625,-97.65042,32.35375,32.80375,GBYT2
WGRFC,DBY2,-99.73792,-99.33375,29.06208,29.58292,DBYT22
WGRFC,CTNT2,-98.20458,-97.53375,31.75375,32.19125,CTNT2
WGRFC,ALAT2,-97.33792,-97.05458,31.89542,32.24958,ALAT2
WGRFC,STIT2,-97.76292,-97.52125,30.93708,31.07875,STIT2
WGRFC,SEGT2,-98.14208,-97.97125,29.52042,29.69542,SEGT2
WGRFC,LWFT2,-97.92125,-97.65875,32.75792,32.99958,LWFT2
WGRFC,DBY4,-99.40042,-98.98375,29.01625,29.44125,DBYT24
WGRFC,VMAT2,-97.92542,-97.46292,31.62875,31.82042,VMAT2
WGRFC,GROT2,-98.29625,-97.73375,32.10792,32.46208,GROT2
WGRFC,BOYT2,-97.85042,-97.52958,32.96625,33.33292,BOYT2
WGRFC,BNBT2,-97.73375,-97.39208,32.45375,32.68292,BNBT2
WGRFC,FLWT2,-97.70042,-97.40042,32.73708,32.88292,FLWT2
WGRFC,RRLT2,-97.33375,-96.68792,33.34125,33.71625,RRLT2
WGRFC,DCJT2,-97.82958,-97.28792,33.11208,33.65375,DCJT2
WGRFC,BPRT2,-98.22125,-97.81708,32.98292,33.43708,BPRT2
WGRFC,ADOT2,-97.88792,-97.54625,32.63292,32.89125,ADOT2
WGRFC,BRPT2,-98.07958,-97.59625,33.22042,33.59958,BRPT2
WGRFC,GLLT2,-97.56708,-97.14625,33.56625,33.73292,GLLT2
WGRFC,GPET2,-97.12958,-96.91292,32.63292,32.74958,GPET2
WGRFC,BDWT2,-97.00875,-96.61292,32.24958,32.55375,BDWT2
WGRFC,DAWT2,-97.10042,-96.68375,31.79542,32.19125,DAWT2
WGRFC,EAMT2,-97.77125,-97.40042,32.85792,33.15375,EAMT2
WGRFC,SGET2,-97.63375,-97.16708,33.30792,33.69125,SGET2
WGRFC,FWHT2,-97.63792,-97.32958,32.63708,32.80375,FWHT2
WGRFC,FWOT2,-97.46708,-97.32542,32.72042,32.80792,FWOT2
WGRFC,TRN2,-96.42958,-96.18375,32.44958,32.94542,TRNT22
WGRFC,TRN1,-96.21292,-95.90042,32.47042,32.79958,TRNT21
WGRFC,FFLU,-96.84208,-96.42125,31.71208,32.11208,FFLT2U
WGRFC,LOL3,-95.92958,-95.68792,31.90375,32.21625,LOLT23
WGRFC,JPLT2,-97.27125,-96.95042,32.39958,32.65375,JPLT2
WGRFC,LEWT2,-97.25042,-96.71708,33.06208,33.49542,LEWT2
WGRFC,RCEU,-97.34208,-96.92125,32.15375,32.45375,RCET2U
WGRFC,CART2,-97.13375,-96.82125,32.91625,33.08292,CART2
WGRFC,LOL2,-96.54625,-96.04208,31.62458,31.94125,LOLT22
WGRFC,LOLT2,-96.21708,-95.62542,31.61625,32.07042,LOLT2
WGRFC,MDST2,-96.15875,-95.77125,30.73708,31.13708,MDST2
WGRFC,CRKU,-96.24208,-95.51708,31.34542,31.74125,CRKT2U
WGRFC,CRKT2,-95.72542,-95.34625,31.28708,31.59542,CRKT2
WGRFC,LVD1,-96.15042,-95.49208,30.95792,31.39125,LVDT21
WGRFC,FRHT2,-96.78792,-96.36708,32.79958,33.20375,FRHT2
WGRFC,RCET2,-97.06708,-96.51292,32.05792,32.34958,RCET2
WGRFC,LBYT2,-94.97958,-94.63792,30.05375,30.48292,LBYT2
WGRFC,MBFT2,-94.92542,-94.63375,29.89958,30.14542,MBFT2
WGRFC,ASRT2,-100.09208,-99.67542,28.27458,28.86625,ASRT2
WGRFC,TNLU,-99.07542,-98.82542,28.80375,29.38292,TNLT2U
WGRFC,PLFU,-100.35458,-99.88375,27.58708,27.92875,PLFT2U
WGRFC,AQIT2,-97.25458,-97.04625,31.84125,31.97875,AQIT2
WGRFC,FFLT2,-96.68792,-96.13375,31.83708,32.31625,FFLT2
WGRFC,PLFT2,-101.03792,-99.76708,27.78708,28.54542,PLFT2
WGRFC,RKDU,-97.91708,-97.34625,30.42042,30.60375,RKDT2U
WGRFC,LRIN,-97.81292,-97.34208,30.99958,31.16625,LRIT2N
WGRFC,ACTT2,-97.50042,-97.17125,31.34542,31.70792,ACTT2
WGRFC,GNGT2,-97.93792,-97.29208,30.58292,30.88708,GNGT2
WGRFC,DBYT2,-99.55458,-99.04208,28.69125,29.17875,DBYT2
WGRFC,LVD2,-95.54625,-95.17542,30.95375,31.35792,LVDT22
WGRFC,LLGU,-98.15042,-97.73375,29.72458,29.97875,LLGT2U
WGRFC,LULU,-97.90875,-97.59208,29.86208,30.08708,LULT2U
WGRFC,COTU,-99.93375,-99.46708,28.04125,28.41625,COTT2U
WGRFC,GRST2,-96.89625,-96.51292,31.54125,31.80375,GRST2
WGRFC,COTT2,-99.76708,-99.23375,28.25792,28.91208,COTT2
WGRFC,RVRT2,-96.00042,-95.35875,30.64542,31.08292,RVRT2
WGRFC,CAAN5,-107.87542,-107.15458,32.84542,33.52042,CAAN5
WGRFC,RHBN5,-107.77542,-106.86292,32.51208,32.95375,RHBN5
WGRFC,LBDN5,-107.18792,-106.88375,32.39125,32.61208,LBDN5
WGRFC,EPRT2,-107.08792,-106.49208,31.74958,32.52458,EPRT2
WGRFC,FQGT2,-106.60042,-105.32125,30.79958,32.16208,FQGT2
WGRFC,CDET2,-105.73375,-104.64208,30.09542,31.32042,CDET2
WGRFC,LFKU,-95.94625,-95.57125,32.86625,33.14958,LFKT2U
WGRFC,FEST2,-96.43792,-96.23375,31.50375,31.68708,FEST2
WGRFC,WBAT2,-97.55458,-97.05875,31.48292,31.92875,WBAT2
WGRFC,LDOU,-100.00042,-99.58792,27.45375,27.62458,LDOT2U
WGRFC,FAL3,-99.96708,-99.45875,26.97458,27.47875,FALT23
WGRFC,LLGT2,-98.11708,-97.65875,29.60375,29.86625,LLGT2
WGRFC,LFKT2,-95.70458,-95.35042,32.77458,33.07875,LFKT2
WGRFC,GNLU,-98.11292,-97.75042,29.42042,29.81625,GNLT2U
WGRFC,LDOT2,-99.85042,-99.42958,27.47042,28.09958,LDOT2
WGRFC,QTMT2,-95.58375,-95.35875,32.72875,32.94542,QTMT2
WGRFC,MLAT2,-95.82542,-95.47542,32.47458,32.77875,MLAT2
WGRFC,RKDT2,-97.57542,-97.02958,30.40375,30.69958,RKDT2
WGRFC,LULT2,-97.87125,-97.45458,29.69542,29.96625,LULT2
WGRFC,KLGT2,-95.05042,-94.89208,32.24542,32.39542,KLGT2
WGRFC,LLST2,-96.66292,-96.18375,31.29958,31.72042,LLST2
WGRFC,JKST2,-95.36708,-95.01292,31.96625,32.36625,JKST2
WGRFC,LPTT2,-95.92125,-95.24208,32.04542,32.54125,LPTT2
WGRFC,SKCT2,-95.08375,-94.87125,31.92042,32.26208,SKCT2
WGRFC,TIDU,-99.55458,-98.85458,28.31208,28.86208,TIDT2U
WGRFC,FAL1,-99.84208,-98.96292,26.88292,27.73292,FALT21
WGRFC,DMYT2,-97.31708,-96.90458,30.31208,30.56625,DMYT2
WGRFC,BRYT2,-96.37125,-96.10458,30.85375,31.07458,BRYT2
WGRFC,TNLT2,-99.00458,-98.54208,28.55792,28.98292,TNLT2
WGRFC,HIBT2,-97.36708,-96.62542,31.10792,31.90375,HIBT2
WGRFC,TIL4,-99.00875,-98.63792,27.52875,27.99958,TILT24
WGRFC,BSNT2,-95.38375,-95.07542,32.59542,32.97875,BSNT2
WGRFC,CUST2,-94.80875,-94.62125,31.75375,31.99958,CUST2
WGRFC,LMTT2,-94.76292,-94.51292,32.07875,32.31208,LMTT2
WGRFC,EAST2,-96.66708,-96.23375,31.16625,31.47042,EAST2
WGRFC,TIDT2,-98.92125,-98.54208,28.32875,28.69958,TIDT2
WGRFC,LCRT2,-94.92958,-94.59625,32.16625,32.39125,LCRT2
WGRFC,DEYT2,-97.11292,-96.78375,30.37875,30.67875,DEYT2
WGRFC,NCST2,-95.70875,-95.27542,31.85792,32.14958,NCST2
WGRFC,TIL5,-99.54208,-99.04208,27.71625,28.13292,TILT25
WGRFC,GNLM,-97.82542,-97.45042,29.42875,29.64958,GNLT2M
WGRFC,NGET2,-96.61292,-96.12125,30.96625,31.37042,NGET2
WGRFC,GNLT2,-97.77958,-97.43375,29.47875,29.85792,GNLT2
WGRFC,BBZT2,-96.89625,-96.52958,30.57458,30.87042,BBZT2
WGRFC,TILT2,-98.90042,-98.48792,27.79958,28.35792,TILT2
WGRFC,LMVT2,-94.68792,-94.40458,31.95375,32.12458,LMVT2
WGRFC,GDWT2,-95.28792,-94.89625,32.32042,32.70375,GDWT2
WGRFC,VJUT2,-97.36708,-96.58375,30.71208,31.40792,VJUT2
WGRFC,ALOU,-94.95042,-94.66708,31.87875,32.21208,ALOT2U
WGRFC,DLWT2,-97.51708,-97.08375,29.48708,29.90792,DLWT2
WGRFC,RUGT2,-98.00458,-97.66708,28.92042,29.44542,RUGT2
WGRFC,GLIU,-98.14208,-97.68375,28.73708,29.24958,GLIT2U
WGRFC,LONT2,-95.10875,-94.70042,32.30792,32.62458,LONT2
WGRFC,WHOU,-97.92125,-97.53375,29.25792,29.48708,WHOT2U
WGRFC,LYNT2,-96.90458,-96.52542,30.38292,30.66208,LYNT2
WGRFC,BKL7,-94.33792,-94.07958,31.64125,31.84542,BKLT27
WGRFC,CGNT2,-96.11708,-95.90875,30.58292,30.75375,CGNT2
WGRFC,WBZU,-96.75458,-96.39625,30.64125,31.24958,WBZT2U
WGRFC,LCTTU,-95.85875,-95.47125,30.49125,30.76625,LCTT2U
WGRFC,CLGT2,-96.48375,-96.05458,30.59125,31.02458,CLGT2
WGRFC,BEKT2,-94.72542,-94.35042,32.29542,32.57875,BEKT2
WGRFC,ATBT2,-94.65875,-94.11292,31.49125,31.97458,ATBT2
WGRFC,ALOT2,-95.27958,-94.79208,31.67042,32.00375,ALOT2
WGRFC,ACET2,-98.63792,-98.06292,27.71208,27.99958,ACET2
WGRFC,ATOT2,-95.70458,-95.05458,31.40792,32.02042,ATOT2
WGRFC,HTST2,-97.19625,-96.91708,29.43292,29.64125,HTST2
WGRFC,CFKTU,-95.96708,-95.72542,30.29542,30.65792,CFKT2U
WGRFC,AYIT2,-94.21708,-94.05875,31.39125,31.61625,AYIT2
WGRFC,BKL9,-94.00875,-93.84208,31.97458,32.22458,BKLT29
WGRFC,BKL6,-94.42958,-94.00042,31.80792,31.97042,BKLT26
WGRFC,BKL1,-94.07542,-93.82125,31.34958,31.56208,BKLT21
WGRFC,SOMT2,-97.24625,-96.51292,30.12875,30.46625,SOMT2
WGRFC,BKL3,-94.13375,-93.82958,31.48292,31.70375,BKLT23
WGRFC,WHOM,-97.67958,-97.39625,29.24125,29.46208,WHOT2M
WGRFC,LPTU,-94.65875,-94.14625,32.08292,32.56625,LPTL1U
WGRFC,BKL5,-93.75042,-93.56708,31.71208,32.03708,BKLT25
WGRFC,BKL2,-93.66292,-93.36708,31.49125,31.67042,BKLT22
WGRFC,WHOT2,-97.84625,-97.41708,29.09542,29.29125,WHOT2
WGRFC,LPTL1,-94.49208,-93.97958,31.92042,32.43292,LPTL1
WGRFC,LUFT2,-95.04208,-94.67125,31.43292,31.76625,LUFT2
WGRFC,BKL8,-93.90458,-93.72125,31.90792,32.04125,BKLT28
WGRFC,AICT2,-98.40875,-98.02125,27.75792,28.00792,AICT2
WGRFC,BKL4,-93.67542,-93.44208,31.65792,31.87875,BKLT24
WGRFC,HPDT2,-96.51708,-95.90458,30.08708,30.42875,HPDT2
WGRFC,SBMT2,-97.12542,-96.73792,29.46208,29.82042,SBMT2
WGRFC,EDNU,-97.24208,-96.85042,29.32042,29.54542,EDNT2U
WGRFC,CUET2,-97.64625,-97.27542,29.03292,29.25375,CUET2
WGRFC,WBZT2,-96.67125,-96.15042,30.25375,30.77042,WBZT2
WGRFC,CFKT2,-95.57958,-95.45042,30.22042,30.39542,CFKT2
WGRFC,HBMT2,-95.67958,-95.40042,29.59958,29.74958,HBMT2
WGRFC,GBHT2,-95.43375,-95.30875,29.90375,30.02042,GBHT2
WGRFC,GBLT2,-95.48375,-95.20042,29.82458,30.00792,GBLT2
WGRFC,ADDT2,-95.87125,-95.60042,29.78292,29.94125,ADDT2
WGRFC,BAKT2,-95.94208,-95.64625,29.68708,29.88292,BAKT2
WGRFC,PPTT2,-95.65042,-95.52125,29.71625,29.88292,PPTT2
WGRFC,SPNTU,-95.91708,-95.59208,30.09958,30.36208,SPNT2U
WGRFC,SPNT2,-95.71292,-95.43375,30.03708,30.24542,SPNT2
WGRFC,CTDT2,-98.58375,-98.25875,28.40375,28.70792,CTDT2
WGRFC,SCDT2,-97.67958,-97.22125,28.79542,29.11208,SCDT2
WGRFC,HPDU,-96.37958,-95.92125,30.37042,30.70792,HPDT2U
WGRFC,CUEU,-97.46708,-97.20458,29.11208,29.57458,CUET2U
WGRFC,BKLU,-94.10875,-93.67125,31.54125,32.13708,BKLT2U
WGRFC,RPIL1,-93.45875,-93.15042,30.93708,31.39958,RPIL1
WGRFC,THEU,-98.35458,-97.97958,28.46208,28.85375,THET2U
WGRFC,DIBT2,-95.36708,-94.69625,31.07875,31.70792,DIBT2
WGRFC,LSNT2,-96.77542,-96.65875,29.04542,29.18292,LSNT2
WGRFC,CFKTM,-95.80042,-95.52125,30.21208,30.38292,CFKT2M
WGRFC,SDAT2,-95.51292,-95.29208,30.25375,30.57042,SDAT2
WGRFC,LCTT2,-95.80875,-95.46708,30.30792,30.59542,LCTT2
WGRFC,MADU,-99.04625,-98.59208,26.19542,26.95792,MADT2U
WGRFC,SPAT2,-96.92125,-96.66708,29.31625,29.51208,SPAT2
WGRFC,RMOM,-96.65875,-96.20458,29.83708,30.23292,RMOT2M
WGRFC,FAFT2,-98.92958,-98.13792,27.25375,27.69125,FAFT2
WGRFC,ROKT2,-95.25875,-94.37958,30.84125,31.34958,ROKT2
WGRFC,LTXB,-96.69625,-96.56292,28.97042,29.08708,LTXT2B
WGRFC,LTXT2,-96.60458,-96.40458,28.86625,29.15375,LTXT2
WGRFC,JSPU,-94.81292,-94.20042,31.13708,31.76208,JSPT2U
WGRFC,MADT2,-98.86292,-98.31292,25.70792,26.46208,MADT2
WGRFC,RMOU,-96.35042,-95.94208,29.81625,30.19958,RMOT2U
WGRFC,THET2,-98.65042,-98.17958,27.97458,28.48292,THET2
WGRFC,GNVT2,-96.24625,-96.05458,33.12875,33.32875,GNVT2
WGRFC,PNTU,-96.34208,-96.07958,32.94542,33.24125,PNTT2U
WGRFC,QLAT2,-96.39208,-96.24625,32.84125,33.10792,QLAT2
WGRFC,MRAT2,-96.85875,-96.67542,29.12458,29.39125,MRAT2
WGRFC,NCCT2,-93.95042,-93.77542,30.81208,31.08708,NCCT2
WGRFC,BWRT2,-93.83792,-93.31292,30.77042,31.10792,BWRT2
WGRFC,DWYU,-94.01292,-93.41292,30.53292,30.97458,DWYT2U
WGRFC,GNDT2,-96.53375,-96.32958,29.06625,29.49125,GNDT2
WGRFC,LMCT2,-96.42542,-96.29625,29.05792,29.27458,LMCT2
WGRFC,LTXA,-96.70875,-96.53792,29.02042,29.40375,LTXT2A
WGRFC,LRIS,-97.84208,-97.32125,30.78292,31.05375,LRIT2S
WGRFC,RSAT2,-97.42125,-97.00458,30.62042,30.79125,RSAT2
WGRFC,RLRT2,-97.60875,-96.96708,30.67458,31.08708,RLRT2
WGRFC,CMNT2,-97.08792,-96.86708,30.64542,30.86625,CMNT2
WGRFC,BACT2,-96.28375,-95.96292,28.97042,29.23708,BACT2
WGRFC,MRCT2,-96.07542,-95.92958,28.69958,29.00375,MRCT2
WGRFC,JNCT2,-100.05042,-99.67958,29.98708,30.54958,JNCT2
WGRFC,JJCT2,-99.77125,-99.46292,30.07042,30.44125,JJCT2
WGRFC,MLRU,-99.83375,-99.42958,30.41625,30.80792,MLRT2U
WGRFC,MJRT2,-99.57125,-99.22542,30.24125,30.59958,MJRT2
WGRFC,LFCT2,-99.07542,-98.81292,30.74125,30.98708,LFCT2
WGRFC,DRWT2,-98.29208,-97.97958,30.05792,30.22042,DRWT2
WGRFC,MNGT2,-97.68792,-97.54625,30.29958,30.47875,MNGT2
WGRFC,WWVT2,-97.76292,-97.61708,30.27458,30.46208,WWVT2
WGRFC,ATIT2,-98.02542,-97.68375,30.02458,30.25792,ATIT2
WGRFC,BCKT2,-97.77125,-97.27958,29.85375,30.14542,BCKT2
WGRFC,SMIT2,-97.37958,-97.14208,29.93708,30.23292,SMIT2
WGRFC,EGZT2,-97.37125,-97.22125,30.24125,30.42042,EGZT2
WGRFC,EGYT2,-97.64208,-97.35875,30.22875,30.49958,EGYT2
WGRFC,BRTU,-97.76292,-97.42958,30.09125,30.33292,BRTT2U
WGRFC,BRTT2,-97.47542,-97.21708,30.10375,30.35375,BRTT2
WGRFC,LGRT2,-97.06708,-96.78375,29.89958,30.18708,LGRT2
WGRFC,MLDT2,-97.26292,-97.04208,29.75792,29.91625,MLDT2
WGRFC,FBCT2,-96.91292,-96.52125,29.80792,30.18292,FBCT2
WGRFC,CBST2,-97.14625,-96.44625,29.67458,29.99542,CBST2
WGRFC,MACT2,-99.30042,-99.17958,30.70375,30.85792,MACT2
WGRFC,MWMT2,-99.21292,-99.08375,30.73292,30.88292,MWMT2
WGRFC,LHCT2,-99.05042,-98.77542,30.40792,30.71625,LHCT2
WGRFC,MLRT2,-99.54625,-99.10875,30.49542,30.84542,MLRT2
WGRFC,MBCT2,-99.27125,-98.98792,30.32875,30.64958,MBCT2
WGRFC,LLAU,-99.15875,-98.80458,30.57042,30.87458,LLAT2U
WGRFC,SMSC2,-106.15458,-105.81292,36.86208,37.17875,SMSC2
WGRFC,ORTC2,-106.52125,-106.06292,36.87875,37.11625,ORTC2
WGRFC,SAOC2,-106.35458,-106.01708,36.77042,37.01208,SAOC2
WGRFC,JCIT2,-99.50458,-99.24208,30.08708,30.26625,JCIT2
WGRFC,HNTT2,-99.69625,-99.30875,29.90375,30.16625,HNTT2
WGRFC,KRRT2,-99.32125,-99.15875,30.00375,30.18292,KRRT2
WGRFC,COMT2,-99.32125,-98.88792,29.84125,30.16625,COMT2
WGRFC,NBRT2,-98.29625,-98.08375,29.70792,29.93292,NBRT2
WGRFC,NBCT2,-98.35458,-98.12125,29.60375,29.81208,NBCT2
WGRFC,GBCT2,-98.14625,-98.05042,29.64542,29.74125,GBCT2
WGRFC,LKST2,-98.79625,-98.54625,29.32875,29.72458,LKST2
WGRFC,SMMT2,-98.85458,-98.57542,29.24958,29.52458,SMMT2
WGRFC,SAAT2,-98.79625,-98.46292,29.16625,29.38708,SAAT2
WGRFC,DALT2,-97.32542,-96.76292,32.67458,32.98708,DALT2
WGRFC,DWCT2,-96.84625,-96.66292,32.76625,33.13292,DWCT2
WGRFC,CNLT2,-96.77125,-96.40875,32.63708,33.03292,CNLT2
WGRFC,RSR22,-96.95875,-96.55042,32.53292,32.82875,RSRT22
WGRFC,RSRT1,-96.97542,-96.51292,32.36208,32.59125,RSRT21
WGRFC,RSRT2,-96.65042,-96.37125,32.42042,32.74958,RSRT2
WGRFC,LLAT2,-98.87958,-98.65458,30.61625,30.96208,LLAT2
WGRFC,BUDT2,-98.62125,-98.23375,30.72458,31.08708,BUDT2
WGRFC,MSD23,-98.73792,-98.26292,30.59542,30.96208,MSDT23
WGRFC,KNLT2,-98.98792,-98.45875,30.37458,30.63292,KNLT2
WGRFC,JOCT2,-98.95458,-98.39208,30.10792,30.44125,JOCT2
WGRFC,MSD21,-98.48375,-98.15875,30.13292,30.38292,MSDT21
WGRFC,MSDT2,-98.45042,-97.82542,30.24958,30.67875,MSDT2
WGRFC,ABTT2,-98.18375,-97.80042,30.19125,30.32458,ABTT2
WGRFC,ACRT2,-97.97125,-97.68792,30.19958,30.45792,ACRT2
WGRFC,MSD22,-98.52125,-98.06292,30.42042,30.82042,MSDT22
WGRFC,RYET2,-94.89208,-94.66292,30.44125,30.79542,RYET2
WGRFC,RMYT2,-95.14625,-94.77958,30.39542,30.66625,RMYT2
WGRFC,LIVT2,-94.99208,-94.78792,30.71208,30.95375,LIVT2
WGRFC,LVDT2,-95.40458,-94.96708,30.56625,31.12875,LVDT2
WGRFC,GRIT2,-95.10458,-94.85875,30.53292,30.80375,GRIT2
WGRFC,BVWT2,-96.61292,-96.45458,33.29125,33.51625,BVWT2
WGRFC,MCKT2,-96.75042,-96.52542,33.18708,33.53708,MCKT2
WGRFC,LVNU,-96.78375,-96.62125,33.15375,33.32458,LVNT2U
WGRFC,LVNT2,-96.66708,-96.21708,33.01625,33.52042,LVNT2
WGRFC,LLNCH,-107.75042,-104.55875,26.09125,29.13292,LLNCH
WGRFC,CPCCH,-105.46292,-104.62542,28.34958,29.88708,CPCCH
WGRFC,PIOT2,-104.87542,-104.32542,29.58708,30.44125,PIOT2
WGRFC,PRFT2,-104.47542,-104.21708,29.58708,30.12458,PRFT2
WGRFC,ONGCH,-105.15042,-104.37125,29.22458,29.97458,ONGCH
WGRFC,PRST2,-104.51292,-104.35042,29.52875,29.66625,PRST2
WGRFC,VSCCL,-102.52958,-100.77542,27.65375,29.05792,VSCCL
WGRFC,VSCCU,-102.71292,-100.55458,26.40792,27.94958,VSCCLU
WGRFC,RDSNL,-101.04625,-100.07958,26.56625,27.67042,RDSNL
WGRFC,LSTTU,-101.56292,-99.56708,26.08708,26.84125,LSTTPU
WGRFC,LSTTP,-100.72542,-99.53375,26.68708,27.94958,LSTTP
WGRFC,FAL2,-99.62542,-99.29625,26.62042,26.90375,FALT22
WGRFC,ICMNL,-101.75458,-100.52542,25.09542,26.43292,ICMNL
WGRFC,HERNL,-100.92958,-99.38792,25.49125,26.33292,HERNL
WGRFC,CCHNL,-100.68375,-99.21292,24.84125,25.73708,CCHNL
WGRFC,PDAT2,-101.94625,-101.55042,30.02458,30.62875,PDAT2
WGRFC,SACT2,-98.65042,-98.35042,29.35375,29.73708,SACT2
WGRFC,MCGT2,-97.78792,-97.35875,31.43292,31.63708,MCGT2
WGRFC,ASR3,-100.40875,-99.85458,28.48708,29.07458,ASRT23
WGRFC,WTYT2,-97.97125,-97.27125,31.82042,32.42042,WTYT2
WGRFC,LEWU,-97.40458,-97.08375,33.07042,33.37458,LEWT2U
WGRFC,LART2,-97.41292,-97.18375,32.44125,32.74542,LART2
WGRFC,GPVT2,-97.55875,-97.03792,32.92875,33.21208,GPVT2
WGRFC,JAKT2,-98.74208,-98.01708,33.16208,33.55792,JAKT2
WGRFC,WHAT2,-96.49625,-96.10042,29.27458,29.64125,WHAT2
WGRFC,BACU,-96.36292,-96.00875,29.11625,29.34958,BACT2U
WGRFC,SRCT2,-101.60042,-100.92125,31.72875,32.14125,SRCT2
WGRFC,IRAT2,-101.15042,-100.98792,32.54542,32.78292,IRAT2
WGRFC,CCRT2,-100.87125,-100.48792,32.26625,32.57042,CCRT2
WGRFC,BSKT2,-102.03792,-101.40042,31.83292,32.64542,BSKT2
WGRFC,WBRT2,-101.53375,-101.00042,31.97458,32.45375,WBRT2
WGRFC,CLRT2,-101.52958,-100.89625,32.30375,32.49958,CLRT2
WGRFC,CHVT2,-100.75875,-100.30875,30.84125,31.20375,CHVT2
WGRFC,DEET2,-101.17958,-100.78375,32.59542,32.95375,DEET2
WGRFC,JBTT2,-102.17125,-101.06708,32.45792,33.04542,JBTT2
WGRFC,SGOT2,-100.47542,-100.26708,31.08292,31.29125,SGOT2
WGRFC,CLBT2,-101.40875,-100.62542,31.53292,31.92875,CLBT2
WGRFC,BLKT2,-100.53375,-100.22542,31.99542,32.31208,BLKT2
WGRFC,CDCT2,-101.36708,-100.74625,32.40375,32.70792,CDCT2
WGRFC,MNRU,-100.62125,-100.06292,30.60792,31.08708,MNRT2U
WGRFC,SILT2,-101.15042,-100.50458,31.90375,32.56208,SILT2
WGRFC,JNCU,-100.48792,-99.91292,30.00792,30.34125,JNCT2U
WGRFC,SAGT2,-100.70458,-100.45042,31.42458,31.82042,SAGT2
WGRFC,TKST2,-101.12958,-100.70875,31.19958,31.59958,TKST2
WGRFC,KNBT2,-100.95042,-100.60042,30.93292,31.27875,KNBT2
WGRFC,TKLT2,-101.25875,-100.63792,30.99542,31.38708,TKLT2
WGRFC,LKCT2,-99.85875,-99.49625,31.90792,32.26625,LKCT2
WGRFC,EVST2,-100.82542,-100.38792,31.78708,32.17875,EVST2
WGRFC,SCCT2,-100.54625,-100.37542,31.30375,31.59958,SCCT2
WGRFC,JCTU,-100.50042,-100.07125,30.27042,30.64958,JCTT2U
WGRFC,BCRT2,-100.07125,-99.36708,31.00792,31.28708,BCRT2
WGRFC,MNRT2,-100.25042,-99.76708,30.70792,31.09542,MNRT2
WGRFC,TBRT2,-100.75875,-100.42542,31.15792,31.54542,TBRT2
WGRFC,BAMT2,-100.09208,-99.69208,31.74125,32.20792,BAMT2
WGRFC,PRKM,-100.29625,-99.88375,31.04542,31.50375,PRKT2M
WGRFC,BLIU,-100.54625,-100.20458,31.69958,32.02458,BLIT2U
WGRFC,JCTT2,-100.25458,-99.77542,30.29958,30.74125,JCTT2
WGRFC,OHIU,-100.02958,-99.67125,31.27458,31.89958,OHIT2U
WGRFC,BLIM,-100.26708,-100.00458,31.72458,32.28292,BLIT2M
WGRFC,BLIT2,-100.39208,-100.00042,31.62458,32.11208,BLIT2
WGRFC,PRKU,-100.42958,-100.02542,31.16625,31.52042,PRKT2U
WGRFC,CUTT2,-99.68375,-99.11708,31.91625,32.42458,CUTT2
WGRFC,STYT2,-99.86708,-99.56708,31.26208,31.53708,STYT2
WGRFC,PRKT2,-100.46292,-99.91292,31.30375,31.70792,PRKT2
WGRFC,BSST2,-99.82125,-99.26708,30.72042,31.07042,BSST2
WGRFC,FRBT2,-99.34208,-98.87125,30.08292,30.39958,FRBT2
WGRFC,WCHT2,-99.69208,-99.12542,31.20375,31.72458,WCHT2
WGRFC,BWDT2,-99.03792,-98.81292,31.73292,31.94958,BWDT2
WGRFC,LBWU,-99.70042,-99.20042,31.76208,32.11208,LBWT2U
WGRFC,OHIT2,-99.77125,-99.57542,31.49958,31.82875,OHIT2
WGRFC,MLIT2,-99.08375,-98.60042,31.47458,31.87875,MLIT2
WGRFC,LBWT2,-99.32542,-98.87542,31.72458,32.18708,LBWT2
WGRFC,SSBT2,-99.16708,-98.71708,31.01208,31.32875,SSBT2
WGRFC,WCHU,-99.62958,-99.13792,31.45792,31.81208,WCHT2U
WGRFC,SSBU,-99.40042,-98.86708,30.83708,31.25792,SSBT2U
WGRFC,SNBU,-99.22125,-98.82542,31.22875,31.73292,SNBT2U
WGRFC,SNBT2,-98.91708,-98.47125,31.07042,31.64542,SNBT2
WGRFC,BUDU,-98.87542,-98.34625,30.90792,31.34542,BUDT2U
WGRFC,LGRU,-97.28792,-96.96708,29.88292,30.21625,LGRT2U
WGRFC,WHAU,-96.74208,-96.37958,29.49125,29.75375,WHAT2U
WGRFC,NCA3,-103.85875,-101.59625,31.57042,33.59542,NCA3
WGRFC,NCA4,-102.18375,-101.03792,31.03292,31.83292,NCA4
WGRFC,BKLT2,-93.98792,-93.46708,31.08292,31.74125,BKLT2
WGRFC,GPRT2,-97.43375,-97.02542,32.60375,32.94958,GPRT2
WGRFC,PNTT2,-96.30458,-95.85042,32.75792,33.22042,PNTT2
WGRFC,MLAU,-96.09625,-95.60458,32.49542,32.91208,MLAT2U
WGRFC,TRNT2,-96.32958,-95.79625,32.16625,32.66625,TRNT2
WGRFC,TDDT2,-96.65458,-96.09208,32.12875,32.54125,TDDT2
WGRFC,LOL1,-96.38792,-95.83792,31.97458,32.21625,LOLT21
WGRFC,JSPT2,-94.30458,-93.87125,30.99542,31.47875,JSPT2
WGRFC,EBBT2,-96.50042,-96.02542,29.51625,29.88708,EBBT2
WGRFC,MTHU,-98.33792,-97.89625,28.17458,28.75792,MTHT2U
WGRFC,HFFTU,-95.14208,-94.95458,30.22042,30.52875,HFFT2U
WGRFC,TBLT2,-94.45042,-93.92958,30.77042,31.15375,TBLT2
WGRFC,SKMT2,-97.92125,-97.61708,28.20375,28.49958,SKMT2
WGRFC,SPDT2,-95.39208,-95.13375,30.24125,30.53708,SPDT2
WGRFC,VICU,-97.32958,-97.09625,28.92875,29.21625,VICT2U
WGRFC,CODT2,-96.78375,-96.43792,29.15375,29.69542,CODT2
WGRFC,BOLT2,-96.32958,-95.87125,29.28292,29.60375,BOLT2
WGRFC,MTHT2,-98.45042,-97.81708,27.95375,28.36625,MTHT2
WGRFC,RMOT2,-96.21292,-95.71708,29.53708,29.94958,RMOT2
WGRFC,PRDT2,-104.43792,-104.22542,29.36625,29.82458,PRDT2
WGRFC,EDNM,-97.23375,-96.80458,29.15792,29.37042,EDNT2M
WGRFC,PTETU,-95.50875,-95.33792,30.16625,30.42875,PTET2U
WGRFC,GLIT2,-97.88375,-97.37125,28.59958,28.99542,GLIT2
WGRFC,HSJTU,-95.36708,-95.13375,30.09125,30.38708,HSJT2U
WGRFC,VICT2,-97.22542,-96.97958,28.78292,29.00792,VICT2
WGRFC,BRVT2,-93.63375,-93.31292,31.05792,31.55792,BRVT2
WGRFC,CKDT2,-97.43792,-97.14208,28.67458,28.91208,CKDT2
WGRFC,DWYT2,-94.00875,-93.59208,30.27875,30.69125,DWYT2
WGRFC,MTPT2,-96.32542,-96.07958,28.92042,29.24125,MTPT2
WGRFC,HSJT2,-95.27125,-95.04208,29.89542,30.14542,HSJT2
WGRFC,SWYT2,-95.95042,-95.64208,29.04542,29.41625,SWYT2
WGRFC,KOUT2,-94.81708,-94.15875,30.39542,30.87875,KOUT2
WGRFC,HFFT2,-95.09625,-94.90875,30.10375,30.28292,HFFT2
WGRFC,JULT2,-95.78792,-95.51708,29.44958,29.62042,JULT2
WGRFC,CBVT2,-97.92125,-97.72125,27.83708,28.21625,CBVT2
WGRFC,RRRC2,-107.55875,-107.19625,37.59542,37.85792,RRRC2
WGRFC,RWGC2,-107.41708,-106.66292,37.55375,37.97458,RWGC2
WGRFC,SRGC2,-106.88792,-106.56708,37.40792,37.68292,SRGC2
WGRFC,SNTT2,-97.77542,-97.50042,27.94958,28.15375,SNTT2
WGRFC,EVDT2,-94.20042,-93.92542,30.33708,30.93708,EVDT2
WGRFC,DUPT2,-97.21708,-96.96708,28.66625,28.84958,DUPT2
WGRFC,EDNT2,-97.22125,-96.65875,28.94958,29.28708,EDNT2
WGRFC,SOLT2,-94.74208,-94.31292,30.02875,30.55792,SOLT2
WGRFC,ALAC2,-106.40875,-105.74208,37.44542,37.80375,ALAC2
WGRFC,CERN5,-106.02958,-105.45875,36.72458,37.17875,CERN5
WGRFC,WCBT2,-95.99208,-95.52125,29.08292,29.60375,WCBT2
WGRFC,CAAT2,-97.78792,-97.62125,27.84542,27.99125,CAAT2
WGRFC,BEAT2,-94.64625,-93.97958,30.07875,30.54958,BEAT2
WGRFC,ORNT2,-93.80042,-93.60458,30.05792,30.34958,ORNT2
WGRFC,HAKT2,-95.56292,-95.19625,32.41208,32.80792,HAKT2
WGRFC,PDA1,-101.95458,-101.54208,30.57875,31.18708,PDAT21
WGRFC,SFIT2,-102.30458,-101.76292,30.36208,30.70792,SFIT2
WGRFC,PDA2,-101.61292,-101.26708,30.15375,30.69958,PDAT22
WGRFC,LTRT2,-101.64208,-101.24208,29.79542,30.23292,LTRT2
WGRFC,NUBT2,-100.20875,-99.82542,29.71208,30.09542,NUBT2
WGRFC,UVAT2,-100.27125,-99.89208,29.39542,29.95792,UVAT2
WGRFC,ULRT2,-99.87958,-99.70875,29.14125,29.42042,ULRT2
WGRFC,DBY1,-99.83375,-99.41292,28.77875,29.20375,DBYT21
WGRFC,TIL2,-99.61708,-98.90458,28.01208,28.53708,TILT22
WGRFC,FRRT2,-99.35875,-98.92542,27.52875,27.98708,FRRT2
WGRFC,TIL1,-99.11708,-98.70042,27.91625,28.31625,TILT21
WGRFC,WTTT2,-98.71292,-98.12125,28.59125,29.15375,WTTT2
WGRFC,MYAT2,-98.89208,-98.30042,28.85375,29.27875,MYAT2
WGRFC,REFT2,-97.96708,-97.25875,28.27042,28.74958,REFT2
