<?xml version="1.0" encoding="UTF-8"?>
<?xml-stylesheet type="text/xsl" href="fgdc_classic.xsl"?>
<metadata xmlns:xsi="http://www.w3.org/2001/XMLSchema-instance" xsi:noNamespaceSchemaLocation="https://water.usgs.gov/GIS/metadata/usgswrd/fgdc-std-001-1998.xsd">
  <idinfo>
    <citation>
      <citeinfo>
        <origin>Michael E. Wieczorek</origin>
        <origin>Andrew E. LaMotte</origin>
        <pubdate>20100101</pubdate>
        <title>Attributes for MRB_E2RF1 Catchments by Major River Basins in the Conterminous United States: Hydrologic Landscape Regions</title>
        <geoform>tabular digital data</geoform>
        <serinfo>
          <sername>Digital Data Series</sername>
          <issue>DS-491-10</issue>
        </serinfo>
        <pubinfo>
          <pubplace>Reston, Virginia</pubplace>
          <publish>U.S. Geological Survey</publish>
        </pubinfo>
        <onlink>https://doi.org/10.5066/P9715BUQ</onlink>
      </citeinfo>
    </citation>
    <descript>
      <abstract>This tabular data set represents the area of Hydrologic Landscape Regions (HLR) compiled for every 
MRB_E2RF1 catchment of the Major River Basins (MRBs, Crawford and others, 2006). The source 
data set is a 100-meter version of Hydrologic Landscape Regions of the United States (Wolock, 2003). 
HLR groups watersheds on the basis of similarities in land-surface form, geologic texture, and climate 
characteristics.
		
The MRB_E2RF1 catchments are based on a modified version of the U.S. Environmental Protection 
Agency's (USEPA) ERF1_2 and include enhancements to support national and regional-scale 
surface-water quality modeling (Nolan and others, 2002; Brakebill and others, 2011).
		
Data were compiled for every MRB_E2RF1 catchment for the conterminous United States 
covering New England and Mid-Atlantic (MRB1), South Atlantic-Gulf and Tennessee (MRB2), 
the Great Lakes, Ohio, Upper Mississippi, and Souris-Red-Rainy (MRB3), the Missouri (MRB4), 
the Lower Mississippi, Arkansas-White-Red, and Texas-Gulf (MRB5), the Rio Grande, Colorado, 
and the Great basin (MRB6), the Pacific Northwest (MRB7) river basins, and California (MRB8).</abstract>
      <purpose>This tabular data set was created and used by the U.S. Geological Survey (USGS) specifically to 
estimate areas of each HLR per watershed segment in the application of the national SPAtially 
Referenced Regression On Watershed attributes (SPARROW) model . The SPARROW model 
relates in-stream water-quality measurements to spatially referenced characteristics of watersheds, 
including contaminant sources and factors influencing terrestrial and stream transport. The model 
empirically estimates the origin and fate of contaminants in streams, and quantifies uncertainties in 
these estimates based on model coefficient error and unexplained variability in the observed data. 
For more information on the USGS SPARROW model please refer to: 
https://water.usgs.gov/nawqa/sparrow/intro/intro.html.</purpose>
    </descript>
    <timeperd>
      <timeinfo>
        <sngdate>
          <caldate>2002</caldate>
        </sngdate>
      </timeinfo>
      <current>publication date</current>
    </timeperd>
    <status>
      <progress>Complete</progress>
      <update>None planned</update>
    </status>
    <spdom>
      <bounding>
        <westbc>-127.910792</westbc>
        <eastbc>-65.327751</eastbc>
        <northbc>51.657387</northbc>
        <southbc>23.243486</southbc>
      </bounding>
    </spdom>
    <keywords>
      <theme>
        <themekt>USGS Thesaurus</themekt>
        <themekey>Hydrologic landscape regions</themekey>
        <themekey>Inlandwaters</themekey>
        <themekey>MRB_E2RF1</themekey>
        <themekey>MRB_E2RF1WS</themekey>
        <themekey>Catchment</themekey>
        <themekey>NAWQA</themekey>
        <themekey>SPARROW</themekey>
      </theme>
      <theme>
        <themekt>ISO 19115 Topic Category</themekt>
        <themekey>geoscientificInformation</themekey>
        <themekey>inlandWaters</themekey>
        <themekey>environment</themekey>
      </theme>
      <theme>
        <themekt>USGS Metadata Identifier</themekt>
        <themekey>USGS:12b7fdc3-f2ec-412e-acd0-7c35dc688ca3</themekey>
      </theme>
      <place>
        <placekt>Geographic Names Information System</placekt>
        <placekey>Conterminous United States</placekey>
        <placekey>MRB</placekey>
        <placekey>Major River Basins</placekey>
        <placekey>MRB1</placekey>
        <placekey>NEMA</placekey>
        <placekey>New England and Mid-Atlantic</placekey>
        <placekey>MRB2</placekey>
        <placekey>SAGT</placekey>
        <placekey>South Atlantic-Gulf and Tennessee</placekey>
        <placekey>MRB3</placekey>
        <placekey>GLMR</placekey>
        <placekey>Great Lakes, Ohio, Upper Mississippi, and Souris-Red-Rainy</placekey>
        <placekey>MRB4</placekey>
        <placekey>MORI</placekey>
        <placekey>Missouri</placekey>
        <placekey>MRB5</placekey>
        <placekey>LMTG</placekey>
        <placekey>Lower Mississippi, Arkansas-White-Red, and Texas-Gulf</placekey>
        <placekey>MRB6</placekey>
        <placekey>COGB</placekey>
        <placekey>Rio Grande, Colorado, and Great Basin</placekey>
        <placekey>MRB7</placekey>
        <placekey>PANW</placekey>
        <placekey>Pacific Northwest</placekey>
        <placekey>MRB8</placekey>
        <placekey>CALI</placekey>
        <placekey>California</placekey>
      </place>
    </keywords>
    <accconst>None</accconst>
    <useconst>None</useconst>
    <ptcontac>
      <cntinfo>
        <cntperp>
          <cntper>Michael E. Wieczorek</cntper>
          <cntorg>U.S. Geological Survey</cntorg>
        </cntperp>
        <cntaddr>
          <addrtype>mailing address</addrtype>
          <address>5522 Research Park Drive</address>
          <city>Baltimore</city>
          <state>MD</state>
          <postal>21228</postal>
          <country>USA</country>
        </cntaddr>
        <cntvoice>443-498-5550</cntvoice>
        <cntfax>443-498-5510</cntfax>
        <cntemail>mewieczo@usgs.gov</cntemail>
      </cntinfo>
    </ptcontac>
    <browse>
      <browsen>https://www.sciencebase.gov/catalog/file/get/631405c8d34e36012efa3226?name=mrb_e2rf1_hlr.jpg</browsen>
      <browsed>Illlustration of data set</browsed>
      <browset>JPG</browset>
    </browse>
    <native>Microsoft Windows XP Version 5.1 (Build 2600) Service Pack 3; ESRI ArcCatalog 9.3.1.3000</native>
    <crossref>
      <citeinfo>
        <origin>Charles G. Crawford</origin>
        <origin>Pixie A. Hamilton</origin>
        <origin>Anne B. Hoos</origin>
        <pubdate>October 5, 2006</pubdate>
        <title>National Water-Quality Assessment Program--Modifications to the Status and Trends Network and Assessments of Streams and Rivers</title>
        <pubinfo>
          <pubplace>Reston, Virginia</pubplace>
          <publish>U.S. Geological Survey</publish>
        </pubinfo>
        <othercit>Prepared by Charlie Crawford, Pixie Hamilton, and Anne Hoos for a NAWQA National Liaison Meeting, Washington D.C., October 5, 2006.</othercit>
        <onlink>https://water.usgs.gov/nawqa/studies/mrb/mrb_factsheet.pdf</onlink>
      </citeinfo>
    </crossref>
  </idinfo>
  <dataqual>
    <logic>The values of the items were verified for computational accuracy by the author and reviewers.</logic>
    <complete>Complete</complete>
    <lineage>
      <srcinfo>
        <srccite>
          <citeinfo>
            <origin>Jacqueline V. Nolan</origin>
            <origin>John W. Brakebill</origin>
            <origin>Richard B. Alexander</origin>
            <origin>Gregory E. Schwarz</origin>
            <pubdate>Febuary 22, 2002</pubdate>
            <title>ERF1_2 -- Enhanced River Reach File 2.0</title>
            <geoform>vector digital data</geoform>
            <serinfo>
              <sername>USGS Open-File Report</sername>
              <issue>USGS Open-File Report 02-40</issue>
            </serinfo>
            <pubinfo>
              <pubplace>Reston, Virginia</pubplace>
              <publish>U.S. Geological Survey</publish>
            </pubinfo>
            <onlink>https://doi.org/10.5066/P9JVHVND</onlink>
          </citeinfo>
        </srccite>
        <typesrc>online</typesrc>
        <srctime>
          <timeinfo>
            <sngdate>
              <caldate>2010</caldate>
            </sngdate>
          </timeinfo>
          <srccurr>publication date</srccurr>
        </srctime>
        <srccitea>ERF1_2</srccitea>
        <srccontr>The modified version of the source data provided a reach network to construct reach catchments for MRBs and subsequent processing (J.W. Brakebill, U.S. Geological Survey, written commun., 2008).</srccontr>
      </srcinfo>
      <srcinfo>
        <srccite>
          <citeinfo>
            <origin>John W. Brakebill</origin>
            <origin>Silvia E. Terziotti</origin>
            <pubdate>20110222</pubdate>
            <title>A Digital Hydrologic Network Supporting NAWQA MRB SPARROW Modeling--MRB_E2RF1WS</title>
            <geoform>raster digital data</geoform>
            <serinfo>
              <sername>General Information</sername>
              <issue>Web Only</issue>
            </serinfo>
            <pubinfo>
              <pubplace>Baltimore, MD</pubplace>
              <publish>U.S. Geological Survey</publish>
            </pubinfo>
            <onlink>https://doi.org/10.5066/P9EQBCK0</onlink>
          </citeinfo>
        </srccite>
        <typesrc>online</typesrc>
        <srctime>
          <timeinfo>
            <sngdate>
              <caldate>2011</caldate>
            </sngdate>
          </timeinfo>
          <srccurr>publication date</srccurr>
        </srctime>
        <srccitea>MRB_E2RF1WS</srccitea>
        <srccontr>The source data provided reach catchments for MRBs and subsequent processing.</srccontr>
      </srcinfo>
      <srcinfo>
        <srccite>
          <citeinfo>
            <origin>LaMotte, Andrew E.</origin>
            <origin>Wieczorek, Michael E.</origin>
            <pubdate>2010</pubdate>
            <title>National Land Cover Database 2001 (NLCD01) Canopy Layer Tile 1, Northwest United States: CNPY01_1</title>
            <geoform>raster digital data</geoform>
            <serinfo>
              <sername>In Review</sername>
              <issue>In Review</issue>
            </serinfo>
            <pubinfo>
              <pubplace>Reston, VA</pubplace>
              <publish>U.S. Geological Survey</publish>
            </pubinfo>
          </citeinfo>
        </srccite>
        <typesrc>online</typesrc>
        <srctime>
          <timeinfo>
            <sngdate>
              <caldate>2001</caldate>
            </sngdate>
          </timeinfo>
          <srccurr>ground condition</srccurr>
        </srctime>
        <srccitea>NLCD01</srccitea>
        <srccontr>The source data provided information on land cover.</srccontr>
      </srcinfo>
      <srcinfo>
        <srccite>
          <citeinfo>
            <origin>Wolock, David M.</origin>
            <pubdate>2003</pubdate>
            <title>Hydrologic Landscape Regions of the United States</title>
            <geoform>raster digital data</geoform>
            <serinfo>
              <sername>Open-File Report</sername>
              <issue>03-145</issue>
            </serinfo>
            <pubinfo>
              <pubplace>Reston, VA</pubplace>
              <publish>U.S. Geological Survey</publish>
            </pubinfo>
            <onlink>https://water.usgs.gov/GIS/metadata/usgswrd/XML/hlrus.xml</onlink>
          </citeinfo>
        </srccite>
        <typesrc>online</typesrc>
        <srctime>
          <timeinfo>
            <sngdate>
              <caldate>2003</caldate>
            </sngdate>
          </timeinfo>
          <srccurr>publication date</srccurr>
        </srctime>
        <srccitea>HLR</srccitea>
        <srccontr>HLR coverage provided data for basin number calculations.</srccontr>
      </srcinfo>
      <procstep>
        <procdesc>1) Downloaded the raster coverage of HLRs from https://water.usgs.gov/GIS/metadata/usgswrd/XML/hlrus.xml.

2) Summarized the area of each HLR per catchment by using the COMBINE command in GRID. The COMBINE command combines the HLRs and catchment GRIDs into one coverage. The resulting GRID automatically tables the area of each HLR per catchment.

3) Exported results into a dbf file format.</procdesc>
        <procdate>2008</procdate>
      </procstep>
      <procstep>
        <procdesc>Metadata imported.</procdesc>
        <srcused>T:\MRB\meta\RF1\xml\hlr_rf1.xml</srcused>
        <procdate>20100824</procdate>
        <proctime>16511300</proctime>
      </procstep>
    </lineage>
  </dataqual>
  <spdoinfo>
    <direct>Vector</direct>
    <ptvctinf>
      <sdtsterm>
        <sdtstype>Complete chain</sdtstype>
        <ptvctcnt>66157</ptvctcnt>
      </sdtsterm>
      <sdtsterm>
        <sdtstype>Node, planar graph</sdtstype>
        <ptvctcnt>66613</ptvctcnt>
      </sdtsterm>
    </ptvctinf>
  </spdoinfo>
  <spref>
    <horizsys>
      <planar>
        <mapproj>
          <mapprojn>Albers Conical Equal Area</mapprojn>
          <albers>
            <stdparll>29.500000</stdparll>
            <stdparll>45.500000</stdparll>
            <longcm>-96.000000</longcm>
            <latprjo>23.000000</latprjo>
            <feast>0.000000</feast>
            <fnorth>0.000000</fnorth>
          </albers>
        </mapproj>
        <planci>
          <plance>coordinate pair</plance>
          <coordrep>
            <absres>10.000000</absres>
            <ordres>10.000000</ordres>
          </coordrep>
          <plandu>meters</plandu>
        </planci>
      </planar>
      <geodetic>
        <horizdn>North American Datum of 1983</horizdn>
        <ellips>Geodetic Reference System 80</ellips>
        <semiaxis>6378137.000000</semiaxis>
        <denflat>298.257222</denflat>
      </geodetic>
    </horizsys>
  </spref>
  <eainfo>
    <detailed>
      <enttyp>
        <enttypl>hlr_rf1</enttypl>
        <enttypd>dbf tabular data</enttypd>
        <enttypds>ESRI</enttypds>
      </enttyp>
      <attr>
        <attrlabl>COV_PERC</attrlabl>
        <attrdef>Percent of catchment that source GRID covers</attrdef>
        <attrdefs>U.S. Geological Survey</attrdefs>
        <attrdomv>
          <rdom>
            <rdommin>0.0</rdommin>
            <rdommax>100.0</rdommax>
            <attrunit>Percentage</attrunit>
          </rdom>
        </attrdomv>
      </attr>
      <attr>
        <attrlabl>OID</attrlabl>
        <attrdef>Internal feature number</attrdef>
        <attrdefs>ESRI</attrdefs>
        <attrdomv>
          <udom>Sequential unique whole numbers that are automatically generated</udom>
        </attrdomv>
      </attr>
      <attr>
        <attrlabl>HLR_1</attrlabl>
        <attrdef>Estimated area of catchment that is classified by HLR type: 1, Subhumid plains with permeable soils and bedrock in square meters.</attrdef>
        <attrdefs>U.S. Geological Survey</attrdefs>
        <attrdomv>
          <rdom>
            <rdommin>100</rdommin>
            <rdommax>2066510700</rdommax>
            <attrunit>Square meters</attrunit>
          </rdom>
        </attrdomv>
      </attr>
      <attr>
        <attrlabl>HLR_2</attrlabl>
        <attrdef>Estimated area of catchment that is classified by HLR type: 2, Humid plains with permeable soils and bedrock in square meters.</attrdef>
        <attrdefs>U.S. Geological Survey</attrdefs>
        <attrdomv>
          <rdom>
            <rdommin>100</rdommin>
            <rdommax>2066510700</rdommax>
            <attrunit>Square meters</attrunit>
          </rdom>
        </attrdomv>
      </attr>
      <attr>
        <attrlabl>HLR_3</attrlabl>
        <attrdef>Estimated area of catchment that is classified by HLR type: 3, Subhumid plains with impermeable soils and permeable bedrock in square meters.</attrdef>
        <attrdefs>U.S. Geological Survey</attrdefs>
        <attrdomv>
          <rdom>
            <rdommin>100</rdommin>
            <rdommax>2066510700</rdommax>
            <attrunit>Square meters</attrunit>
          </rdom>
        </attrdomv>
      </attr>
      <attr>
        <attrlabl>HLR_4</attrlabl>
        <attrdef>Estimated area of catchment that is classified by HLR type: 4, Humid plains with permeable soils and bedrock in square meters.</attrdef>
        <attrdefs>U.S. Geological Survey</attrdefs>
        <attrdomv>
          <rdom>
            <rdommin>100</rdommin>
            <rdommax>2066510700</rdommax>
            <attrunit>Square meters</attrunit>
          </rdom>
        </attrdomv>
      </attr>
      <attr>
        <attrlabl>HLR_5</attrlabl>
        <attrdef>Estimated area of catchment that is classified by HLR type: 5, Arid plains with permeable soils and bedrock in square meters.</attrdef>
        <attrdefs>U.S. Geological Survey</attrdefs>
        <attrdomv>
          <rdom>
            <rdommin>100</rdommin>
            <rdommax>2066510700</rdommax>
            <attrunit>Square meters</attrunit>
          </rdom>
        </attrdomv>
      </attr>
      <attr>
        <attrlabl>HLR_6</attrlabl>
        <attrdef>Estimated area of catchment that is classified by HLR type: 6, Subhumid plains with impermeable soils and bedrock in square meters.</attrdef>
        <attrdefs>U.S. Geological Survey</attrdefs>
        <attrdomv>
          <rdom>
            <rdommin>100</rdommin>
            <rdommax>2066510700</rdommax>
            <attrunit>Square meters</attrunit>
          </rdom>
        </attrdomv>
      </attr>
      <attr>
        <attrlabl>HLR_7</attrlabl>
        <attrdef>Estimated area of catchment that is classified by HLR type: 7, Humid plains with permeable soils and impermeable bedrock in square meters.</attrdef>
        <attrdefs>U.S. Geological Survey</attrdefs>
        <attrdomv>
          <rdom>
            <rdommin>100</rdommin>
            <rdommax>2066510700</rdommax>
            <attrunit>Square meters</attrunit>
          </rdom>
        </attrdomv>
      </attr>
      <attr>
        <attrlabl>HLR_8</attrlabl>
        <attrdef>Estimated area of catchment that is classified by HLR type: 8, Semiarid plains with impermeable soils and bedrock in square meters.</attrdef>
        <attrdefs>U.S. Geological Survey</attrdefs>
        <attrdomv>
          <rdom>
            <rdommin>100</rdommin>
            <rdommax>2066510700</rdommax>
            <attrunit>Square meters</attrunit>
          </rdom>
        </attrdomv>
      </attr>
      <attr>
        <attrlabl>HLR_9</attrlabl>
        <attrdef>Estimated area of catchment that is classified by HLR type: 9, Humid plateaus with impermeable soils and permeable bedrock in square meters.</attrdef>
        <attrdefs>U.S. Geological Survey</attrdefs>
        <attrdomv>
          <rdom>
            <rdommin>100</rdommin>
            <rdommax>2066510700</rdommax>
            <attrunit>Square meters</attrunit>
          </rdom>
        </attrdomv>
      </attr>
      <attr>
        <attrlabl>HLR_10</attrlabl>
        <attrdef>Estimated area of catchment that is classified by HLR type: 10, Arid plateaus with impermeable soils and permeable bedrock in square meters.</attrdef>
        <attrdefs>U.S. Geological Survey</attrdefs>
        <attrdomv>
          <rdom>
            <rdommin>100</rdommin>
            <rdommax>2066510700</rdommax>
            <attrunit>Square meters</attrunit>
          </rdom>
        </attrdomv>
      </attr>
      <attr>
        <attrlabl>HLR_11</attrlabl>
        <attrdef>Estimated area of catchment that is classified by HLR type: 11, Humid plateaus with impermeable soils and bedrock in square meters.</attrdef>
        <attrdefs>U.S. Geological Survey</attrdefs>
        <attrdomv>
          <rdom>
            <rdommin>100</rdommin>
            <rdommax>2066510700</rdommax>
            <attrunit>Square meters</attrunit>
          </rdom>
        </attrdomv>
      </attr>
      <attr>
        <attrlabl>HLR_12</attrlabl>
        <attrdef>Estimated area of catchment that is classified by HLR type: 12, Semiarid plateaus with permeable soils and impermeable bedrock in square meters.</attrdef>
        <attrdefs>U.S. Geological Survey</attrdefs>
        <attrdomv>
          <rdom>
            <rdommin>100</rdommin>
            <rdommax>2066510700</rdommax>
            <attrunit>Square meters</attrunit>
          </rdom>
        </attrdomv>
      </attr>
      <attr>
        <attrlabl>HLR_13</attrlabl>
        <attrdef>Estimated area of catchment that is classified by HLR type: 13, Semiarid plateaus with impermeable soils and bedrock in square meters.</attrdef>
        <attrdefs>U.S. Geological Survey</attrdefs>
        <attrdomv>
          <rdom>
            <rdommin>100</rdommin>
            <rdommax>2066510700</rdommax>
            <attrunit>Square meters</attrunit>
          </rdom>
        </attrdomv>
      </attr>
      <attr>
        <attrlabl>HLR_14</attrlabl>
        <attrdef>Estimated area of catchment that is classified by HLR type: 14, Arid playas with permeable soils and bedrock in square meters.</attrdef>
        <attrdefs>U.S. Geological Survey</attrdefs>
        <attrdomv>
          <rdom>
            <rdommin>100</rdommin>
            <rdommax>2066510700</rdommax>
            <attrunit>Square meters</attrunit>
          </rdom>
        </attrdomv>
      </attr>
      <attr>
        <attrlabl>HLR_15</attrlabl>
        <attrdef>Estimated area of catchment that is classified by HLR type: 15, Semiarid mountains with impermeable soils and permeable bedrock in square meters.</attrdef>
        <attrdefs>U.S. Geological Survey</attrdefs>
        <attrdomv>
          <rdom>
            <rdommin>100</rdommin>
            <rdommax>2066510700</rdommax>
            <attrunit>Square meters</attrunit>
          </rdom>
        </attrdomv>
      </attr>
      <attr>
        <attrlabl>HLR_16</attrlabl>
        <attrdef>Estimated area of catchment that is classified by HLR type: 16, Humid mountains with permeable soils and impermeable bedrock in square meters.</attrdef>
        <attrdefs>U.S. Geological Survey</attrdefs>
        <attrdomv>
          <rdom>
            <rdommin>100</rdommin>
            <rdommax>2066510700</rdommax>
            <attrunit>Square meters</attrunit>
          </rdom>
        </attrdomv>
      </attr>
      <attr>
        <attrlabl>HLR_17</attrlabl>
        <attrdef>Estimated area of catchment that is classified by HLR type: 17, Semiarid mountains with impermeable soils and bedrock in square meters.</attrdef>
        <attrdefs>U.S. Geological Survey</attrdefs>
        <attrdomv>
          <rdom>
            <rdommin>100</rdommin>
            <rdommax>2066510700</rdommax>
            <attrunit>Square meters</attrunit>
          </rdom>
        </attrdomv>
      </attr>
      <attr>
        <attrlabl>HLR_18</attrlabl>
        <attrdef>Estimated area of catchment that is classified by HLR type: 18, Semiarid mountains with permeable soils and impermeable bedrock in square meters.</attrdef>
        <attrdefs>U.S. Geological Survey</attrdefs>
        <attrdomv>
          <rdom>
            <rdommin>100</rdommin>
            <rdommax>2066510700</rdommax>
            <attrunit>Square meters</attrunit>
          </rdom>
        </attrdomv>
      </attr>
      <attr>
        <attrlabl>HLR_19</attrlabl>
        <attrdef>Estimated area of catchment that is classified by HLR type: 19, Very humid mountains with permeable soils and impermeable bedrock in square meters.</attrdef>
        <attrdefs>U.S. Geological Survey</attrdefs>
        <attrdomv>
          <rdom>
            <rdommin>100</rdommin>
            <rdommax>2066510700</rdommax>
            <attrunit>Square meters</attrunit>
          </rdom>
        </attrdomv>
      </attr>
      <attr>
        <attrlabl>HLR_20</attrlabl>
        <attrdef>Estimated area of catchment that is classified by HLR type: 20, Humid mountains with permeable soils and impermeable bedrock in square meters.</attrdef>
        <attrdefs>U.S. Geological Survey</attrdefs>
        <attrdomv>
          <rdom>
            <rdommin>100</rdommin>
            <rdommax>2066510700.0</rdommax>
            <attrunit>Square meters</attrunit>
          </rdom>
        </attrdomv>
      </attr>
      <attr>
        <attrlabl>HLR_AREA</attrlabl>
        <attrdef>Area of catchment that source GRID covers</attrdef>
        <attrdefs>U.S. Geological Survey</attrdefs>
        <attrdomv>
          <rdom>
            <rdommin>0</rdommin>
            <rdommax>2066510700</rdommax>
            <attrunit>Square meters</attrunit>
          </rdom>
        </attrdomv>
      </attr>
      <attr>
        <attrlabl>RF1ID</attrlabl>
        <attrdef>Unique ID to relate to the item MRB_ID in the MRB_E2RF1WS catchment and MRB_E2RF1 reach coverages.</attrdef>
        <attrdefs>U.S. Geological Survey</attrdefs>
        <attrdomv>
          <udom>Sequential unique whole numbers that are automatically generated</udom>
        </attrdomv>
      </attr>
      <attr>
        <attrlabl>BASIN_AREA</attrlabl>
        <attrdef>Area of catchment in square meters</attrdef>
        <attrdefs>U.S. Geological Survey</attrdefs>
        <attrdomv>
          <rdom>
            <rdommin>100</rdommin>
            <rdommax>2066510700</rdommax>
            <attrunit>Square meters</attrunit>
          </rdom>
        </attrdomv>
      </attr>
      <attr>
        <attrlabl>NODATA_ARE</attrlabl>
        <attrdef>Area of catchment that source GRID does not cover in square meters</attrdef>
        <attrdefs>U.S. Geological Survey</attrdefs>
        <attrdomv>
          <rdom>
            <rdommin>0.0</rdommin>
            <rdommax>204590700000.0</rdommax>
            <attrunit>Square meters</attrunit>
          </rdom>
        </attrdomv>
      </attr>
    </detailed>
  </eainfo>
  <distinfo>
    <distrib>
      <cntinfo>
        <cntorgp>
          <cntorg>U.S. Geological Survey</cntorg>
          <cntper>GS ScienceBase</cntper>
        </cntorgp>
        <cntaddr>
          <addrtype>mailing address</addrtype>
          <address>Denver Federal Center, Building 810, Mail Stop 302</address>
          <city>Denver</city>
          <state>CO</state>
          <postal>80225</postal>
          <country>United States</country>
        </cntaddr>
        <cntvoice>1-888-275-8747</cntvoice>
        <cntemail>sciencebase@usgs.gov</cntemail>
      </cntinfo>
    </distrib>
    <resdesc>Downloadable Data</resdesc>
    <distliab>Although this dataset has been used by the U.S. Geological Survey, U.S. Department of the Interior, 
no warranty expressed or implied is made by the U.S. Geological Survey as to the accuracy of the data 
and related materials. The act of distribution shall not constitute any such warranty, and no responsibility 
is assumed by the U.S. Geological Survey in the use of these data, software, or related materials.
		
Any use of trade, product, or firm names is for descriptive purposes only and does not imply endorsement 
by the U.S. Government.</distliab>
    <stdorder>
      <digform>
        <digtinfo>
          <formname>Digital Data</formname>
        </digtinfo>
        <digtopt>
          <onlinopt>
            <computer>
              <networka>
                <networkr>https://doi.org/10.5066/P9715BUQ</networkr>
              </networka>
            </computer>
          </onlinopt>
        </digtopt>
      </digform>
      <fees>None</fees>
    </stdorder>
  </distinfo>
  <metainfo>
    <metd>20201117</metd>
    <metc>
      <cntinfo>
        <cntorgp>
          <cntorg>U.S. Geological Survey</cntorg>
          <cntper>Water Mission Area</cntper>
        </cntorgp>
        <cntaddr>
          <addrtype>mailing</addrtype>
          <address>12201 Sunrise Valley Dr</address>
          <city>Reston</city>
          <state>VA</state>
          <postal>20192</postal>
        </cntaddr>
        <cntemail>GS-W-model-data@usgs.gov</cntemail>
      </cntinfo>
    </metc>
    <metstdn>FGDC Content Standards for Digital Geospatial Metadata</metstdn>
    <metstdv>FGDC-STD-001-1998</metstdv>
  </metainfo>
</metadata>
